shipment_id,ship_date,region,transport_mode,distance_km,shipment_volume_kg,delivery_time_hours,sla_hours,on_time,transport_cost_usd,customer_satisfaction,month,cost_per_kg
SHP00001,2025-07-11,South,Sea,909.4,1588.8,64.35,50,False,264.67,3.45,2025-07,0.167
SHP00002,2025-05-11,Central,Rail,667.7,274.5,18.72,30,True,379.74,4.36,2025-05,1.383
SHP00003,2025-09-21,Central,Rail,564.0,392.7,26.41,30,True,302.66,3.53,2025-09,0.771
SHP00004,2025-08-03,North,Sea,986.0,134.5,89.37,50,False,265.35,2.37,2025-08,1.973
SHP00005,2025-10-28,East,Sea,836.9,730.2,44.64,50,True,213.51,3.37,2025-10,0.292
SHP00006,2025-05-15,North,Sea,453.1,699.6,50.31,50,False,125.25,3.53,2025-05,0.179
SHP00007,2025-05-11,Central,Road,347.3,201.8,29.93,24,False,266.53,3.79,2025-05,1.321
SHP00008,2025-02-21,West,Rail,647.7,1649.4,18.97,30,True,408.56,4.21,2025-02,0.248
SHP00009,2025-05-14,East,Rail,768.0,159.9,40.34,30,False,377.06,3.53,2025-05,2.358
SHP00010,2025-05-01,East,Road,630.3,334.0,16.87,24,True,616.55,3.58,2025-05,1.846
SHP00011,2025-04-06,West,Sea,661.8,326.6,28.74,50,True,172.98,4.67,2025-04,0.53
SHP00012,2025-12-09,East,Road,392.8,393.6,27.27,24,False,363.45,3.63,2025-12,0.923
SHP00013,2025-04-08,South,Sea,481.1,276.1,51.64,50,False,120.3,4.33,2025-04,0.436
SHP00014,2025-12-18,West,Road,224.4,242.3,27.87,24,False,183.31,3.44,2025-12,0.757
SHP00015,2025-09-20,North,Sea,818.8,43.7,63.89,50,False,236.87,3.4,2025-09,5.42
SHP00016,2025-05-11,West,Sea,1250.5,3964.9,69.44,50,False,476.45,2.57,2025-05,0.12
SHP00017,2025-06-10,Central,Road,600.2,2017.7,15.95,24,True,607.92,4.3,2025-06,0.301
SHP00018,2025-01-22,North,Road,307.8,148.2,17.95,24,True,332.7,4.23,2025-01,2.245
SHP00019,2025-11-13,South,Sea,1011.5,325.2,75.02,50,False,233.09,2.78,2025-11,0.717
SHP00020,2025-04-05,East,Rail,656.0,478.9,27.54,30,True,393.37,2.88,2025-04,0.821
SHP00021,2025-12-26,Central,Sea,409.0,103.2,15.63,50,True,106.82,5.0,2025-12,1.035
SHP00022,2025-02-08,North,Road,202.9,1409.0,9.17,24,True,232.42,4.45,2025-02,0.165
SHP00023,2025-05-22,South,Sea,770.6,508.5,118.34,50,False,230.04,1.73,2025-05,0.452
SHP00024,2025-12-08,Central,Road,256.7,326.0,9.91,24,True,254.04,3.95,2025-12,0.779
SHP00025,2025-12-16,South,Road,473.9,74.3,20.06,24,True,470.26,3.92,2025-12,6.329
SHP00026,2025-05-09,East,Rail,179.1,477.1,16.92,30,True,117.4,4.92,2025-05,0.246
SHP00027,2025-10-05,North,Road,465.4,94.5,19.1,24,True,434.44,4.89,2025-10,4.597
SHP00028,2025-04-10,West,Road,198.2,495.8,8.42,24,True,204.06,5.0,2025-04,0.412
SHP00029,2025-11-21,North,Road,838.6,111.4,20.57,24,True,828.63,3.96,2025-11,7.438
SHP00030,2025-09-25,West,Rail,785.8,928.5,44.68,30,False,477.78,3.05,2025-09,0.515
SHP00031,2025-08-05,South,Sea,506.1,486.3,46.5,50,True,151.87,4.55,2025-08,0.312
SHP00032,2025-07-09,West,Road,521.4,212.9,18.7,24,True,450.19,4.68,2025-07,2.115
SHP00033,2025-01-19,East,Road,682.9,873.1,30.22,24,False,561.63,2.81,2025-01,0.643
SHP00034,2025-02-22,South,Road,466.9,358.8,35.15,24,False,396.28,2.26,2025-02,1.104
SHP00035,2025-09-10,West,Air,1967.4,179.9,21.92,14,False,9166.52,2.55,2025-09,50.953
SHP00036,2025-12-08,South,Road,694.6,419.9,24.28,24,False,649.88,3.32,2025-12,1.548
SHP00037,2025-01-01,West,Rail,589.1,307.3,23.27,30,True,311.19,3.55,2025-01,1.013
SHP00038,2025-10-30,South,Road,575.3,40.1,25.19,24,False,535.13,3.65,2025-10,13.345
SHP00039,2025-02-23,Central,Road,636.2,412.4,19.76,24,True,671.99,4.45,2025-02,1.629
SHP00040,2025-03-31,North,Road,435.1,365.1,19.16,24,True,383.27,3.39,2025-03,1.05
SHP00041,2025-08-28,South,Road,291.4,258.4,24.08,24,False,237.75,4.07,2025-08,0.92
SHP00042,2025-03-04,South,Sea,1311.0,1166.2,58.76,50,False,330.89,3.96,2025-03,0.284
SHP00043,2025-01-23,East,Road,323.4,491.2,14.75,24,True,310.52,4.17,2025-01,0.632
SHP00044,2025-03-13,East,Road,539.3,117.7,22.78,24,True,538.85,3.79,2025-03,4.578
SHP00045,2025-03-16,East,Sea,523.8,243.0,61.53,50,False,151.65,3.07,2025-03,0.624
SHP00046,2025-02-20,North,Road,329.3,139.1,21.23,24,True,339.74,3.22,2025-02,2.442
SHP00047,2025-04-21,West,Air,3516.5,354.4,11.56,14,True,12628.71,4.47,2025-04,35.634
SHP00048,2025-10-04,North,Road,209.1,625.7,17.89,24,True,199.59,3.92,2025-10,0.319
SHP00049,2025-12-16,North,Road,374.3,158.9,22.13,24,True,322.49,3.95,2025-12,2.03
SHP00050,2025-12-31,North,Road,434.7,200.8,20.7,24,True,403.39,4.75,2025-12,2.009
SHP00051,2025-01-28,North,Road,484.7,199.1,21.56,24,True,452.56,3.64,2025-01,2.273
SHP00052,2025-04-21,North,Road,276.8,152.4,19.99,24,True,253.5,4.74,2025-04,1.663
SHP00053,2025-11-11,East,Air,5012.1,1410.7,9.88,14,True,18705.06,4.53,2025-11,13.259
SHP00054,2025-11-07,Central,Rail,543.1,325.5,12.36,30,True,288.02,4.49,2025-11,0.885
SHP00055,2025-07-22,Central,Road,584.9,459.8,21.91,24,True,564.66,4.27,2025-07,1.228
SHP00056,2025-11-16,East,Road,274.2,674.2,23.99,24,True,272.52,3.25,2025-11,0.404
SHP00057,2025-06-17,North,Road,356.5,619.6,18.34,24,True,301.38,4.24,2025-06,0.486
SHP00058,2025-03-17,West,Road,671.7,807.9,13.63,24,True,637.29,4.52,2025-03,0.789
SHP00059,2025-03-03,South,Sea,880.5,631.2,53.94,50,False,251.55,2.91,2025-03,0.399
SHP00060,2025-06-02,South,Sea,1166.6,279.4,68.75,50,False,300.48,3.86,2025-06,1.075
SHP00061,2025-01-15,South,Road,260.7,423.9,17.28,24,True,265.49,4.75,2025-01,0.626
SHP00062,2025-11-18,Central,Road,503.7,1676.9,27.76,24,False,489.44,3.21,2025-11,0.292
SHP00063,2025-05-10,West,Sea,1086.1,254.9,45.96,50,True,296.08,3.38,2025-05,1.162
SHP00064,2025-08-06,North,Rail,1440.0,642.5,24.64,30,True,864.1,3.27,2025-08,1.345
SHP00065,2025-04-16,East,Road,355.5,420.8,19.85,24,True,338.36,4.23,2025-04,0.804
SHP00066,2025-11-05,West,Road,279.9,258.3,17.78,24,True,270.83,3.49,2025-11,1.049
SHP00067,2025-12-30,South,Sea,999.5,50.0,43.94,50,True,221.15,3.79,2025-12,4.423
SHP00068,2025-02-18,Central,Road,196.8,517.7,14.37,24,True,182.29,4.09,2025-02,0.352
SHP00069,2025-07-30,North,Sea,571.6,149.0,36.5,50,True,147.53,4.17,2025-07,0.99
SHP00070,2025-04-23,South,Road,167.3,1508.5,11.79,24,True,233.94,5.0,2025-04,0.155
SHP00071,2025-03-28,South,Rail,548.8,288.8,24.16,30,True,282.91,4.93,2025-03,0.98
SHP00072,2025-08-17,Central,Sea,575.4,1014.2,19.49,50,True,150.45,5.0,2025-08,0.148
SHP00073,2025-08-11,North,Rail,546.4,328.2,27.14,30,True,351.22,3.37,2025-08,1.07
SHP00074,2025-07-14,South,Road,750.1,806.7,35.37,24,False,615.44,3.42,2025-07,0.763
SHP00075,2025-05-08,East,Road,185.8,1957.3,15.98,24,True,225.41,4.27,2025-05,0.115
SHP00076,2025-01-29,East,Air,890.8,118.8,6.0,14,True,3678.48,4.46,2025-01,30.964
SHP00077,2025-03-28,North,Sea,426.4,93.1,52.22,50,False,113.54,3.17,2025-03,1.22
SHP00078,2025-02-15,West,Road,236.1,4840.1,20.53,24,True,343.51,3.79,2025-02,0.071
SHP00079,2025-04-08,West,Road,438.5,175.8,16.4,24,True,343.82,4.53,2025-04,1.956
SHP00080,2025-03-14,North,Road,372.0,133.1,18.2,24,True,310.39,4.23,2025-03,2.332
SHP00081,2025-12-20,East,Rail,551.2,762.8,16.48,30,True,350.28,4.36,2025-12,0.459
SHP00082,2025-07-17,West,Sea,457.9,490.7,67.73,50,False,136.33,3.74,2025-07,0.278
SHP00083,2025-06-25,North,Rail,1081.8,130.9,49.63,30,False,570.79,2.42,2025-06,4.361
SHP00084,2025-06-20,West,Air,1141.3,1367.8,9.18,14,True,5228.37,4.29,2025-06,3.822
SHP00085,2025-11-07,South,Air,1793.0,271.6,10.37,14,True,7699.76,4.61,2025-11,28.35
SHP00086,2025-12-25,East,Sea,906.5,345.6,50.22,50,False,221.7,3.59,2025-12,0.641
SHP00087,2025-03-14,East,Air,1970.8,357.4,13.82,14,True,8593.34,3.6,2025-03,24.044
SHP00088,2025-03-13,North,Road,276.4,830.2,18.83,24,True,271.58,4.11,2025-03,0.327
SHP00089,2025-09-18,Central,Rail,764.8,3676.7,15.03,30,True,503.85,5.0,2025-09,0.137
SHP00090,2025-03-30,West,Road,1171.4,615.6,33.38,24,False,1264.56,2.66,2025-03,2.054
SHP00091,2025-02-07,East,Rail,470.5,284.6,31.49,30,False,263.54,3.21,2025-02,0.926
SHP00092,2025-12-15,South,Air,1231.6,400.4,7.48,14,True,3740.83,4.1,2025-12,9.343
SHP00093,2025-10-31,Central,Rail,866.1,2478.0,42.27,30,False,522.59,2.73,2025-10,0.211
SHP00094,2025-12-29,West,Sea,1100.1,1155.6,55.93,50,False,305.56,3.56,2025-12,0.264
SHP00095,2025-12-10,South,Sea,418.1,876.6,16.15,50,True,127.87,4.48,2025-12,0.146
SHP00096,2025-11-20,West,Road,695.5,326.1,20.75,24,True,662.12,3.63,2025-11,2.03
SHP00097,2025-01-07,South,Air,2120.7,214.8,8.57,14,True,8514.84,4.59,2025-01,39.641
SHP00098,2025-10-12,North,Sea,1134.4,267.4,51.56,50,False,293.69,4.23,2025-10,1.098
SHP00099,2025-09-19,West,Road,448.6,242.8,15.63,24,True,471.73,3.79,2025-09,1.943
SHP00100,2025-07-27,West,Road,207.1,140.6,13.75,24,True,198.23,5.0,2025-07,1.41
SHP00101,2025-08-10,East,Road,364.1,138.7,15.94,24,True,327.55,3.63,2025-08,2.362
SHP00102,2025-03-05,North,Road,271.9,2040.3,11.1,24,True,326.53,4.34,2025-03,0.16
SHP00103,2025-09-24,East,Road,361.3,217.2,15.76,24,True,341.54,4.56,2025-09,1.572
SHP00104,2025-10-16,East,Road,395.3,142.2,28.8,24,False,366.0,2.32,2025-10,2.574
SHP00105,2025-11-13,Central,Road,306.3,1061.7,21.96,24,True,316.22,3.92,2025-11,0.298
SHP00106,2025-11-10,West,Road,901.4,556.8,33.13,24,False,835.5,3.49,2025-11,1.501
SHP00107,2025-06-22,West,Road,856.9,266.6,36.09,24,False,757.17,1.78,2025-06,2.84
SHP00108,2025-02-04,North,Air,1954.9,2774.0,12.9,14,True,8668.3,3.64,2025-02,3.125
SHP00109,2025-01-20,North,Sea,283.2,371.5,54.99,50,False,86.9,5.0,2025-01,0.234
SHP00110,2025-08-31,East,Rail,787.1,1655.5,25.2,30,True,526.35,4.39,2025-08,0.318
SHP00111,2025-02-10,North,Rail,723.7,229.8,27.07,30,True,395.51,4.15,2025-02,1.721
SHP00112,2025-06-13,East,Road,324.2,142.6,16.4,24,True,323.55,4.25,2025-06,2.269
SHP00113,2025-06-20,South,Road,503.1,61.2,20.94,24,True,439.03,3.28,2025-06,7.174
SHP00114,2025-09-08,West,Road,158.3,762.4,17.3,24,True,179.78,4.04,2025-09,0.236
SHP00115,2025-10-03,North,Road,292.6,780.1,10.08,24,True,286.99,5.0,2025-10,0.368
SHP00116,2025-08-22,East,Road,472.1,184.2,25.56,24,False,394.58,3.22,2025-08,2.142
SHP00117,2025-05-25,North,Air,2550.0,832.7,6.74,14,True,10711.77,4.72,2025-05,12.864
SHP00118,2025-12-27,West,Road,431.5,474.7,22.99,24,True,434.49,3.93,2025-12,0.915
SHP00119,2025-11-20,Central,Road,259.6,996.9,22.09,24,True,273.11,4.46,2025-11,0.274
SHP00120,2025-03-30,Central,Road,557.6,290.7,23.87,24,True,473.85,4.26,2025-03,1.63
SHP00121,2025-09-24,West,Rail,273.4,2954.2,17.84,30,True,238.36,5.0,2025-09,0.081
SHP00122,2025-10-20,West,Road,643.7,425.5,27.19,24,False,514.15,3.39,2025-10,1.208
SHP00123,2025-04-27,South,Road,145.1,474.1,27.62,24,False,142.92,3.3,2025-04,0.301
SHP00124,2025-01-27,Central,Road,482.7,204.7,14.39,24,True,405.92,4.45,2025-01,1.983
SHP00125,2025-04-18,East,Road,577.4,536.2,18.0,24,True,538.5,4.2,2025-04,1.004
SHP00126,2025-05-21,West,Road,179.2,1419.0,12.32,24,True,196.87,5.0,2025-05,0.139
SHP00127,2025-06-03,Central,Road,480.8,114.2,25.99,24,False,462.39,3.12,2025-06,4.049
SHP00128,2025-02-18,West,Sea,358.3,684.0,29.21,50,True,107.89,4.77,2025-02,0.158
SHP00129,2025-09-11,North,Road,487.9,1214.5,23.42,24,True,423.42,3.53,2025-09,0.349
SHP00130,2025-03-09,East,Rail,449.4,1877.5,26.91,30,True,290.85,4.17,2025-03,0.155
SHP00131,2025-05-10,South,Road,837.2,149.8,21.75,24,True,711.32,3.61,2025-05,4.748
SHP00132,2025-10-18,West,Road,440.0,150.5,21.81,24,True,357.93,3.73,2025-10,2.378
SHP00133,2025-05-01,North,Rail,1452.0,655.2,27.7,30,True,823.6,2.67,2025-05,1.257
SHP00134,2025-08-19,North,Sea,502.4,879.0,23.91,50,True,155.3,4.79,2025-08,0.177
SHP00135,2025-09-06,East,Road,641.4,310.5,20.86,24,True,530.74,3.02,2025-09,1.709
SHP00136,2025-10-18,South,Road,510.6,856.4,18.5,24,True,481.41,4.3,2025-10,0.562
SHP00137,2025-07-25,West,Road,971.1,246.7,28.49,24,False,843.01,3.39,2025-07,3.417
SHP00138,2025-01-25,Central,Road,432.3,394.4,17.05,24,True,417.91,3.82,2025-01,1.06
SHP00139,2025-06-09,East,Road,473.2,501.5,12.07,24,True,463.28,4.86,2025-06,0.924
SHP00140,2025-11-25,West,Road,185.6,332.9,16.87,24,True,171.19,3.88,2025-11,0.514
SHP00141,2025-05-04,North,Rail,1000.5,128.1,23.3,30,True,531.62,4.34,2025-05,4.15
SHP00142,2025-05-13,West,Road,567.0,568.1,11.89,24,True,478.3,4.59,2025-05,0.842
SHP00143,2025-07-07,East,Road,361.0,246.8,15.61,24,True,331.51,4.32,2025-07,1.343
SHP00144,2025-02-11,South,Road,1054.8,284.1,32.9,24,False,1050.21,3.17,2025-02,3.697
SHP00145,2025-07-22,Central,Air,2202.0,233.9,20.61,14,False,9937.4,1.63,2025-07,42.486
SHP00146,2025-01-08,East,Road,376.2,1002.0,14.77,24,True,376.3,4.21,2025-01,0.376
SHP00147,2025-01-28,North,Road,435.4,195.9,30.63,24,False,376.86,2.66,2025-01,1.924
SHP00148,2025-12-26,East,Sea,217.2,196.7,26.15,50,True,61.38,3.85,2025-12,0.312
SHP00149,2025-09-15,North,Road,794.7,718.8,26.11,24,False,791.48,4.27,2025-09,1.101
SHP00150,2025-11-11,West,Sea,1494.7,290.5,45.21,50,True,343.19,2.79,2025-11,1.181
SHP00151,2025-09-25,North,Road,633.6,387.1,37.42,24,False,565.07,2.61,2025-09,1.46
SHP00152,2025-08-23,West,Road,457.4,897.6,21.42,24,True,393.05,4.04,2025-08,0.438
SHP00153,2025-12-19,West,Road,136.4,137.5,19.8,24,True,121.87,3.07,2025-12,0.886
SHP00154,2025-05-09,East,Rail,687.4,1287.9,22.16,30,True,416.05,4.44,2025-05,0.323
SHP00155,2025-03-07,South,Road,470.9,125.9,25.21,24,False,468.23,4.21,2025-03,3.719
SHP00156,2025-04-11,East,Road,282.8,109.4,14.9,24,True,250.12,4.24,2025-04,2.286
SHP00157,2025-01-20,West,Air,1157.2,575.1,4.59,14,True,4716.97,5.0,2025-01,8.202
SHP00158,2025-06-08,East,Air,1727.0,781.2,13.86,14,True,7079.67,3.22,2025-06,9.063
SHP00159,2025-04-23,West,Air,2406.4,663.8,7.67,14,True,9881.31,4.09,2025-04,14.886
SHP00160,2025-07-17,South,Rail,614.5,160.5,28.12,30,True,349.95,3.96,2025-07,2.18
SHP00161,2025-11-16,Central,Road,174.1,1841.4,17.95,24,True,189.86,4.41,2025-11,0.103
SHP00162,2025-11-22,East,Road,295.7,485.5,22.62,24,True,270.46,3.67,2025-11,0.557
SHP00163,2025-08-05,Central,Road,223.2,895.8,9.64,24,True,192.47,4.51,2025-08,0.215
SHP00164,2025-05-23,North,Sea,655.2,45.5,44.93,50,True,166.31,3.75,2025-05,3.655
SHP00165,2025-11-01,Central,Air,3101.1,582.6,10.13,14,True,13679.61,4.43,2025-11,23.48
SHP00166,2025-03-22,West,Road,388.7,274.8,15.05,24,True,390.95,4.88,2025-03,1.423
SHP00167,2025-02-26,West,Road,86.6,662.6,11.1,24,True,90.87,4.44,2025-02,0.137
SHP00168,2025-11-15,South,Rail,1623.5,411.0,28.13,30,True,900.98,2.75,2025-11,2.192
SHP00169,2025-03-07,Central,Road,388.5,556.6,22.57,24,True,377.47,3.78,2025-03,0.678
SHP00170,2025-11-03,Central,Road,262.5,527.9,18.85,24,True,240.61,3.82,2025-11,0.456
SHP00171,2025-09-25,North,Road,299.2,172.6,20.19,24,True,297.82,4.18,2025-09,1.725
SHP00172,2025-06-25,South,Sea,344.6,3981.1,54.71,50,False,192.52,3.43,2025-06,0.048
SHP00173,2025-01-21,West,Road,200.9,412.3,21.55,24,True,192.46,3.42,2025-01,0.467
SHP00174,2025-08-15,Central,Sea,1152.8,573.0,37.02,50,True,274.68,4.34,2025-08,0.479
SHP00175,2025-08-14,West,Road,338.0,307.0,15.88,24,True,298.17,4.38,2025-08,0.971
SHP00176,2025-12-04,East,Road,419.8,502.3,16.15,24,True,406.12,4.67,2025-12,0.809
SHP00177,2025-03-07,West,Road,717.0,580.2,23.78,24,True,620.82,3.26,2025-03,1.07
SHP00178,2025-01-21,West,Sea,849.3,329.7,27.4,50,True,200.67,4.77,2025-01,0.609
SHP00179,2025-04-01,Central,Air,2171.6,135.5,15.9,14,False,10511.46,2.68,2025-04,77.575
SHP00180,2025-09-27,South,Road,168.0,1308.7,10.03,24,True,185.85,4.64,2025-09,0.142
SHP00181,2025-10-02,Central,Road,489.8,784.4,25.62,24,False,444.75,3.76,2025-10,0.567
SHP00182,2025-08-10,North,Road,910.8,73.9,23.22,24,True,751.69,3.43,2025-08,10.172
SHP00183,2025-09-24,Central,Sea,712.6,667.3,40.98,50,True,171.35,3.66,2025-09,0.257
SHP00184,2025-11-28,Central,Rail,672.5,970.4,30.08,30,False,484.77,3.66,2025-11,0.5
SHP00185,2025-09-17,North,Road,606.1,1464.0,16.31,24,True,607.7,4.15,2025-09,0.415
SHP00186,2025-03-02,West,Sea,129.9,419.6,28.46,50,True,44.41,4.17,2025-03,0.106
SHP00187,2025-11-08,North,Road,388.4,330.9,13.0,24,True,381.34,5.0,2025-11,1.152
SHP00188,2025-04-16,Central,Road,1113.6,260.7,34.0,24,False,984.43,3.14,2025-04,3.776
SHP00189,2025-09-24,South,Road,359.8,302.7,12.54,24,True,361.6,4.53,2025-09,1.195
SHP00190,2025-10-28,Central,Road,286.0,679.4,20.32,24,True,251.92,4.32,2025-10,0.371
SHP00191,2025-08-27,North,Air,2446.4,842.8,5.34,14,True,10520.58,5.0,2025-08,12.483
SHP00192,2025-09-23,North,Road,302.9,469.6,23.08,24,True,246.93,3.2,2025-09,0.526
SHP00193,2025-09-25,North,Road,397.4,1337.2,22.75,24,True,426.98,3.73,2025-09,0.319
SHP00194,2025-04-17,East,Road,120.4,69.2,20.01,24,True,114.2,4.92,2025-04,1.65
SHP00195,2025-02-17,South,Road,261.0,1412.6,16.15,24,True,261.88,4.25,2025-02,0.185
SHP00196,2025-07-21,East,Road,328.7,280.4,14.17,24,True,314.76,5.0,2025-07,1.123
SHP00197,2025-07-23,South,Road,760.4,1095.8,19.31,24,True,683.27,3.58,2025-07,0.624
SHP00198,2025-12-29,North,Sea,710.1,413.7,36.8,50,True,187.55,3.63,2025-12,0.453
SHP00199,2025-03-28,North,Air,1628.9,668.4,7.79,14,True,6987.33,4.56,2025-03,10.454
SHP00200,2025-12-09,East,Road,393.1,396.8,14.35,24,True,345.88,3.52,2025-12,0.872
SHP00201,2025-04-02,South,Road,294.0,129.6,15.96,24,True,284.59,4.46,2025-04,2.196
SHP00202,2025-01-08,North,Air,1632.5,157.0,10.93,14,True,6703.58,4.08,2025-01,42.698
SHP00203,2025-07-03,East,Road,289.8,506.9,13.74,24,True,282.23,4.78,2025-07,0.557
SHP00204,2025-04-12,Central,Road,324.4,398.6,19.61,24,True,334.57,5.0,2025-04,0.839
SHP00205,2025-06-24,East,Rail,1047.8,1375.3,34.54,30,False,532.94,3.64,2025-06,0.388
SHP00206,2025-01-13,Central,Road,791.6,338.5,27.98,24,False,780.61,3.84,2025-01,2.306
SHP00207,2025-02-04,Central,Road,582.6,3028.3,18.03,24,True,665.14,4.62,2025-02,0.22
SHP00208,2025-05-08,South,Road,511.9,641.3,26.02,24,False,508.88,3.64,2025-05,0.794
SHP00209,2025-06-22,West,Road,426.8,170.1,33.82,24,False,413.65,2.61,2025-06,2.432
SHP00210,2025-08-03,Central,Road,469.7,603.4,17.31,24,True,428.85,4.12,2025-08,0.711
SHP00211,2025-11-09,Central,Road,559.3,714.7,18.06,24,True,575.33,3.79,2025-11,0.805
SHP00212,2025-02-22,West,Sea,882.3,491.4,75.52,50,False,269.21,2.9,2025-02,0.548
SHP00213,2025-03-16,East,Road,752.2,394.2,20.09,24,True,636.57,3.66,2025-03,1.615
SHP00214,2025-11-21,North,Road,155.5,753.3,19.11,24,True,194.2,4.16,2025-11,0.258
SHP00215,2025-07-05,Central,Rail,359.5,364.6,21.3,30,True,216.37,4.26,2025-07,0.593
SHP00216,2025-01-11,Central,Sea,486.6,277.8,17.3,50,True,121.36,4.92,2025-01,0.437
SHP00217,2025-02-10,South,Road,438.2,272.0,17.13,24,True,421.92,3.72,2025-02,1.551
SHP00218,2025-05-17,West,Air,1917.0,311.8,15.78,14,False,7660.06,3.29,2025-05,24.567
SHP00219,2025-01-28,Central,Road,1009.9,99.6,38.49,24,False,970.96,2.44,2025-01,9.749
SHP00220,2025-03-15,East,Road,957.1,994.1,26.64,24,False,898.45,3.39,2025-03,0.904
SHP00221,2025-08-18,East,Road,223.9,376.3,12.86,24,True,222.12,4.4,2025-08,0.59
SHP00222,2025-05-14,South,Road,815.9,496.9,30.95,24,False,668.08,2.23,2025-05,1.344
SHP00223,2025-08-16,South,Air,1320.9,953.5,22.18,14,False,6464.52,2.73,2025-08,6.78
SHP00224,2025-03-20,West,Road,448.6,282.5,15.47,24,True,358.05,4.43,2025-03,1.267
SHP00225,2025-01-17,East,Sea,518.9,2734.7,63.1,50,False,217.27,2.9,2025-01,0.079
SHP00226,2025-11-17,North,Rail,474.6,148.4,20.3,30,True,299.03,4.6,2025-11,2.015
SHP00227,2025-08-14,South,Road,349.0,302.5,14.89,24,True,319.17,4.39,2025-08,1.055
SHP00228,2025-01-06,West,Road,145.9,343.0,15.29,24,True,140.66,3.64,2025-01,0.41
SHP00229,2025-03-30,North,Sea,572.3,603.7,42.89,50,True,167.14,3.54,2025-03,0.277
SHP00230,2025-04-04,West,Road,735.6,371.3,20.87,24,True,729.58,4.63,2025-04,1.965
SHP00231,2025-09-12,North,Rail,1153.6,304.4,34.93,30,False,632.94,2.78,2025-09,2.079
SHP00232,2025-01-10,South,Sea,891.1,351.3,81.78,50,False,228.69,4.3,2025-01,0.651
SHP00233,2025-04-24,East,Rail,273.2,87.0,20.14,30,True,172.55,4.54,2025-04,1.983
SHP00234,2025-05-29,South,Sea,913.6,151.9,56.21,50,False,264.67,4.28,2025-05,1.742
SHP00235,2025-08-09,South,Road,418.0,1436.5,16.3,24,True,418.87,3.85,2025-08,0.292
SHP00236,2025-10-10,East,Road,218.9,113.8,7.99,24,True,198.99,4.66,2025-10,1.749
SHP00237,2025-12-23,West,Air,3144.6,81.4,14.71,14,False,10506.09,3.18,2025-12,129.067
SHP00238,2025-12-09,North,Road,545.1,236.4,14.93,24,True,569.86,4.81,2025-12,2.411
SHP00239,2025-09-29,West,Road,446.9,292.1,10.28,24,True,372.46,4.8,2025-09,1.275
SHP00240,2025-04-21,North,Road,247.9,645.7,16.28,24,True,255.09,3.53,2025-04,0.395
SHP00241,2025-07-17,West,Air,2014.7,170.6,11.87,14,True,9199.54,4.47,2025-07,53.925
SHP00242,2025-03-17,Central,Rail,917.2,589.6,28.71,30,True,540.48,4.17,2025-03,0.917
SHP00243,2025-03-19,West,Road,120.5,628.8,8.98,24,True,130.39,4.07,2025-03,0.207
SHP00244,2025-05-27,West,Sea,544.4,2074.1,42.55,50,True,189.99,3.47,2025-05,0.092
SHP00245,2025-04-24,Central,Road,340.9,753.0,10.12,24,True,349.74,4.78,2025-04,0.464
SHP00246,2025-02-28,South,Road,277.9,102.5,16.23,24,True,250.1,3.95,2025-02,2.44
SHP00247,2025-09-05,South,Rail,582.8,256.5,31.75,30,False,345.86,3.93,2025-09,1.348
SHP00248,2025-08-07,Central,Road,390.4,317.2,14.58,24,True,322.24,4.53,2025-08,1.016
SHP00249,2025-08-07,East,Road,482.4,3672.1,33.83,24,False,556.76,2.43,2025-08,0.152
SHP00250,2025-12-18,North,Sea,488.9,315.9,64.26,50,False,140.26,2.61,2025-12,0.444
SHP00251,2025-01-25,West,Road,547.6,101.2,23.06,24,True,561.94,4.13,2025-01,5.553
SHP00252,2025-11-26,North,Rail,898.1,348.4,42.96,30,False,530.49,2.36,2025-11,1.523
SHP00253,2025-02-10,North,Road,444.4,289.3,10.05,24,True,465.88,5.0,2025-02,1.61
SHP00254,2025-11-10,South,Air,2375.1,672.6,6.2,14,True,11359.05,4.55,2025-11,16.888
SHP00255,2025-12-24,East,Rail,270.4,145.7,26.73,30,True,147.27,4.56,2025-12,1.011
SHP00256,2025-07-01,West,Air,1291.0,417.4,11.56,14,True,5092.88,3.32,2025-07,12.201
SHP00257,2025-12-01,Central,Road,315.3,1375.2,22.25,24,True,295.0,3.89,2025-12,0.215
SHP00258,2025-07-26,North,Sea,508.3,81.8,46.01,50,True,137.74,3.84,2025-07,1.684
SHP00259,2025-03-24,South,Air,1950.5,351.3,9.16,14,True,8733.28,4.59,2025-03,24.86
SHP00260,2025-11-07,North,Road,211.3,191.9,11.08,24,True,203.49,4.94,2025-11,1.06
SHP00261,2025-04-28,North,Sea,876.2,1223.3,30.64,50,True,246.04,4.91,2025-04,0.201
SHP00262,2025-02-14,West,Sea,499.4,62.4,23.9,50,True,124.47,3.43,2025-02,1.995
SHP00263,2025-07-20,North,Road,634.0,922.1,21.67,24,True,587.9,3.72,2025-07,0.638
SHP00264,2025-10-16,North,Road,299.9,222.6,17.82,24,True,275.72,4.27,2025-10,1.239
SHP00265,2025-09-02,East,Road,665.7,1042.8,19.6,24,True,634.74,3.86,2025-09,0.609
SHP00266,2025-08-29,North,Rail,423.6,873.6,31.51,30,False,264.56,4.12,2025-08,0.303
SHP00267,2025-11-08,West,Road,466.0,775.4,19.74,24,True,480.66,4.21,2025-11,0.62
SHP00268,2025-01-30,Central,Road,482.1,325.4,22.8,24,True,441.36,3.34,2025-01,1.356
SHP00269,2025-11-29,North,Road,272.5,733.1,15.35,24,True,274.84,4.2,2025-11,0.375
SHP00270,2025-03-01,Central,Rail,1241.2,227.7,24.89,30,True,655.43,4.46,2025-03,2.878
SHP00271,2025-07-26,West,Road,722.5,334.3,38.76,24,False,695.57,2.64,2025-07,2.081
SHP00272,2025-04-02,East,Road,287.9,1345.5,8.22,24,True,335.58,4.96,2025-04,0.249
SHP00273,2025-11-28,West,Sea,620.2,1863.0,77.42,50,False,229.67,3.62,2025-11,0.123
SHP00274,2025-07-26,South,Road,352.6,203.9,12.89,24,True,346.8,5.0,2025-07,1.701
SHP00275,2025-08-10,North,Road,768.6,374.8,38.12,24,False,732.95,2.72,2025-08,1.956
SHP00276,2025-10-06,Central,Road,156.2,1028.1,17.31,24,True,178.71,4.57,2025-10,0.174
SHP00277,2025-10-29,North,Road,589.9,243.4,18.06,24,True,586.1,3.53,2025-10,2.408
SHP00278,2025-06-25,Central,Sea,1148.3,545.4,41.28,50,True,306.48,5.0,2025-06,0.562
SHP00279,2025-07-02,South,Road,199.1,339.8,11.07,24,True,206.3,4.86,2025-07,0.607
SHP00280,2025-07-30,East,Rail,1112.0,1755.6,42.5,30,False,592.3,2.67,2025-07,0.337
SHP00281,2025-06-15,Central,Road,758.6,103.9,18.55,24,True,679.23,4.67,2025-06,6.537
SHP00282,2025-12-11,East,Road,953.2,255.9,27.46,24,False,1001.45,3.44,2025-12,3.913
SHP00283,2025-05-22,West,Road,485.6,160.8,18.02,24,True,475.52,4.39,2025-05,2.957
SHP00284,2025-08-18,North,Rail,183.8,63.7,22.01,30,True,104.77,4.66,2025-08,1.645
SHP00285,2025-05-24,West,Road,315.5,504.8,14.07,24,True,304.0,4.81,2025-05,0.602
SHP00286,2025-10-20,West,Rail,824.3,404.0,24.97,30,True,456.01,3.84,2025-10,1.129
SHP00287,2025-03-12,Central,Rail,648.5,607.4,15.46,30,True,368.71,4.2,2025-03,0.607
SHP00288,2025-12-26,North,Road,135.2,327.7,8.68,24,True,113.58,4.62,2025-12,0.347
SHP00289,2025-05-08,North,Rail,517.1,1076.4,38.03,30,False,355.01,3.16,2025-05,0.33
SHP00290,2025-09-22,North,Rail,627.6,81.6,12.39,30,True,344.4,4.44,2025-09,4.221
SHP00291,2025-07-20,North,Road,442.8,411.1,16.39,24,True,327.28,5.0,2025-07,0.796
SHP00292,2025-12-31,East,Road,314.5,1024.8,8.54,24,True,301.5,5.0,2025-12,0.294
SHP00293,2025-07-10,Central,Road,934.7,1743.0,26.14,24,False,999.13,2.96,2025-07,0.573
SHP00294,2025-07-04,East,Road,236.2,212.0,16.06,24,True,220.16,4.52,2025-07,1.038
SHP00295,2025-04-24,West,Road,711.2,183.2,52.2,24,False,680.22,2.27,2025-04,3.713
SHP00296,2025-04-21,North,Road,257.6,183.3,9.57,24,True,250.61,4.87,2025-04,1.367
SHP00297,2025-04-04,Central,Road,824.6,335.2,18.74,24,True,835.71,5.0,2025-04,2.493
SHP00298,2025-06-29,West,Road,340.5,758.4,8.98,24,True,337.46,5.0,2025-06,0.445
SHP00299,2025-03-13,Central,Sea,515.6,200.4,65.57,50,False,132.85,3.25,2025-03,0.663
SHP00300,2025-02-25,West,Road,505.1,2255.6,28.7,24,False,529.74,3.03,2025-02,0.235
SHP00301,2025-06-05,North,Sea,604.3,211.3,47.85,50,True,159.89,4.63,2025-06,0.757
SHP00302,2025-09-26,North,Road,663.4,466.3,36.78,24,False,642.77,3.18,2025-09,1.378
SHP00303,2025-07-27,Central,Road,785.3,365.9,26.36,24,False,690.96,2.83,2025-07,1.888
SHP00304,2025-12-26,North,Road,352.7,182.7,13.13,24,True,341.69,4.95,2025-12,1.87
SHP00305,2025-07-02,West,Air,2157.4,171.7,19.35,14,False,9496.92,2.94,2025-07,55.311
SHP00306,2025-09-10,West,Sea,384.4,494.7,25.64,50,True,110.61,3.62,2025-09,0.224
SHP00307,2025-04-01,East,Road,382.0,450.6,20.15,24,True,333.1,4.94,2025-04,0.739
SHP00308,2025-08-25,Central,Road,588.2,361.2,18.63,24,True,536.03,3.39,2025-08,1.484
SHP00309,2025-08-08,Central,Air,2474.0,982.2,12.55,14,True,10735.26,3.85,2025-08,10.93
SHP00310,2025-07-10,South,Road,496.7,278.0,30.38,24,False,479.17,3.54,2025-07,1.724
SHP00311,2025-06-15,West,Road,462.7,259.9,18.73,24,True,430.91,3.34,2025-06,1.658
SHP00312,2025-06-12,Central,Road,51.6,623.9,15.57,24,True,63.14,4.26,2025-06,0.101
SHP00313,2025-01-13,West,Sea,431.5,802.9,36.67,50,True,129.73,3.82,2025-01,0.162
SHP00314,2025-02-13,East,Air,1291.8,1021.1,17.11,14,False,5529.62,3.51,2025-02,5.415
SHP00315,2025-08-27,South,Road,698.8,154.1,13.75,24,True,643.89,4.7,2025-08,4.178
SHP00316,2025-09-28,North,Sea,221.2,441.1,13.75,50,True,65.06,5.0,2025-09,0.147
SHP00317,2025-08-09,Central,Sea,575.7,128.7,83.16,50,False,151.93,1.92,2025-08,1.18
SHP00318,2025-04-06,Central,Rail,166.4,507.2,15.93,30,True,103.17,4.79,2025-04,0.203
SHP00319,2025-08-02,North,Sea,567.9,654.8,35.57,50,True,152.07,4.1,2025-08,0.232
SHP00320,2025-01-18,North,Road,726.1,1535.6,19.85,24,True,623.21,4.23,2025-01,0.406
SHP00321,2025-07-25,South,Road,202.4,141.8,20.24,24,True,179.28,4.45,2025-07,1.264
SHP00322,2025-08-02,South,Sea,1121.4,266.7,58.91,50,False,276.58,3.62,2025-08,1.037
SHP00323,2025-09-19,Central,Road,326.5,434.9,13.22,24,True,296.77,4.16,2025-09,0.682
SHP00324,2025-03-13,South,Rail,1089.7,362.0,52.12,30,False,673.7,2.25,2025-03,1.861
SHP00325,2025-11-21,East,Road,580.2,595.3,25.01,24,False,516.35,3.69,2025-11,0.867
SHP00326,2025-10-02,South,Road,300.7,860.4,14.91,24,True,338.33,4.06,2025-10,0.393
SHP00327,2025-12-22,South,Sea,464.7,190.1,35.45,50,True,121.01,3.34,2025-12,0.637
SHP00328,2025-12-01,West,Road,620.4,125.9,21.64,24,True,577.47,4.14,2025-12,4.587
SHP00329,2025-10-25,Central,Road,633.2,199.9,24.98,24,False,566.4,3.75,2025-10,2.833
SHP00330,2025-07-13,North,Road,45.4,419.5,21.51,24,True,44.65,4.24,2025-07,0.106
SHP00331,2025-04-16,Central,Road,120.3,930.1,11.71,24,True,128.77,4.85,2025-04,0.138
SHP00332,2025-10-30,East,Road,733.1,746.4,29.15,24,False,753.76,3.85,2025-10,1.01
SHP00333,2025-12-18,North,Air,2335.9,813.6,9.04,14,True,9817.56,4.55,2025-12,12.067
SHP00334,2025-01-15,East,Air,2409.5,382.5,19.61,14,False,11150.56,3.07,2025-01,29.152
SHP00335,2025-02-05,East,Road,623.4,481.4,16.4,24,True,611.0,3.47,2025-02,1.269
SHP00336,2025-08-31,Central,Rail,1009.5,860.8,21.77,30,True,606.31,4.07,2025-08,0.704
SHP00337,2025-04-19,West,Road,405.6,68.5,20.64,24,True,386.07,4.1,2025-04,5.636
SHP00338,2025-04-05,South,Road,581.2,143.0,27.88,24,False,536.89,4.12,2025-04,3.754
SHP00339,2025-02-23,South,Road,149.9,229.3,10.1,24,True,144.93,5.0,2025-02,0.632
SHP00340,2025-06-12,South,Road,470.1,1194.4,25.03,24,False,424.48,3.23,2025-06,0.355
SHP00341,2025-04-21,East,Road,471.9,448.6,13.87,24,True,474.87,4.98,2025-04,1.059
SHP00342,2025-07-30,North,Road,472.8,384.3,12.2,24,True,440.06,4.21,2025-07,1.145
SHP00343,2025-08-08,North,Road,386.8,83.0,26.5,24,False,381.18,4.31,2025-08,4.593
SHP00344,2025-02-15,South,Rail,878.3,691.5,28.79,30,True,494.03,3.93,2025-02,0.714
SHP00345,2025-12-14,Central,Sea,722.4,439.9,38.92,50,True,210.64,4.21,2025-12,0.479
SHP00346,2025-04-03,Central,Road,226.1,433.0,13.36,24,True,204.61,4.43,2025-04,0.473
SHP00347,2025-01-07,Central,Road,658.3,194.5,41.47,24,False,541.15,2.59,2025-01,2.782
SHP00348,2025-01-04,North,Road,423.7,80.1,22.9,24,True,354.15,3.36,2025-01,4.421
SHP00349,2025-05-03,North,Rail,921.7,488.5,32.15,30,False,579.61,4.01,2025-05,1.187
SHP00350,2025-02-08,North,Road,859.6,1049.2,27.84,24,False,957.26,2.7,2025-02,0.912
SHP00351,2025-12-12,South,Air,1992.4,115.3,6.57,14,True,9160.44,4.87,2025-12,79.449
SHP00352,2025-09-28,East,Sea,115.4,1395.8,9.48,50,True,68.45,5.0,2025-09,0.049
SHP00353,2025-01-11,North,Road,410.4,1731.2,12.56,24,True,437.18,4.72,2025-01,0.253
SHP00354,2025-05-24,South,Air,3510.7,601.7,18.37,14,False,16825.98,3.08,2025-05,27.964
SHP00355,2025-09-28,South,Road,421.6,632.2,19.72,24,True,437.69,4.24,2025-09,0.692
SHP00356,2025-02-14,South,Rail,464.4,296.0,18.4,30,True,264.02,4.92,2025-02,0.892
SHP00357,2025-09-23,Central,Road,1280.7,697.5,42.9,24,False,1300.47,2.06,2025-09,1.864
SHP00358,2025-05-26,North,Road,352.5,92.4,21.35,24,True,266.1,3.42,2025-05,2.88
SHP00359,2025-04-04,North,Road,509.3,2005.0,18.06,24,True,520.85,3.5,2025-04,0.26
SHP00360,2025-04-21,North,Rail,647.2,174.0,18.59,30,True,403.0,4.98,2025-04,2.316
SHP00361,2025-05-31,Central,Road,279.9,258.2,18.31,24,True,258.41,3.82,2025-05,1.001
SHP00362,2025-05-30,West,Road,592.5,245.8,39.34,24,False,625.82,2.75,2025-05,2.546
SHP00363,2025-06-07,South,Road,248.2,239.0,18.37,24,True,220.93,4.03,2025-06,0.924
SHP00364,2025-05-15,South,Rail,855.9,154.9,16.51,30,True,502.62,4.67,2025-05,3.245
SHP00365,2025-04-11,South,Rail,1297.1,728.7,34.01,30,False,733.15,3.0,2025-04,1.006
SHP00366,2025-01-19,South,Road,525.4,303.9,14.25,24,True,486.33,4.86,2025-01,1.6
SHP00367,2025-07-30,South,Road,1016.3,495.8,40.02,24,False,958.71,1.73,2025-07,1.934
SHP00368,2025-01-21,South,Road,596.0,642.7,29.62,24,False,494.83,4.24,2025-01,0.77
SHP00369,2025-01-15,North,Road,193.1,105.6,19.92,24,True,171.36,4.51,2025-01,1.623
SHP00370,2025-04-21,South,Road,335.4,732.1,16.72,24,True,338.43,4.49,2025-04,0.462
SHP00371,2025-06-13,Central,Air,2192.9,546.0,7.68,14,True,8956.65,5.0,2025-06,16.404
SHP00372,2025-05-31,South,Air,1980.7,195.2,5.62,14,True,8398.99,4.01,2025-05,43.028
SHP00373,2025-08-08,Central,Road,172.0,281.1,10.7,24,True,169.61,4.71,2025-08,0.603
SHP00374,2025-05-24,South,Road,164.2,190.4,12.97,24,True,145.65,4.76,2025-05,0.765
SHP00375,2025-06-28,West,Road,495.6,579.7,13.24,24,True,480.59,4.1,2025-06,0.829
SHP00376,2025-12-03,West,Sea,345.7,242.6,31.69,50,True,96.43,3.79,2025-12,0.397
SHP00377,2025-08-02,South,Road,563.9,190.8,16.09,24,True,541.64,4.81,2025-08,2.839
SHP00378,2025-11-27,West,Road,605.2,335.8,29.89,24,False,537.27,3.81,2025-11,1.6
SHP00379,2025-09-10,South,Rail,1282.5,1492.1,25.96,30,True,606.27,3.55,2025-09,0.406
SHP00380,2025-07-09,West,Road,314.7,335.8,16.94,24,True,268.92,4.16,2025-07,0.801
SHP00381,2025-12-15,West,Road,463.1,412.2,17.48,24,True,383.97,2.83,2025-12,0.932
SHP00382,2025-03-26,Central,Road,624.7,342.6,21.68,24,True,652.42,4.49,2025-03,1.904
SHP00383,2025-12-16,Central,Sea,546.9,276.4,34.47,50,True,151.3,4.66,2025-12,0.547
SHP00384,2025-09-08,South,Road,371.3,113.5,11.02,24,True,351.64,4.75,2025-09,3.098
SHP00385,2025-04-15,Central,Road,339.3,56.9,24.23,24,False,326.92,3.82,2025-04,5.746
SHP00386,2025-06-20,North,Road,432.0,819.8,22.69,24,True,402.38,3.85,2025-06,0.491
SHP00387,2025-11-01,Central,Sea,1643.7,333.2,65.1,50,False,429.28,2.34,2025-11,1.288
SHP00388,2025-11-24,Central,Road,226.6,1304.0,5.89,24,True,262.54,4.81,2025-11,0.201
SHP00389,2025-02-11,South,Road,446.7,122.3,12.63,24,True,405.18,5.0,2025-02,3.313
SHP00390,2025-02-26,North,Sea,609.5,300.7,21.78,50,True,165.49,4.27,2025-02,0.55
SHP00391,2025-03-15,North,Sea,841.7,264.8,35.43,50,True,245.79,4.26,2025-03,0.928
SHP00392,2025-05-20,East,Road,414.3,3791.5,30.19,24,False,477.46,2.55,2025-05,0.126
SHP00393,2025-04-19,West,Air,1119.9,588.9,6.22,14,True,4576.53,4.64,2025-04,7.771
SHP00394,2025-03-08,Central,Road,403.0,2196.8,32.94,24,False,482.46,2.97,2025-03,0.22
SHP00395,2025-03-12,North,Road,456.5,876.2,12.99,24,True,388.15,5.0,2025-03,0.443
SHP00396,2025-02-01,Central,Rail,253.3,536.1,17.33,30,True,157.1,4.81,2025-02,0.293
SHP00397,2025-04-11,South,Sea,609.7,111.1,49.27,50,True,151.19,3.65,2025-04,1.361
SHP00398,2025-05-17,South,Road,442.1,113.7,14.25,24,True,355.2,4.14,2025-05,3.124
SHP00399,2025-02-14,South,Road,924.3,1732.2,26.34,24,False,818.25,4.06,2025-02,0.472
SHP00400,2025-01-19,South,Road,261.9,1179.3,25.22,24,False,237.87,3.51,2025-01,0.202
SHP00401,2025-03-17,North,Road,210.1,889.8,13.69,24,True,184.54,4.71,2025-03,0.207
SHP00402,2025-02-18,West,Road,684.9,331.2,32.89,24,False,609.72,3.58,2025-02,1.841
SHP00403,2025-11-30,North,Road,743.9,79.0,34.88,24,False,653.54,2.76,2025-11,8.273
SHP00404,2025-08-04,South,Air,799.3,371.4,9.4,14,True,3868.05,4.4,2025-08,10.415
SHP00405,2025-05-10,West,Rail,93.4,590.7,11.3,30,True,63.52,4.67,2025-05,0.108
SHP00406,2025-07-11,North,Air,4002.1,729.6,13.92,14,True,16061.56,3.81,2025-07,22.014
SHP00407,2025-12-23,North,Road,475.6,1070.6,19.12,24,True,477.03,3.87,2025-12,0.446
SHP00408,2025-11-24,West,Sea,568.1,127.6,71.31,50,False,139.08,2.63,2025-11,1.09
SHP00409,2025-09-14,South,Rail,811.9,890.9,31.37,30,False,459.35,3.27,2025-09,0.516
SHP00410,2025-05-20,East,Rail,532.3,149.6,20.73,30,True,310.79,3.73,2025-05,2.077
SHP00411,2025-08-30,East,Road,448.4,61.9,18.03,24,True,467.78,3.76,2025-08,7.557
SHP00412,2025-02-13,South,Rail,868.6,338.6,20.16,30,True,486.74,4.02,2025-02,1.438
SHP00413,2025-02-08,Central,Road,425.3,256.3,22.44,24,True,372.71,3.4,2025-02,1.454
SHP00414,2025-08-14,East,Road,303.4,713.4,23.21,24,True,271.23,3.86,2025-08,0.38
SHP00415,2025-04-20,South,Road,786.1,198.4,19.93,24,True,691.4,4.46,2025-04,3.485
SHP00416,2025-07-29,South,Rail,565.6,584.9,50.46,30,False,360.15,2.5,2025-07,0.616
SHP00417,2025-10-12,East,Road,251.1,954.4,17.19,24,True,221.7,4.36,2025-10,0.232
SHP00418,2025-07-23,South,Road,453.0,277.5,27.79,24,False,451.49,3.26,2025-07,1.627
SHP00419,2025-12-28,North,Rail,501.9,1456.7,25.02,30,True,309.6,3.62,2025-12,0.213
SHP00420,2025-05-31,East,Rail,245.7,200.1,11.84,30,True,144.7,4.86,2025-05,0.723
SHP00421,2025-12-19,South,Road,321.0,306.4,21.85,24,True,329.36,3.75,2025-12,1.075
SHP00422,2025-02-25,North,Road,354.9,799.7,20.41,24,True,318.35,3.36,2025-02,0.398
SHP00423,2025-04-08,West,Sea,430.1,154.7,15.82,50,True,103.15,4.08,2025-04,0.667
SHP00424,2025-07-26,West,Road,356.0,497.0,12.25,24,True,377.12,3.82,2025-07,0.759
SHP00425,2025-09-03,South,Sea,431.6,168.5,33.64,50,True,114.96,4.82,2025-09,0.682
SHP00426,2025-08-27,North,Rail,400.6,2036.2,31.92,30,False,305.51,4.22,2025-08,0.15
SHP00427,2025-07-14,South,Sea,683.2,35.1,72.09,50,False,170.06,3.46,2025-07,4.845
SHP00428,2025-07-26,West,Road,383.6,1113.2,23.96,24,True,416.92,3.43,2025-07,0.375
SHP00429,2025-01-19,South,Road,621.5,1181.7,39.72,24,False,600.15,1.75,2025-01,0.508
SHP00430,2025-05-08,North,Road,363.7,122.0,25.86,24,False,321.91,3.07,2025-05,2.639
SHP00431,2025-03-04,North,Road,635.9,262.2,22.34,24,True,669.92,4.08,2025-03,2.555
SHP00432,2025-04-02,North,Rail,222.9,427.6,9.69,30,True,151.61,3.41,2025-04,0.355
SHP00433,2025-08-21,South,Sea,877.1,91.6,47.0,50,True,210.9,4.65,2025-08,2.302
SHP00434,2025-07-20,South,Road,321.5,2082.1,11.18,24,True,316.25,4.5,2025-07,0.152
SHP00435,2025-07-16,South,Road,401.1,540.2,11.51,24,True,367.11,4.6,2025-07,0.68
SHP00436,2025-10-10,North,Road,366.3,189.0,17.97,24,True,278.98,4.69,2025-10,1.476
SHP00437,2025-01-18,South,Road,293.3,467.7,28.61,24,False,288.52,3.78,2025-01,0.617
SHP00438,2025-07-20,South,Road,474.1,148.8,29.51,24,False,376.94,3.67,2025-07,2.533
SHP00439,2025-01-01,Central,Road,338.7,2335.0,15.09,24,True,359.15,4.41,2025-01,0.154
SHP00440,2025-10-24,North,Air,2158.1,450.3,17.02,14,False,10057.82,3.69,2025-10,22.336
SHP00441,2025-01-03,North,Rail,1339.9,1569.0,32.95,30,False,859.6,4.13,2025-01,0.548
SHP00442,2025-07-30,East,Road,156.7,206.3,7.9,24,True,155.5,4.8,2025-07,0.754
SHP00443,2025-05-21,East,Road,646.9,121.5,19.17,24,True,568.53,4.76,2025-05,4.679
SHP00444,2025-04-17,South,Road,216.8,396.3,18.42,24,True,219.59,3.82,2025-04,0.554
SHP00445,2025-12-02,East,Air,3064.8,1070.1,21.74,14,False,12237.7,2.77,2025-12,11.436
SHP00446,2025-03-11,West,Road,137.3,268.8,25.03,24,False,126.92,3.63,2025-03,0.472
SHP00447,2025-08-02,South,Road,178.0,580.4,19.05,24,True,185.88,3.59,2025-08,0.32
SHP00448,2025-11-16,North,Road,979.0,834.8,24.35,24,False,987.02,3.13,2025-11,1.182
SHP00449,2025-06-30,West,Air,2123.3,433.1,16.01,14,False,8375.93,3.63,2025-06,19.339
SHP00450,2025-08-14,West,Road,287.4,311.0,8.2,24,True,246.87,4.86,2025-08,0.794
SHP00451,2025-01-29,East,Rail,839.7,330.1,39.5,30,False,464.87,3.67,2025-01,1.408
SHP00452,2025-07-10,Central,Sea,1041.2,1335.9,51.31,50,False,320.73,4.19,2025-07,0.24
SHP00453,2025-08-06,West,Road,308.9,155.6,16.78,24,True,274.76,3.13,2025-08,1.766
SHP00454,2025-12-17,West,Rail,373.9,923.8,14.68,30,True,252.05,4.75,2025-12,0.273
SHP00455,2025-04-07,Central,Sea,1116.5,397.0,70.0,50,False,286.84,3.25,2025-04,0.723
SHP00456,2025-06-03,East,Road,521.4,744.1,24.38,24,False,457.08,3.72,2025-06,0.614
SHP00457,2025-06-08,West,Air,1741.1,522.2,10.5,14,True,6749.26,4.18,2025-06,12.925
SHP00458,2025-06-13,West,Road,668.3,86.7,38.01,24,False,552.94,2.96,2025-06,6.378
SHP00459,2025-11-10,South,Rail,1094.4,198.1,24.12,30,True,655.59,3.23,2025-11,3.309
SHP00460,2025-04-27,West,Air,2989.7,640.8,15.32,14,False,11172.87,4.06,2025-04,17.436
SHP00461,2025-02-04,North,Rail,856.1,193.2,27.99,30,True,459.1,3.63,2025-02,2.376
SHP00462,2025-03-09,Central,Road,550.0,202.7,24.81,24,False,500.1,4.28,2025-03,2.467
SHP00463,2025-05-12,East,Road,229.0,119.4,12.96,24,True,221.24,4.66,2025-05,1.853
SHP00464,2025-11-03,East,Rail,692.5,116.8,32.02,30,False,354.23,3.6,2025-11,3.033
SHP00465,2025-11-06,North,Rail,505.8,1060.9,35.13,30,False,275.58,3.77,2025-11,0.26
SHP00466,2025-12-25,North,Road,202.9,415.8,6.07,24,True,225.41,4.87,2025-12,0.542
SHP00467,2025-02-01,North,Sea,395.2,208.3,53.76,50,False,97.61,3.65,2025-02,0.469
SHP00468,2025-05-23,Central,Road,477.6,682.6,15.38,24,True,500.51,4.77,2025-05,0.733
SHP00469,2025-01-20,South,Air,1001.7,1039.3,8.18,14,True,4515.83,4.53,2025-01,4.345
SHP00470,2025-01-30,West,Sea,450.6,188.8,38.15,50,True,113.51,3.7,2025-01,0.601
SHP00471,2025-06-12,North,Air,1376.4,194.3,6.81,14,True,6034.4,4.76,2025-06,31.057
SHP00472,2025-06-20,Central,Road,440.9,166.3,22.97,24,True,434.65,4.24,2025-06,2.614
SHP00473,2025-07-23,South,Air,1055.5,403.5,14.14,14,False,4757.56,3.56,2025-07,11.791
SHP00474,2025-09-21,South,Rail,334.6,2097.4,19.82,30,True,229.67,4.89,2025-09,0.11
SHP00475,2025-06-19,Central,Sea,895.1,184.5,46.77,50,True,247.99,2.51,2025-06,1.344
SHP00476,2025-06-10,West,Air,1009.7,276.5,5.58,14,True,4760.68,5.0,2025-06,17.218
SHP00477,2025-05-14,East,Road,339.4,453.6,26.46,24,False,308.91,3.16,2025-05,0.681
SHP00478,2025-09-19,West,Road,543.0,1727.9,18.92,24,True,529.76,4.39,2025-09,0.307
SHP00479,2025-09-26,East,Sea,967.5,513.8,37.65,50,True,256.36,3.82,2025-09,0.499
SHP00480,2025-11-25,Central,Sea,563.5,173.6,51.02,50,False,139.63,4.51,2025-11,0.804
SHP00481,2025-06-22,North,Rail,986.1,169.6,46.97,30,False,537.34,2.39,2025-06,3.168
SHP00482,2025-06-09,South,Road,428.3,407.1,24.19,24,False,372.19,3.55,2025-06,0.914
SHP00483,2025-10-21,South,Road,338.2,514.8,24.63,24,False,281.58,4.13,2025-10,0.547
SHP00484,2025-08-02,West,Sea,879.7,359.3,72.91,50,False,219.47,3.17,2025-08,0.611
SHP00485,2025-04-15,Central,Road,665.2,496.0,23.53,24,True,614.45,2.9,2025-04,1.239
SHP00486,2025-06-18,Central,Sea,1094.3,652.8,43.79,50,True,308.7,4.13,2025-06,0.473
SHP00487,2025-11-05,North,Sea,380.9,198.0,43.38,50,True,96.11,4.25,2025-11,0.485
SHP00488,2025-06-21,East,Rail,808.4,182.2,19.12,30,True,452.98,4.55,2025-06,2.486
SHP00489,2025-10-07,North,Rail,457.4,221.7,29.2,30,True,238.27,3.51,2025-10,1.075
SHP00490,2025-10-16,South,Road,710.0,162.7,22.56,24,True,700.85,4.13,2025-10,4.308
SHP00491,2025-01-18,East,Road,400.0,21.2,15.0,24,True,369.07,4.71,2025-01,17.409
SHP00492,2025-09-10,West,Sea,708.5,714.4,57.8,50,False,193.63,2.7,2025-09,0.271
SHP00493,2025-10-15,West,Sea,574.2,325.8,31.82,50,True,141.93,4.22,2025-10,0.436
SHP00494,2025-07-17,West,Road,149.2,383.3,14.66,24,True,123.43,4.48,2025-07,0.322
SHP00495,2025-08-12,East,Sea,970.9,609.7,31.22,50,True,243.09,4.36,2025-08,0.399
SHP00496,2025-10-09,North,Road,179.9,381.3,15.91,24,True,177.96,2.78,2025-10,0.467
SHP00497,2025-04-10,North,Air,1573.3,331.7,8.77,14,True,6672.42,4.08,2025-04,20.116
SHP00498,2025-08-02,East,Rail,784.4,337.0,39.19,30,False,488.02,3.24,2025-08,1.448
SHP00499,2025-07-10,West,Road,530.8,243.3,34.37,24,False,475.82,2.44,2025-07,1.956
SHP00500,2025-11-02,West,Road,512.1,724.0,14.95,24,True,563.72,4.65,2025-11,0.779
SHP00501,2025-12-03,North,Road,467.0,2293.9,24.58,24,False,476.62,3.68,2025-12,0.208
SHP00502,2025-06-05,East,Rail,1195.0,233.4,23.24,30,True,651.6,3.41,2025-06,2.792
SHP00503,2025-08-22,North,Road,285.3,283.3,13.25,24,True,285.87,4.09,2025-08,1.009
SHP00504,2025-10-13,South,Road,193.6,320.9,13.26,24,True,192.73,5.0,2025-10,0.601
SHP00505,2025-08-18,North,Air,2964.4,1258.9,9.84,14,True,10266.21,4.29,2025-08,8.155
SHP00506,2025-02-27,North,Road,600.9,1361.0,26.98,24,False,539.79,2.14,2025-02,0.397
SHP00507,2025-03-15,North,Road,397.9,449.8,11.83,24,True,335.73,5.0,2025-03,0.746
SHP00508,2025-11-06,West,Rail,156.2,289.9,12.44,30,True,103.91,4.56,2025-11,0.358
SHP00509,2025-01-06,Central,Sea,1012.5,241.1,86.25,50,False,293.63,2.64,2025-01,1.218
SHP00510,2025-04-08,East,Air,1544.7,541.4,6.76,14,True,6467.52,5.0,2025-04,11.946
SHP00511,2025-10-05,Central,Air,1220.6,153.0,12.88,14,True,5725.88,3.7,2025-10,37.424
SHP00512,2025-09-30,East,Air,3894.1,62.5,13.64,14,True,16508.63,3.73,2025-09,264.138
SHP00513,2025-04-25,West,Road,641.3,515.9,18.15,24,True,566.0,5.0,2025-04,1.097
SHP00514,2025-02-08,South,Road,540.2,363.8,22.83,24,True,568.01,3.36,2025-02,1.561
SHP00515,2025-12-09,North,Road,362.7,523.3,25.18,24,False,381.17,3.24,2025-12,0.728
SHP00516,2025-11-29,South,Sea,612.4,244.7,52.68,50,False,186.66,3.37,2025-11,0.763
SHP00517,2025-10-03,East,Road,436.4,3131.8,13.2,24,True,437.6,4.61,2025-10,0.14
SHP00518,2025-02-16,North,Rail,948.8,2041.4,36.9,30,False,646.63,4.38,2025-02,0.317
SHP00519,2025-10-25,East,Air,1351.4,189.1,11.75,14,True,6168.49,4.97,2025-10,32.62
SHP00520,2025-07-27,Central,Road,126.4,1917.4,9.42,24,True,172.55,4.63,2025-07,0.09
SHP00521,2025-06-25,South,Road,569.7,356.1,17.91,24,True,505.07,4.53,2025-06,1.418
SHP00522,2025-07-29,West,Road,355.1,216.2,14.72,24,True,320.37,5.0,2025-07,1.482
SHP00523,2025-10-06,East,Road,298.5,381.5,19.22,24,True,304.69,3.19,2025-10,0.799
SHP00524,2025-02-15,North,Air,2218.0,954.0,7.55,14,True,7983.04,4.18,2025-02,8.368
SHP00525,2025-06-26,West,Road,233.4,800.6,23.62,24,True,209.53,3.33,2025-06,0.262
SHP00526,2025-08-01,West,Rail,841.0,1048.5,27.67,30,True,496.98,3.33,2025-08,0.474
SHP00527,2025-08-25,West,Rail,335.1,85.1,9.5,30,True,182.15,5.0,2025-08,2.14
SHP00528,2025-01-11,South,Road,332.5,173.6,14.72,24,True,303.22,3.98,2025-01,1.747
SHP00529,2025-12-25,North,Rail,842.1,84.4,24.54,30,True,515.92,4.38,2025-12,6.113
SHP00530,2025-03-02,Central,Road,269.4,222.9,18.37,24,True,267.23,4.18,2025-03,1.199
SHP00531,2025-10-13,South,Sea,659.7,1093.0,68.91,50,False,167.13,3.37,2025-10,0.153
SHP00532,2025-07-25,East,Road,425.1,5576.7,8.81,24,True,545.84,4.85,2025-07,0.098
SHP00533,2025-04-28,South,Rail,744.1,952.4,29.3,30,True,434.91,3.78,2025-04,0.457
SHP00534,2025-10-02,South,Road,370.7,409.2,18.7,24,True,374.73,3.12,2025-10,0.916
SHP00535,2025-06-01,Central,Air,2254.9,230.5,7.82,14,True,9304.63,5.0,2025-06,40.367
SHP00536,2025-07-22,West,Rail,538.0,529.8,26.73,30,True,313.66,2.6,2025-07,0.592
SHP00537,2025-11-17,South,Sea,1656.5,228.2,55.05,50,False,425.74,3.66,2025-11,1.866
SHP00538,2025-11-12,North,Road,300.1,240.6,33.08,24,False,253.52,2.92,2025-11,1.054
SHP00539,2025-10-14,West,Road,289.0,796.6,13.74,24,True,266.86,4.07,2025-10,0.335
SHP00540,2025-05-18,East,Air,2158.6,967.6,12.46,14,True,8952.14,3.22,2025-05,9.252
SHP00541,2025-03-06,East,Road,335.6,713.1,33.33,24,False,317.34,2.19,2025-03,0.445
SHP00542,2025-07-22,South,Air,4894.2,202.6,23.1,14,False,19660.36,2.71,2025-07,97.04
SHP00543,2025-07-05,South,Rail,1053.1,137.0,41.56,30,False,532.29,2.21,2025-07,3.885
SHP00544,2025-01-26,West,Road,255.0,290.1,19.33,24,True,203.45,3.44,2025-01,0.701
SHP00545,2025-03-14,West,Road,750.2,217.4,37.74,24,False,672.45,2.22,2025-03,3.093
SHP00546,2025-09-29,South,Road,249.7,109.4,10.88,24,True,242.78,4.55,2025-09,2.219
SHP00547,2025-05-12,East,Road,709.9,343.0,27.76,24,False,677.22,4.04,2025-05,1.974
SHP00548,2025-11-17,North,Sea,1060.4,582.9,64.95,50,False,291.28,3.08,2025-11,0.5
SHP00549,2025-06-11,West,Sea,1064.9,421.3,36.02,50,True,269.41,3.82,2025-06,0.639
SHP00550,2025-11-03,North,Road,301.7,596.8,12.12,24,True,299.33,5.0,2025-11,0.502
SHP00551,2025-05-18,East,Sea,396.3,315.0,46.45,50,True,100.6,3.92,2025-05,0.319
SHP00552,2025-12-20,South,Road,667.6,537.6,16.36,24,True,600.78,4.18,2025-12,1.118
SHP00553,2025-05-12,East,Air,800.2,77.1,5.09,14,True,3344.72,5.0,2025-05,43.382
SHP00554,2025-01-01,East,Sea,680.7,191.7,37.4,50,True,176.63,4.5,2025-01,0.921
SHP00555,2025-03-09,North,Road,365.6,1360.9,9.25,24,True,331.38,3.54,2025-03,0.244
SHP00556,2025-06-02,Central,Road,437.3,883.4,36.17,24,False,422.06,2.91,2025-06,0.478
SHP00557,2025-05-24,North,Sea,946.3,426.7,41.26,50,True,241.44,3.78,2025-05,0.566
SHP00558,2025-06-05,East,Air,1349.0,135.9,5.67,14,True,5063.65,4.8,2025-06,37.26
SHP00559,2025-09-27,Central,Road,253.2,2721.5,19.93,24,True,307.41,4.49,2025-09,0.113
SHP00560,2025-08-24,West,Road,391.9,108.7,14.91,24,True,346.11,4.59,2025-08,3.184
SHP00561,2025-06-04,East,Road,475.1,234.7,12.67,24,True,395.47,4.08,2025-06,1.685
SHP00562,2025-04-12,West,Sea,685.2,2472.1,59.11,50,False,226.52,3.45,2025-04,0.092
SHP00563,2025-07-20,North,Road,1032.2,438.4,22.98,24,True,1021.8,3.97,2025-07,2.331
SHP00564,2025-01-03,North,Rail,987.7,288.3,38.69,30,False,494.91,3.68,2025-01,1.717
SHP00565,2025-10-06,West,Road,379.3,469.3,9.5,24,True,384.72,4.58,2025-10,0.82
SHP00566,2025-08-11,West,Road,647.1,229.6,26.91,24,False,664.66,2.72,2025-08,2.895
SHP00567,2025-03-02,North,Rail,315.4,182.5,33.46,30,False,177.85,2.88,2025-03,0.975
SHP00568,2025-03-08,North,Sea,624.7,328.9,70.3,50,False,177.45,3.41,2025-03,0.54
SHP00569,2025-03-17,South,Rail,873.5,1482.4,31.48,30,False,505.64,3.04,2025-03,0.341
SHP00570,2025-11-07,North,Road,586.0,792.5,19.23,24,True,585.29,3.77,2025-11,0.739
SHP00571,2025-05-20,Central,Road,394.3,133.1,21.25,24,True,420.15,4.21,2025-05,3.157
SHP00572,2025-11-24,East,Road,154.4,496.2,7.31,24,True,157.76,4.69,2025-11,0.318
SHP00573,2025-07-26,East,Road,607.7,364.0,23.1,24,True,454.55,4.78,2025-07,1.249
SHP00574,2025-01-23,West,Road,445.6,402.4,12.04,24,True,376.02,4.26,2025-01,0.934
SHP00575,2025-07-26,East,Road,437.4,859.5,36.32,24,False,395.11,1.85,2025-07,0.46
SHP00576,2025-05-18,North,Rail,542.2,400.8,14.37,30,True,308.72,5.0,2025-05,0.77
SHP00577,2025-10-22,North,Road,465.9,446.8,21.98,24,True,421.44,3.41,2025-10,0.943
SHP00578,2025-06-17,North,Rail,927.3,220.5,33.06,30,False,500.81,4.04,2025-06,2.271
SHP00579,2025-11-22,South,Road,415.6,173.7,10.91,24,True,325.25,5.0,2025-11,1.872
SHP00580,2025-06-12,North,Sea,717.7,738.2,32.08,50,True,203.05,4.77,2025-06,0.275
SHP00581,2025-05-27,East,Road,454.9,135.4,22.19,24,True,454.48,2.42,2025-05,3.357
SHP00582,2025-07-03,South,Rail,1248.1,1988.9,25.04,30,True,751.06,4.19,2025-07,0.378
SHP00583,2025-12-22,South,Sea,490.3,1080.0,17.33,50,True,180.51,4.08,2025-12,0.167
SHP00584,2025-03-30,South,Air,1988.9,85.0,20.33,14,False,9739.66,3.28,2025-03,114.584
SHP00585,2025-12-25,West,Sea,974.2,339.8,56.67,50,False,281.23,2.96,2025-12,0.828
SHP00586,2025-02-17,Central,Road,406.0,86.1,12.74,24,True,363.0,4.41,2025-02,4.216
SHP00587,2025-12-14,North,Road,437.2,600.7,19.71,24,True,412.95,3.94,2025-12,0.687
SHP00588,2025-01-02,East,Road,390.8,296.2,13.44,24,True,385.16,4.54,2025-01,1.3
SHP00589,2025-03-15,South,Road,218.0,357.8,15.84,24,True,202.64,3.58,2025-03,0.566
SHP00590,2025-10-14,Central,Sea,468.2,222.7,46.12,50,True,114.79,3.68,2025-10,0.515
SHP00591,2025-02-07,South,Road,366.8,419.4,18.24,24,True,358.57,4.84,2025-02,0.855
SHP00592,2025-10-08,North,Road,411.6,1024.0,20.12,24,True,402.99,4.26,2025-10,0.394
SHP00593,2025-05-11,West,Rail,766.0,796.0,28.05,30,True,426.17,3.92,2025-05,0.535
SHP00594,2025-03-29,West,Road,210.0,306.2,15.23,24,True,183.36,4.49,2025-03,0.599
SHP00595,2025-08-25,Central,Road,153.3,5167.5,12.42,24,True,259.91,4.75,2025-08,0.05
SHP00596,2025-04-25,North,Road,727.0,416.5,17.55,24,True,748.42,4.7,2025-04,1.797
SHP00597,2025-11-18,East,Rail,381.1,650.2,21.63,30,True,208.23,5.0,2025-11,0.32
SHP00598,2025-11-09,East,Road,1259.3,327.8,36.75,24,False,1163.21,2.32,2025-11,3.549
SHP00599,2025-08-30,South,Road,181.4,210.0,23.98,24,True,173.27,4.28,2025-08,0.825
SHP00600,2025-11-01,South,Road,919.1,172.1,34.13,24,False,853.24,3.27,2025-11,4.958
SHP00601,2025-03-31,South,Rail,624.4,138.8,48.56,30,False,332.7,2.48,2025-03,2.397
SHP00602,2025-11-21,East,Road,116.0,465.7,13.78,24,True,120.92,4.02,2025-11,0.26
SHP00603,2025-02-28,North,Rail,723.3,142.9,30.01,30,False,393.18,3.05,2025-02,2.751
SHP00604,2025-06-25,North,Sea,458.4,215.3,25.43,50,True,124.56,4.13,2025-06,0.579
SHP00605,2025-09-04,West,Rail,968.8,128.9,35.1,30,False,578.83,3.53,2025-09,4.491
SHP00606,2025-02-24,West,Road,262.2,190.4,15.3,24,True,214.68,3.59,2025-02,1.128
SHP00607,2025-07-06,Central,Rail,375.7,130.7,13.8,30,True,206.86,4.68,2025-07,1.583
SHP00608,2025-07-10,South,Road,360.7,29.7,23.33,24,True,358.25,3.95,2025-07,12.062
SHP00609,2025-10-09,South,Road,666.5,487.1,23.05,24,True,622.47,3.24,2025-10,1.278
SHP00610,2025-10-14,West,Road,429.8,984.6,18.34,24,True,414.06,4.91,2025-10,0.421
SHP00611,2025-05-21,South,Road,417.7,50.3,21.53,24,True,414.99,5.0,2025-05,8.25
SHP00612,2025-01-09,East,Road,671.3,286.3,30.2,24,False,636.88,3.01,2025-01,2.225
SHP00613,2025-03-28,South,Sea,521.1,1474.8,42.72,50,True,176.51,4.26,2025-03,0.12
SHP00614,2025-04-20,Central,Road,310.8,2561.7,9.35,24,True,395.6,4.86,2025-04,0.154
SHP00615,2025-05-05,West,Road,396.5,2055.3,24.69,24,False,428.33,3.05,2025-05,0.208
SHP00616,2025-05-05,East,Rail,430.5,1404.8,33.98,30,False,249.66,3.19,2025-05,0.178
SHP00617,2025-05-26,East,Road,492.9,283.0,22.29,24,True,483.36,3.91,2025-05,1.708
SHP00618,2025-11-04,Central,Sea,815.7,528.3,52.22,50,False,218.05,4.23,2025-11,0.413
SHP00619,2025-07-29,West,Road,526.7,162.7,23.25,24,True,440.53,3.58,2025-07,2.708
SHP00620,2025-04-08,Central,Air,5836.6,314.9,13.85,14,True,20667.11,3.43,2025-04,65.631
SHP00621,2025-07-12,South,Road,560.4,1284.8,29.99,24,False,599.66,3.4,2025-07,0.467
SHP00622,2025-03-30,West,Air,1705.4,2560.2,8.42,14,True,5941.68,4.42,2025-03,2.321
SHP00623,2025-01-10,North,Air,1688.6,1161.6,6.72,14,True,7131.93,4.8,2025-01,6.14
SHP00624,2025-10-23,West,Sea,677.1,772.9,32.81,50,True,179.61,4.87,2025-10,0.232
SHP00625,2025-03-25,Central,Road,329.5,652.7,18.06,24,True,289.04,4.8,2025-03,0.443
SHP00626,2025-01-09,West,Road,409.3,259.5,20.71,24,True,365.49,3.94,2025-01,1.408
SHP00627,2025-10-23,North,Road,335.2,100.2,18.82,24,True,322.87,4.14,2025-10,3.222
SHP00628,2025-04-05,North,Rail,1428.6,227.3,36.07,30,False,693.09,2.77,2025-04,3.049
SHP00629,2025-10-08,West,Sea,899.5,149.8,46.47,50,True,223.05,2.89,2025-10,1.489
SHP00630,2025-12-04,North,Road,735.5,329.1,46.36,24,False,677.38,2.25,2025-12,2.058
SHP00631,2025-10-30,North,Rail,592.4,201.3,41.15,30,False,310.01,2.9,2025-10,1.54
SHP00632,2025-05-18,South,Road,312.7,808.9,15.48,24,True,295.96,5.0,2025-05,0.366
SHP00633,2025-11-04,East,Road,392.6,746.2,36.1,24,False,432.58,2.35,2025-11,0.58
SHP00634,2025-11-21,North,Road,491.8,863.9,18.17,24,True,422.91,4.71,2025-11,0.49
SHP00635,2025-12-19,North,Air,1559.4,718.5,7.59,14,True,5689.87,4.58,2025-12,7.919
SHP00636,2025-06-09,West,Road,499.7,455.1,30.12,24,False,388.01,2.65,2025-06,0.853
SHP00637,2025-02-12,North,Sea,671.3,248.8,60.55,50,False,186.32,2.87,2025-02,0.749
SHP00638,2025-07-13,East,Sea,1127.7,571.7,52.22,50,False,298.11,2.67,2025-07,0.521
SHP00639,2025-11-20,East,Road,584.8,546.4,23.55,24,True,530.4,3.09,2025-11,0.971
SHP00640,2025-01-17,South,Road,1084.2,2166.2,37.34,24,False,1035.52,2.37,2025-01,0.478
SHP00641,2025-06-12,East,Rail,1466.9,387.7,40.26,30,False,782.43,3.48,2025-06,2.018
SHP00642,2025-11-29,East,Road,500.6,821.4,18.03,24,True,447.62,3.71,2025-11,0.545
SHP00643,2025-07-20,East,Road,207.1,160.6,23.87,24,True,205.98,4.51,2025-07,1.283
SHP00644,2025-05-22,West,Road,352.9,173.2,15.76,24,True,307.18,4.57,2025-05,1.774
SHP00645,2025-08-24,West,Road,225.5,355.8,9.44,24,True,205.83,4.61,2025-08,0.578
SHP00646,2025-01-24,Central,Sea,900.7,1097.2,61.49,50,False,267.98,4.02,2025-01,0.244
SHP00647,2025-11-25,North,Road,318.3,435.3,11.36,24,True,270.57,4.68,2025-11,0.622
SHP00648,2025-06-12,West,Air,1174.2,718.3,7.53,14,True,5218.66,4.86,2025-06,7.265
SHP00649,2025-12-09,South,Rail,812.5,196.3,50.03,30,False,402.81,2.86,2025-12,2.052
SHP00650,2025-03-29,Central,Road,629.2,1113.1,25.21,24,False,560.81,4.04,2025-03,0.504
SHP00651,2025-01-21,West,Road,617.5,611.5,18.39,24,True,545.13,4.54,2025-01,0.891
SHP00652,2025-12-30,North,Road,627.1,83.9,21.63,24,True,594.8,4.14,2025-12,7.089
SHP00653,2025-03-03,West,Road,433.9,326.2,17.0,24,True,386.47,5.0,2025-03,1.185
SHP00654,2025-11-22,West,Road,908.4,323.2,23.19,24,True,906.26,4.09,2025-11,2.804
SHP00655,2025-12-09,North,Rail,1001.4,279.0,17.78,30,True,584.34,3.44,2025-12,2.094
SHP00656,2025-08-03,West,Rail,266.4,707.6,8.9,30,True,136.86,5.0,2025-08,0.193
SHP00657,2025-03-18,West,Sea,469.5,43.8,25.59,50,True,111.35,5.0,2025-03,2.542
SHP00658,2025-08-16,Central,Road,173.0,2570.9,8.39,24,True,241.03,5.0,2025-08,0.094
SHP00659,2025-11-06,East,Road,573.5,168.5,27.36,24,False,554.99,2.53,2025-11,3.294
SHP00660,2025-07-16,West,Road,452.3,290.3,21.2,24,True,418.58,3.71,2025-07,1.442
SHP00661,2025-11-14,South,Rail,777.0,973.5,17.51,30,True,453.08,4.69,2025-11,0.465
SHP00662,2025-06-30,South,Road,350.5,675.3,20.44,24,True,323.17,3.26,2025-06,0.479
SHP00663,2025-05-14,West,Sea,53.9,1603.1,39.58,50,True,55.65,3.87,2025-05,0.035
SHP00664,2025-10-14,North,Road,564.7,408.0,20.18,24,True,470.22,3.85,2025-10,1.152
SHP00665,2025-02-04,South,Road,632.4,1126.4,13.77,24,True,608.97,5.0,2025-02,0.541
SHP00666,2025-10-09,East,Sea,505.8,486.0,24.26,50,True,156.54,3.71,2025-10,0.322
SHP00667,2025-03-27,South,Air,2687.7,312.4,13.22,14,True,10996.95,3.94,2025-03,35.202
SHP00668,2025-11-18,South,Road,113.7,560.0,16.97,24,True,107.03,3.35,2025-11,0.191
SHP00669,2025-05-08,West,Road,234.3,1052.4,12.22,24,True,246.53,4.58,2025-05,0.234
SHP00670,2025-07-01,East,Sea,270.6,902.3,47.67,50,True,94.08,3.77,2025-07,0.104
SHP00671,2025-05-19,North,Sea,1246.8,533.8,66.45,50,False,343.58,3.46,2025-05,0.644
SHP00672,2025-10-28,East,Road,461.6,420.6,12.9,24,True,450.71,4.19,2025-10,1.072
SHP00673,2025-06-19,West,Road,591.0,250.6,19.35,24,True,424.01,3.96,2025-06,1.692
SHP00674,2025-06-01,North,Road,546.8,665.9,17.95,24,True,467.85,4.99,2025-06,0.703
SHP00675,2025-02-26,West,Sea,580.4,339.0,77.51,50,False,141.73,2.11,2025-02,0.418
SHP00676,2025-04-26,North,Road,454.0,703.6,21.62,24,True,427.28,3.96,2025-04,0.607
SHP00677,2025-03-21,North,Road,686.4,224.4,19.53,24,True,636.74,4.56,2025-03,2.838
SHP00678,2025-02-11,West,Road,240.5,514.0,8.76,24,True,197.71,5.0,2025-02,0.385
SHP00679,2025-04-02,South,Road,309.0,168.3,12.83,24,True,325.94,4.88,2025-04,1.937
SHP00680,2025-07-10,South,Rail,733.0,198.1,35.03,30,False,445.95,3.32,2025-07,2.251
SHP00681,2025-10-27,South,Road,433.2,472.9,19.11,24,True,335.4,4.23,2025-10,0.709
SHP00682,2025-02-20,South,Road,478.4,1495.0,17.87,24,True,460.43,3.78,2025-02,0.308
SHP00683,2025-10-10,West,Road,391.7,84.0,12.94,24,True,339.88,4.64,2025-10,4.046
SHP00684,2025-12-10,North,Rail,317.8,301.1,23.52,30,True,193.49,4.63,2025-12,0.643
SHP00685,2025-09-27,West,Air,1261.8,713.5,10.38,14,True,5406.95,4.96,2025-09,7.578
SHP00686,2025-08-06,Central,Road,603.0,35.3,21.2,24,True,560.51,4.26,2025-08,15.878
SHP00687,2025-09-02,East,Air,1647.1,151.3,7.65,14,True,6971.93,4.55,2025-09,46.08
SHP00688,2025-05-05,Central,Road,189.6,487.7,4.84,24,True,196.78,5.0,2025-05,0.403
SHP00689,2025-06-28,Central,Sea,1133.2,351.8,46.5,50,True,275.09,3.17,2025-06,0.782
SHP00690,2025-05-23,East,Air,1301.0,532.7,15.53,14,False,5631.92,3.55,2025-05,10.572
SHP00691,2025-08-23,North,Rail,735.0,1500.7,26.76,30,True,486.47,4.19,2025-08,0.324
SHP00692,2025-07-15,East,Road,510.1,649.0,19.68,24,True,403.06,4.46,2025-07,0.621
SHP00693,2025-12-02,West,Sea,981.2,543.9,50.61,50,False,225.81,3.48,2025-12,0.415
SHP00694,2025-03-23,East,Road,278.2,183.3,10.93,24,True,236.15,4.33,2025-03,1.288
SHP00695,2025-09-16,West,Sea,594.4,104.0,45.29,50,True,162.73,4.09,2025-09,1.565
SHP00696,2025-04-15,West,Rail,317.7,87.3,25.21,30,True,176.89,4.51,2025-04,2.026
SHP00697,2025-09-10,East,Road,164.2,147.8,16.78,24,True,179.23,4.33,2025-09,1.213
SHP00698,2025-04-21,Central,Road,700.2,406.6,21.73,24,True,692.56,3.3,2025-04,1.703
SHP00699,2025-10-07,South,Sea,807.3,416.5,44.58,50,True,209.14,4.31,2025-10,0.502
SHP00700,2025-07-05,East,Road,452.8,87.0,13.42,24,True,389.8,4.2,2025-07,4.48
SHP00701,2025-07-06,South,Rail,411.4,60.6,11.68,30,True,192.24,4.06,2025-07,3.172
SHP00702,2025-01-19,Central,Sea,840.1,160.1,79.52,50,False,214.8,1.99,2025-01,1.342
SHP00703,2025-10-17,West,Road,303.9,611.2,22.07,24,True,289.99,3.78,2025-10,0.474
SHP00704,2025-08-02,East,Road,284.8,346.4,17.38,24,True,293.52,4.48,2025-08,0.847
SHP00705,2025-02-02,West,Sea,808.1,857.2,85.85,50,False,237.18,2.77,2025-02,0.277
SHP00706,2025-04-01,North,Road,686.4,1039.9,36.23,24,False,602.93,3.71,2025-04,0.58
SHP00707,2025-04-25,West,Road,240.1,1849.5,18.25,24,True,269.46,4.18,2025-04,0.146
SHP00708,2025-02-23,West,Road,327.4,1002.2,22.11,24,True,337.36,3.64,2025-02,0.337
SHP00709,2025-03-18,South,Road,518.9,945.9,21.68,24,True,518.96,4.01,2025-03,0.549
SHP00710,2025-06-23,Central,Sea,233.3,418.7,13.19,50,True,69.1,4.68,2025-06,0.165
SHP00711,2025-11-05,North,Sea,1147.7,826.4,96.41,50,False,310.93,1.87,2025-11,0.376
SHP00712,2025-02-27,Central,Road,254.8,116.9,25.01,24,False,234.26,4.42,2025-02,2.004
SHP00713,2025-03-21,South,Road,367.6,889.9,15.88,24,True,348.42,3.57,2025-03,0.392
SHP00714,2025-12-02,North,Air,3021.5,98.3,8.88,14,True,13117.73,3.69,2025-12,133.446
SHP00715,2025-09-02,South,Road,690.9,1699.5,35.05,24,False,678.06,2.92,2025-09,0.399
SHP00716,2025-09-22,Central,Road,285.5,480.9,13.3,24,True,270.74,4.45,2025-09,0.563
SHP00717,2025-02-15,Central,Road,586.0,365.4,19.19,24,True,561.97,4.45,2025-02,1.538
SHP00718,2025-08-27,North,Road,514.7,1397.1,22.0,24,True,513.35,3.29,2025-08,0.367
SHP00719,2025-04-18,North,Rail,268.6,395.4,26.04,30,True,171.6,2.97,2025-04,0.434
SHP00720,2025-06-10,North,Road,175.4,265.4,12.37,24,True,165.84,4.93,2025-06,0.625
SHP00721,2025-09-15,West,Air,1748.0,1499.8,17.37,14,False,7405.71,3.14,2025-09,4.938
SHP00722,2025-05-06,Central,Rail,742.8,603.2,38.43,30,False,436.74,3.17,2025-05,0.724
SHP00723,2025-02-03,South,Road,450.7,1711.0,21.73,24,True,488.5,3.7,2025-02,0.286
SHP00724,2025-06-15,West,Road,266.3,86.5,18.43,24,True,229.72,3.48,2025-06,2.656
SHP00725,2025-03-30,West,Sea,337.0,269.3,24.31,50,True,92.13,5.0,2025-03,0.342
SHP00726,2025-04-10,West,Rail,1453.5,499.0,29.21,30,True,763.03,4.43,2025-04,1.529
SHP00727,2025-06-21,South,Road,657.8,323.3,37.79,24,False,557.75,2.73,2025-06,1.725
SHP00728,2025-03-20,East,Rail,1598.6,2560.6,50.38,30,False,801.93,2.89,2025-03,0.313
SHP00729,2025-09-26,Central,Rail,351.4,144.9,35.62,30,False,189.21,3.44,2025-09,1.306
SHP00730,2025-08-07,West,Rail,585.8,1013.7,20.32,30,True,354.84,4.83,2025-08,0.35
SHP00731,2025-08-25,North,Sea,180.9,1316.4,15.9,50,True,93.17,5.0,2025-08,0.071
SHP00732,2025-01-26,West,Rail,590.0,152.0,27.72,30,True,257.54,4.19,2025-01,1.694
SHP00733,2025-03-28,East,Sea,484.6,424.9,35.49,50,True,126.23,3.88,2025-03,0.297
SHP00734,2025-10-17,East,Sea,887.6,806.0,35.77,50,True,242.3,4.52,2025-10,0.301
SHP00735,2025-12-24,South,Road,462.6,205.5,28.61,24,False,428.36,3.54,2025-12,2.084
SHP00736,2025-05-26,East,Road,256.0,1147.6,14.04,24,True,239.64,5.0,2025-05,0.209
SHP00737,2025-06-01,North,Rail,1004.8,367.8,36.35,30,False,540.03,2.77,2025-06,1.468
SHP00738,2025-03-03,North,Sea,944.8,174.5,96.15,50,False,235.98,1.03,2025-03,1.352
SHP00739,2025-12-12,South,Rail,245.9,541.4,17.83,30,True,155.35,4.71,2025-12,0.287
SHP00740,2025-10-12,West,Sea,981.9,188.8,39.95,50,True,225.61,4.64,2025-10,1.195
SHP00741,2025-09-15,South,Sea,1866.5,860.2,69.88,50,False,463.54,2.99,2025-09,0.539
SHP00742,2025-10-20,East,Road,206.5,400.3,11.83,24,True,223.8,5.0,2025-10,0.559
SHP00743,2025-05-15,East,Road,356.9,637.8,10.69,24,True,316.3,4.52,2025-05,0.496
SHP00744,2025-02-03,East,Road,531.7,1320.0,21.79,24,True,501.02,3.98,2025-02,0.38
SHP00745,2025-05-14,South,Road,392.1,363.6,22.03,24,True,399.39,3.97,2025-05,1.098
SHP00746,2025-04-20,Central,Rail,526.5,374.4,29.6,30,True,299.81,4.72,2025-04,0.801
SHP00747,2025-06-17,West,Rail,664.1,301.1,29.7,30,True,376.64,4.0,2025-06,1.251
SHP00748,2025-08-07,East,Road,703.8,338.7,37.54,24,False,700.62,2.6,2025-08,2.069
SHP00749,2025-10-04,North,Sea,1444.7,200.8,65.49,50,False,339.36,3.02,2025-10,1.69
SHP00750,2025-12-13,Central,Road,387.3,306.2,13.26,24,True,308.44,4.57,2025-12,1.007
SHP00751,2025-08-03,South,Road,315.5,143.7,9.17,24,True,296.1,4.63,2025-08,2.061
SHP00752,2025-03-13,South,Road,788.0,543.0,29.88,24,False,685.39,4.3,2025-03,1.262
SHP00753,2025-02-07,South,Air,2282.6,555.5,5.36,14,True,9009.67,5.0,2025-02,16.219
SHP00754,2025-12-01,Central,Sea,827.1,215.7,105.56,50,False,194.53,2.26,2025-12,0.902
SHP00755,2025-11-18,North,Road,782.5,193.7,22.69,24,True,672.59,3.43,2025-11,3.472
SHP00756,2025-01-27,South,Road,512.1,179.4,34.37,24,False,418.91,3.25,2025-01,2.335
SHP00757,2025-02-12,East,Sea,285.7,298.2,25.99,50,True,70.66,4.0,2025-02,0.237
SHP00758,2025-05-17,South,Air,2078.3,1809.2,15.46,14,False,9028.5,3.7,2025-05,4.99
SHP00759,2025-12-30,Central,Road,613.1,322.4,24.26,24,False,582.01,3.96,2025-12,1.805
SHP00760,2025-02-22,North,Road,256.7,350.2,16.82,24,True,251.81,4.43,2025-02,0.719
SHP00761,2025-02-18,West,Road,750.8,841.0,16.92,24,True,740.21,4.63,2025-02,0.88
SHP00762,2025-07-04,North,Sea,1321.6,133.3,94.17,50,False,350.38,1.72,2025-07,2.629
SHP00763,2025-03-22,North,Road,772.9,274.4,25.69,24,False,604.35,3.43,2025-03,2.202
SHP00764,2025-09-26,North,Rail,483.2,322.3,25.2,30,True,268.57,3.23,2025-09,0.833
SHP00765,2025-11-10,East,Road,541.3,2944.4,30.06,24,False,553.24,3.2,2025-11,0.188
SHP00766,2025-01-06,Central,Road,361.6,1920.9,17.38,24,True,347.36,4.07,2025-01,0.181
SHP00767,2025-04-01,South,Road,322.5,139.4,10.05,24,True,302.94,4.44,2025-04,2.173
SHP00768,2025-01-30,West,Sea,591.7,228.2,55.43,50,False,151.15,2.38,2025-01,0.662
SHP00769,2025-09-23,East,Rail,729.7,291.7,21.67,30,True,389.49,5.0,2025-09,1.335
SHP00770,2025-09-08,South,Air,2036.2,511.2,22.89,14,False,8090.64,2.76,2025-09,15.827
SHP00771,2025-03-18,Central,Road,845.6,485.4,22.49,24,True,699.92,3.6,2025-03,1.442
SHP00772,2025-02-16,Central,Road,253.7,120.4,16.92,24,True,200.7,4.32,2025-02,1.667
SHP00773,2025-11-25,North,Road,496.8,341.2,21.99,24,True,382.4,4.34,2025-11,1.121
SHP00774,2025-03-27,North,Road,842.9,943.7,21.0,24,True,755.46,4.56,2025-03,0.801
SHP00775,2025-04-16,North,Air,1788.9,597.3,9.07,14,True,8043.58,4.7,2025-04,13.467
SHP00776,2025-06-17,Central,Road,854.9,52.6,32.17,24,False,787.25,2.1,2025-06,14.967
SHP00777,2025-08-15,Central,Road,373.9,154.8,19.79,24,True,323.04,3.65,2025-08,2.087
SHP00778,2025-06-17,East,Road,238.2,292.2,9.84,24,True,249.35,5.0,2025-06,0.853
SHP00779,2025-12-01,West,Road,238.0,1527.0,19.57,24,True,256.79,4.02,2025-12,0.168
SHP00780,2025-05-01,North,Air,3752.3,563.3,12.5,14,True,15990.87,3.82,2025-05,28.388
SHP00781,2025-11-20,South,Road,578.5,1114.1,16.37,24,True,536.03,3.73,2025-11,0.481
SHP00782,2025-06-27,West,Road,325.5,179.8,12.17,24,True,290.19,4.29,2025-06,1.614
SHP00783,2025-03-17,West,Road,524.0,310.9,21.39,24,True,599.92,3.49,2025-03,1.93
SHP00784,2025-08-21,East,Rail,438.5,651.5,18.56,30,True,268.97,3.92,2025-08,0.413
SHP00785,2025-01-21,North,Road,449.2,1362.4,18.94,24,True,492.93,3.54,2025-01,0.362
SHP00786,2025-08-12,East,Rail,584.7,1177.2,16.73,30,True,372.48,4.06,2025-08,0.316
SHP00787,2025-06-13,Central,Sea,264.2,1069.8,29.82,50,True,100.45,4.31,2025-06,0.094
SHP00788,2025-01-18,North,Road,233.9,707.1,13.93,24,True,252.47,4.77,2025-01,0.357
SHP00789,2025-09-18,East,Road,197.3,481.6,10.41,24,True,175.04,4.36,2025-09,0.363
SHP00790,2025-08-17,South,Rail,500.8,360.7,10.79,30,True,306.36,5.0,2025-08,0.849
SHP00791,2025-07-24,West,Road,779.7,145.7,23.8,24,True,762.32,3.04,2025-07,5.232
SHP00792,2025-02-28,West,Rail,1189.6,325.2,34.19,30,False,673.21,3.74,2025-02,2.07
SHP00793,2025-07-29,West,Sea,320.6,212.2,59.49,50,False,83.98,3.44,2025-07,0.396
SHP00794,2025-01-27,South,Rail,664.3,1665.8,33.99,30,False,423.44,3.5,2025-01,0.254
SHP00795,2025-11-17,East,Road,367.5,755.0,14.83,24,True,342.17,4.07,2025-11,0.453
SHP00796,2025-05-22,North,Rail,888.9,744.7,28.83,30,True,524.21,4.11,2025-05,0.704
SHP00797,2025-06-06,West,Road,324.1,878.5,10.48,24,True,346.73,4.65,2025-06,0.395
SHP00798,2025-02-01,East,Air,3903.7,899.8,14.09,14,False,15225.07,4.3,2025-02,16.921
SHP00799,2025-02-15,West,Air,1646.5,489.7,11.97,14,True,7041.09,3.93,2025-02,14.378
SHP00800,2025-11-29,North,Rail,1130.0,480.3,29.08,30,True,619.65,4.24,2025-11,1.29
SHP00801,2025-12-10,North,Air,1290.7,248.6,10.54,14,True,5248.23,3.09,2025-12,21.111
SHP00802,2025-03-28,East,Road,792.6,463.9,18.48,24,True,756.47,3.8,2025-03,1.631
SHP00803,2025-11-03,Central,Sea,473.7,111.2,21.28,50,True,136.73,5.0,2025-11,1.23
SHP00804,2025-07-05,South,Sea,611.0,1121.0,42.0,50,True,210.64,3.15,2025-07,0.188
SHP00805,2025-05-31,Central,Rail,502.3,180.8,16.81,30,True,274.47,4.43,2025-05,1.518
SHP00806,2025-02-03,West,Rail,851.3,649.0,27.5,30,True,479.43,2.42,2025-02,0.739
SHP00807,2025-10-24,East,Rail,866.1,217.5,31.19,30,False,514.16,3.87,2025-10,2.364
SHP00808,2025-11-21,East,Road,166.0,5124.6,12.15,24,True,291.9,4.98,2025-11,0.057
SHP00809,2025-01-19,Central,Sea,200.4,366.7,60.6,50,False,53.98,3.9,2025-01,0.147
SHP00810,2025-02-11,South,Sea,238.1,73.3,41.37,50,True,59.01,4.47,2025-02,0.805
SHP00811,2025-01-14,Central,Road,389.1,97.7,11.53,24,True,369.11,4.84,2025-01,3.778
SHP00812,2025-04-30,South,Road,361.7,808.9,24.89,24,False,340.09,3.5,2025-04,0.42
SHP00813,2025-04-17,North,Road,308.8,528.8,18.15,24,True,324.06,4.67,2025-04,0.613
SHP00814,2025-11-03,Central,Road,261.8,242.3,26.92,24,False,241.61,3.94,2025-11,0.997
SHP00815,2025-09-09,South,Road,377.7,1549.8,14.0,24,True,360.07,4.58,2025-09,0.232
SHP00816,2025-08-19,West,Road,231.8,555.7,13.11,24,True,218.6,4.38,2025-08,0.393
SHP00817,2025-03-22,North,Sea,287.5,2382.2,30.39,50,True,138.98,5.0,2025-03,0.058
SHP00818,2025-09-30,South,Road,304.3,1019.7,20.83,24,True,261.61,3.4,2025-09,0.257
SHP00819,2025-06-12,East,Rail,392.0,119.9,20.89,30,True,183.38,3.78,2025-06,1.529
SHP00820,2025-10-04,South,Road,300.6,177.3,15.43,24,True,257.33,4.57,2025-10,1.451
SHP00821,2025-12-22,West,Road,338.2,1197.9,18.32,24,True,304.38,4.11,2025-12,0.254
SHP00822,2025-06-27,West,Sea,357.4,342.7,14.46,50,True,98.09,5.0,2025-06,0.286
SHP00823,2025-02-04,South,Sea,681.6,364.2,41.09,50,True,174.93,5.0,2025-02,0.48
SHP00824,2025-09-13,East,Road,634.6,331.1,28.79,24,False,574.7,3.36,2025-09,1.736
SHP00825,2025-02-08,South,Road,203.4,277.7,26.15,24,False,209.16,2.72,2025-02,0.753
SHP00826,2025-10-31,Central,Road,450.6,126.4,27.68,24,False,416.6,4.25,2025-10,3.296
SHP00827,2025-09-01,Central,Rail,572.4,764.8,26.36,30,True,368.3,4.23,2025-09,0.482
SHP00828,2025-08-17,North,Road,280.0,475.7,14.04,24,True,293.38,4.71,2025-08,0.617
SHP00829,2025-10-03,South,Road,246.3,265.7,29.08,24,False,262.57,2.28,2025-10,0.988
SHP00830,2025-04-16,Central,Road,428.7,1473.5,15.05,24,True,456.8,4.31,2025-04,0.31
SHP00831,2025-09-04,South,Road,161.5,599.6,13.74,24,True,161.41,4.49,2025-09,0.269
SHP00832,2025-09-07,Central,Road,1229.8,1135.1,44.54,24,False,1078.93,2.72,2025-09,0.951
SHP00833,2025-12-14,West,Air,1506.3,238.0,9.31,14,True,6060.69,5.0,2025-12,25.465
SHP00834,2025-02-22,West,Sea,565.5,268.4,37.77,50,True,161.05,3.93,2025-02,0.6
SHP00835,2025-12-12,Central,Sea,615.6,889.9,37.33,50,True,177.99,3.31,2025-12,0.2
SHP00836,2025-03-19,Central,Road,270.2,365.4,24.58,24,False,247.15,4.35,2025-03,0.676
SHP00837,2025-10-13,Central,Road,323.0,613.1,12.46,24,True,339.34,4.13,2025-10,0.553
SHP00838,2025-06-13,West,Road,511.5,928.6,16.0,24,True,496.18,4.23,2025-06,0.534
SHP00839,2025-04-12,East,Sea,1011.2,4502.8,35.48,50,True,384.35,4.82,2025-04,0.085
SHP00840,2025-05-04,North,Air,2773.3,99.9,7.96,14,True,10496.85,3.82,2025-05,105.074
SHP00841,2025-08-01,North,Rail,741.2,582.6,24.12,30,True,433.64,4.11,2025-08,0.744
SHP00842,2025-08-13,West,Road,640.4,416.9,45.85,24,False,647.12,2.1,2025-08,1.552
SHP00843,2025-01-20,South,Rail,798.5,516.3,32.47,30,False,446.99,3.09,2025-01,0.866
SHP00844,2025-11-05,East,Road,282.2,658.8,37.52,24,False,270.7,2.96,2025-11,0.411
SHP00845,2025-06-11,South,Sea,827.3,320.6,33.01,50,True,254.3,4.93,2025-06,0.793
SHP00846,2025-04-30,South,Road,599.9,104.0,23.86,24,True,505.49,4.03,2025-04,4.86
SHP00847,2025-12-23,South,Road,326.0,506.0,11.52,24,True,250.21,4.43,2025-12,0.494
SHP00848,2025-11-03,East,Road,215.3,4203.8,14.75,24,True,326.75,4.83,2025-11,0.078
SHP00849,2025-12-29,South,Road,379.4,904.7,17.06,24,True,363.86,4.29,2025-12,0.402
SHP00850,2025-05-30,North,Road,744.5,1667.2,35.69,24,False,723.8,2.39,2025-05,0.434
SHP00851,2025-03-04,West,Road,680.3,2117.1,22.32,24,True,620.47,4.33,2025-03,0.293
SHP00852,2025-07-09,South,Road,561.3,288.1,22.25,24,True,521.77,3.9,2025-07,1.811
SHP00853,2025-07-20,East,Road,285.9,179.0,41.91,24,False,277.04,2.26,2025-07,1.548
SHP00854,2025-12-22,Central,Sea,994.2,329.4,78.22,50,False,292.37,2.2,2025-12,0.888
SHP00855,2025-03-20,Central,Road,401.0,349.3,19.73,24,True,385.12,3.23,2025-03,1.103
SHP00856,2025-08-24,South,Road,237.5,238.8,22.92,24,True,209.05,3.86,2025-08,0.875
SHP00857,2025-09-19,South,Sea,602.7,1423.7,44.32,50,True,198.28,4.92,2025-09,0.139
SHP00858,2025-07-12,West,Road,749.9,159.7,20.99,24,True,644.0,3.83,2025-07,4.033
SHP00859,2025-04-11,North,Rail,975.9,673.0,21.75,30,True,575.31,4.84,2025-04,0.855
SHP00860,2025-07-31,South,Road,485.8,401.9,22.04,24,True,415.38,3.9,2025-07,1.034
SHP00861,2025-09-01,Central,Road,462.8,4395.6,19.65,24,True,493.39,3.99,2025-09,0.112
SHP00862,2025-05-03,West,Air,2607.0,927.7,12.54,14,True,11136.95,4.23,2025-05,12.005
SHP00863,2025-01-17,East,Rail,557.9,84.4,26.15,30,True,329.44,3.86,2025-01,3.903
SHP00864,2025-12-15,East,Road,642.7,841.6,16.9,24,True,608.19,4.03,2025-12,0.723
SHP00865,2025-09-21,West,Rail,1370.7,337.4,29.84,30,True,712.12,4.12,2025-09,2.111
SHP00866,2025-08-05,North,Sea,389.2,464.9,64.15,50,False,109.71,3.1,2025-08,0.236
SHP00867,2025-12-11,Central,Road,285.6,514.3,8.08,24,True,281.24,4.45,2025-12,0.547
SHP00868,2025-02-09,North,Road,280.3,423.0,7.73,24,True,298.68,5.0,2025-02,0.706
SHP00869,2025-02-21,East,Road,400.1,554.8,23.43,24,True,373.86,3.41,2025-02,0.674
SHP00870,2025-02-11,North,Air,1426.7,38.8,15.71,14,False,5977.71,4.05,2025-02,154.065
SHP00871,2025-12-27,West,Road,1005.8,674.5,23.98,24,True,928.94,3.21,2025-12,1.377
SHP00872,2025-10-20,West,Rail,949.9,318.4,39.97,30,False,520.8,3.54,2025-10,1.636
SHP00873,2025-10-25,West,Road,194.5,68.1,11.11,24,True,157.25,4.02,2025-10,2.309
SHP00874,2025-05-02,Central,Sea,904.8,67.7,36.62,50,True,239.0,3.31,2025-05,3.53
SHP00875,2025-05-13,West,Road,215.4,320.2,13.68,24,True,225.97,3.92,2025-05,0.706
SHP00876,2025-01-04,South,Road,174.1,160.8,19.01,24,True,177.36,4.27,2025-01,1.103
SHP00877,2025-01-16,East,Road,262.8,434.0,17.57,24,True,231.99,4.22,2025-01,0.535
SHP00878,2025-03-21,Central,Rail,835.9,370.7,24.85,30,True,456.05,4.47,2025-03,1.23
SHP00879,2025-04-23,Central,Road,440.7,1480.1,15.54,24,True,380.27,4.37,2025-04,0.257
SHP00880,2025-03-19,East,Road,827.0,548.0,18.24,24,True,792.5,4.08,2025-03,1.446
SHP00881,2025-05-12,West,Sea,1168.2,876.6,47.99,50,True,347.99,3.71,2025-05,0.397
SHP00882,2025-07-08,East,Road,251.6,1508.5,20.2,24,True,252.35,4.25,2025-07,0.167
SHP00883,2025-06-29,Central,Road,234.9,384.8,11.25,24,True,258.82,5.0,2025-06,0.673
SHP00884,2025-04-25,South,Road,832.0,266.9,25.93,24,False,791.72,4.79,2025-04,2.966
SHP00885,2025-04-10,South,Air,1869.5,198.1,17.78,14,False,6748.67,3.04,2025-04,34.067
SHP00886,2025-06-26,North,Air,3149.1,421.7,10.33,14,True,12002.1,4.53,2025-06,28.461
SHP00887,2025-08-16,Central,Road,344.2,121.0,13.78,24,True,284.5,3.93,2025-08,2.351
SHP00888,2025-09-04,West,Sea,1400.0,146.2,60.78,50,False,340.74,2.61,2025-09,2.331
SHP00889,2025-11-28,North,Sea,221.2,1140.0,27.6,50,True,100.57,3.82,2025-11,0.088
SHP00890,2025-09-06,North,Road,226.0,570.5,22.81,24,True,226.6,3.62,2025-09,0.397
SHP00891,2025-06-08,Central,Rail,1022.3,1271.1,48.61,30,False,640.33,2.02,2025-06,0.504
SHP00892,2025-05-29,Central,Rail,709.6,337.8,16.34,30,True,325.37,4.63,2025-05,0.963
SHP00893,2025-02-26,Central,Road,522.5,391.1,22.14,24,True,490.35,3.98,2025-02,1.254
SHP00894,2025-06-21,East,Road,294.5,195.4,18.01,24,True,240.91,5.0,2025-06,1.233
SHP00895,2025-11-26,Central,Air,2748.5,113.7,9.93,14,True,12070.48,3.14,2025-11,106.161
SHP00896,2025-06-02,South,Road,169.2,187.9,9.73,24,True,152.64,4.65,2025-06,0.812
SHP00897,2025-11-29,South,Rail,502.4,1425.2,34.2,30,False,327.3,2.91,2025-11,0.23
SHP00898,2025-12-27,West,Air,776.1,454.0,13.45,14,True,3309.15,3.66,2025-12,7.289
SHP00899,2025-01-31,North,Road,868.1,350.9,23.69,24,True,765.78,3.47,2025-01,2.182
SHP00900,2025-10-27,West,Road,460.0,1244.0,24.03,24,False,434.87,4.51,2025-10,0.35
SHP00901,2025-03-17,East,Air,2177.3,1466.2,8.58,14,True,9567.03,4.98,2025-03,6.525
SHP00902,2025-11-08,West,Road,361.6,728.0,30.14,24,False,338.96,3.85,2025-11,0.466
SHP00903,2025-09-29,North,Road,288.0,487.8,15.2,24,True,286.01,3.56,2025-09,0.586
SHP00904,2025-12-18,South,Sea,1227.2,1249.6,76.97,50,False,330.77,1.63,2025-12,0.265
SHP00905,2025-08-22,East,Road,391.5,136.2,23.2,24,True,324.5,2.89,2025-08,2.383
SHP00906,2025-06-01,South,Road,719.4,157.8,24.28,24,False,712.49,3.06,2025-06,4.515
SHP00907,2025-07-22,West,Rail,1044.1,642.1,30.95,30,False,569.14,3.3,2025-07,0.886
SHP00908,2025-04-23,East,Rail,1065.7,395.2,21.59,30,True,637.92,5.0,2025-04,1.614
SHP00909,2025-06-22,East,Road,259.6,1442.8,13.96,24,True,236.71,3.82,2025-06,0.164
SHP00910,2025-05-08,South,Rail,1394.7,263.8,55.1,30,False,656.86,1.73,2025-05,2.49
SHP00911,2025-06-15,Central,Road,258.1,671.8,11.74,24,True,224.48,5.0,2025-06,0.334
SHP00912,2025-11-11,Central,Sea,819.2,849.1,34.19,50,True,210.45,5.0,2025-11,0.248
SHP00913,2025-09-04,Central,Rail,514.9,363.2,21.12,30,True,274.03,4.02,2025-09,0.754
SHP00914,2025-12-04,South,Rail,429.7,197.6,19.58,30,True,247.74,4.39,2025-12,1.254
SHP00915,2025-05-15,South,Sea,498.9,644.7,47.43,50,True,138.2,3.23,2025-05,0.214
SHP00916,2025-01-16,East,Road,544.4,598.1,16.25,24,True,467.79,4.53,2025-01,0.782
SHP00917,2025-02-28,West,Road,568.7,637.5,26.1,24,False,590.57,3.17,2025-02,0.926
SHP00918,2025-01-12,East,Road,512.2,312.9,20.8,24,True,428.02,3.92,2025-01,1.368
SHP00919,2025-04-01,North,Road,769.9,1634.1,25.1,24,False,768.71,3.44,2025-04,0.47
SHP00920,2025-12-01,North,Sea,767.6,1458.5,30.19,50,True,260.7,3.61,2025-12,0.179
SHP00921,2025-06-12,North,Road,479.5,366.3,12.82,24,True,420.95,3.77,2025-06,1.149
SHP00922,2025-09-11,North,Road,358.6,1704.4,15.87,24,True,373.15,4.3,2025-09,0.219
SHP00923,2025-05-28,North,Road,417.4,1292.0,23.0,24,True,450.0,4.28,2025-05,0.348
SHP00924,2025-11-20,Central,Road,368.8,336.5,27.81,24,False,364.18,3.11,2025-11,1.082
SHP00925,2025-09-19,West,Rail,753.7,161.4,16.23,30,True,364.66,4.31,2025-09,2.259
SHP00926,2025-08-05,North,Rail,1102.6,115.8,27.25,30,True,629.18,4.29,2025-08,5.433
SHP00927,2025-03-20,East,Road,459.9,861.1,38.96,24,False,422.96,2.47,2025-03,0.491
SHP00928,2025-10-11,West,Road,448.4,83.9,12.35,24,True,422.75,4.1,2025-10,5.039
SHP00929,2025-08-08,South,Sea,248.0,827.1,43.95,50,True,84.38,3.47,2025-08,0.102
SHP00930,2025-12-17,West,Air,2634.1,560.7,22.72,14,False,12447.68,2.74,2025-12,22.2
SHP00931,2025-08-21,South,Rail,942.5,947.1,27.38,30,True,560.49,3.53,2025-08,0.592
SHP00932,2025-02-01,South,Road,410.4,755.6,18.17,24,True,328.28,4.59,2025-02,0.434
SHP00933,2025-10-28,West,Road,192.1,91.0,15.48,24,True,173.57,4.67,2025-10,1.907
SHP00934,2025-08-12,East,Sea,401.2,1439.3,37.54,50,True,146.62,3.96,2025-08,0.102
SHP00935,2025-07-27,South,Road,550.7,2607.6,21.45,24,True,570.7,3.5,2025-07,0.219
SHP00936,2025-05-07,North,Road,437.7,1060.8,23.38,24,True,373.84,3.81,2025-05,0.352
SHP00937,2025-03-26,Central,Road,341.7,1103.0,20.4,24,True,314.86,3.96,2025-03,0.285
SHP00938,2025-03-31,West,Road,248.6,1403.1,17.21,24,True,297.24,2.18,2025-03,0.212
SHP00939,2025-04-26,Central,Air,3805.6,1178.6,17.13,14,False,14412.0,2.8,2025-04,12.228
SHP00940,2025-08-31,West,Road,500.0,195.1,15.51,24,True,466.25,4.75,2025-08,2.39
SHP00941,2025-07-10,North,Road,587.3,328.5,18.25,24,True,545.36,3.57,2025-07,1.66
SHP00942,2025-09-04,North,Air,3762.1,2255.5,12.84,14,True,13802.48,4.16,2025-09,6.119
SHP00943,2025-03-15,North,Rail,1086.9,794.9,26.86,30,True,618.29,3.75,2025-03,0.778
SHP00944,2025-11-12,South,Road,301.7,1098.3,20.43,24,True,323.31,3.75,2025-11,0.294
SHP00945,2025-09-14,West,Air,1407.8,1190.4,13.76,14,True,5520.28,3.52,2025-09,4.637
SHP00946,2025-12-16,Central,Road,194.6,305.1,14.32,24,True,181.83,4.53,2025-12,0.596
SHP00947,2025-10-09,South,Sea,448.1,383.3,38.14,50,True,138.04,4.32,2025-10,0.36
SHP00948,2025-04-07,Central,Road,1158.4,129.6,32.97,24,False,1059.27,3.56,2025-04,8.173
SHP00949,2025-07-23,North,Rail,766.7,272.7,17.9,30,True,458.82,5.0,2025-07,1.683
SHP00950,2025-06-30,East,Road,346.2,243.0,14.87,24,True,336.07,4.67,2025-06,1.383
SHP00951,2025-12-30,West,Road,458.0,1618.4,18.1,24,True,483.21,4.36,2025-12,0.299
SHP00952,2025-09-03,North,Road,546.7,593.2,31.86,24,False,513.58,3.24,2025-09,0.866
SHP00953,2025-10-25,West,Road,443.5,698.4,26.61,24,False,422.42,3.12,2025-10,0.605
SHP00954,2025-10-03,Central,Road,266.6,1118.5,17.23,24,True,234.78,4.73,2025-10,0.21
SHP00955,2025-10-02,North,Air,3217.4,140.6,15.92,14,False,14505.57,3.39,2025-10,103.169
SHP00956,2025-08-04,Central,Road,178.8,312.2,9.81,24,True,150.45,4.85,2025-08,0.482
SHP00957,2025-07-24,East,Road,615.3,1024.1,25.1,24,False,595.75,2.89,2025-07,0.582
SHP00958,2025-03-31,West,Road,475.7,199.3,25.61,24,False,464.34,3.18,2025-03,2.33
SHP00959,2025-06-02,Central,Road,252.6,631.3,22.61,24,True,254.19,3.92,2025-06,0.403
SHP00960,2025-10-15,East,Road,251.0,1339.2,8.28,24,True,278.49,4.66,2025-10,0.208
SHP00961,2025-11-08,East,Air,3715.4,1093.5,21.66,14,False,14857.82,2.74,2025-11,13.587
SHP00962,2025-07-28,West,Sea,603.2,1096.4,68.57,50,False,168.44,3.21,2025-07,0.154
SHP00963,2025-07-11,North,Road,269.8,378.7,18.88,24,True,276.98,3.96,2025-07,0.731
SHP00964,2025-10-02,East,Rail,249.9,1059.3,19.47,30,True,157.93,4.27,2025-10,0.149
SHP00965,2025-12-24,East,Road,799.0,126.7,28.89,24,False,695.39,3.18,2025-12,5.488
SHP00966,2025-01-07,Central,Road,355.1,96.7,11.79,24,True,325.66,3.59,2025-01,3.368
SHP00967,2025-12-27,West,Road,220.4,189.4,7.59,24,True,225.93,4.32,2025-12,1.193
SHP00968,2025-12-18,East,Air,1192.9,893.1,11.66,14,True,5083.2,3.79,2025-12,5.692
SHP00969,2025-02-22,North,Road,369.4,452.0,27.27,24,False,311.94,3.27,2025-02,0.69
SHP00970,2025-09-10,South,Road,445.4,447.2,15.9,24,True,442.21,3.35,2025-09,0.989
SHP00971,2025-01-13,East,Sea,1275.4,309.5,71.17,50,False,341.02,2.73,2025-01,1.102
SHP00972,2025-12-12,Central,Sea,631.8,430.8,55.9,50,False,183.88,3.88,2025-12,0.427
SHP00973,2025-09-13,East,Sea,678.2,794.4,45.93,50,True,174.05,4.05,2025-09,0.219
SHP00974,2025-03-07,Central,Road,349.3,1012.3,30.09,24,False,348.22,2.41,2025-03,0.344
SHP00975,2025-03-08,South,Road,1004.6,515.2,38.13,24,False,938.83,2.25,2025-03,1.822
SHP00976,2025-11-15,North,Rail,918.3,1524.5,27.42,30,True,583.21,3.39,2025-11,0.383
SHP00977,2025-01-26,West,Air,974.2,1393.8,8.89,14,True,3794.72,4.04,2025-01,2.723
SHP00978,2025-10-28,North,Road,280.0,172.7,24.78,24,False,258.61,3.09,2025-10,1.497
SHP00979,2025-09-30,Central,Road,343.0,486.3,13.93,24,True,361.41,4.35,2025-09,0.743
SHP00980,2025-01-25,West,Rail,530.1,86.5,20.63,30,True,304.55,4.62,2025-01,3.521
SHP00981,2025-10-25,North,Road,339.6,2039.9,11.39,24,True,400.62,4.63,2025-10,0.196
SHP00982,2025-01-06,West,Road,392.4,1433.3,12.36,24,True,435.29,4.4,2025-01,0.304
SHP00983,2025-07-04,South,Road,465.7,1905.6,30.49,24,False,522.26,2.93,2025-07,0.274
SHP00984,2025-03-23,North,Road,330.5,187.7,18.38,24,True,305.62,3.78,2025-03,1.628
SHP00985,2025-04-21,East,Road,545.8,774.1,27.19,24,False,508.75,3.93,2025-04,0.657
SHP00986,2025-10-29,South,Road,855.7,152.4,27.68,24,False,907.21,4.0,2025-10,5.953
SHP00987,2025-08-06,Central,Air,757.5,117.9,7.95,14,True,3474.52,4.3,2025-08,29.47
SHP00988,2025-02-02,North,Road,1154.0,55.8,42.28,24,False,1128.07,2.73,2025-02,20.216
SHP00989,2025-02-25,Central,Road,388.0,781.2,22.66,24,True,442.1,3.37,2025-02,0.566
SHP00990,2025-03-08,East,Rail,1642.5,246.2,34.78,30,False,808.25,3.09,2025-03,3.283
SHP00991,2025-05-19,East,Road,88.3,132.9,5.18,24,True,82.15,4.96,2025-05,0.618
SHP00992,2025-10-05,Central,Road,561.2,1108.9,30.44,24,False,545.6,3.52,2025-10,0.492
SHP00993,2025-10-05,East,Sea,1297.5,259.5,77.6,50,False,366.32,1.91,2025-10,1.412
SHP00994,2025-02-20,Central,Road,436.0,572.3,21.29,24,True,375.91,4.7,2025-02,0.657
SHP00995,2025-04-06,North,Air,2493.7,120.6,8.1,14,True,11906.88,3.8,2025-04,98.73
SHP00996,2025-12-20,East,Road,391.3,983.2,12.46,24,True,328.12,5.0,2025-12,0.334
SHP00997,2025-03-08,Central,Road,900.3,192.3,26.09,24,False,772.06,2.43,2025-03,4.015
SHP00998,2025-09-05,South,Road,366.7,314.7,28.11,24,False,364.1,3.65,2025-09,1.157
SHP00999,2025-08-08,East,Air,2453.4,174.4,17.15,14,False,9977.97,3.48,2025-08,57.213
SHP01000,2025-08-06,North,Road,452.0,103.7,11.59,24,True,406.17,5.0,2025-08,3.917
SHP01001,2025-10-04,West,Road,304.0,459.0,13.52,24,True,305.15,4.24,2025-10,0.665
SHP01002,2025-09-19,Central,Sea,324.6,503.3,60.56,50,False,93.44,3.43,2025-09,0.186
SHP01003,2025-09-27,East,Road,475.4,793.6,17.56,24,True,507.98,4.46,2025-09,0.64
SHP01004,2025-05-05,South,Air,365.9,815.1,12.24,14,True,1739.54,4.11,2025-05,2.134
SHP01005,2025-10-07,East,Air,2181.1,629.9,11.92,14,True,10023.31,4.0,2025-10,15.913
SHP01006,2025-03-07,Central,Road,429.4,971.5,20.0,24,True,396.91,3.65,2025-03,0.409
SHP01007,2025-02-05,North,Road,474.4,155.1,25.41,24,False,392.05,2.41,2025-02,2.528
SHP01008,2025-05-13,West,Road,288.9,915.3,15.21,24,True,268.2,4.09,2025-05,0.293
SHP01009,2025-03-02,West,Rail,547.6,1470.4,15.43,30,True,305.2,4.46,2025-03,0.208
SHP01010,2025-03-21,South,Road,208.4,1340.8,6.15,24,True,232.65,5.0,2025-03,0.174
SHP01011,2025-08-14,North,Road,408.4,281.1,24.17,24,False,433.36,3.77,2025-08,1.542
SHP01012,2025-06-07,North,Road,812.9,503.7,24.97,24,False,722.58,4.04,2025-06,1.435
SHP01013,2025-06-21,South,Road,467.4,916.3,20.73,24,True,462.76,3.83,2025-06,0.505
SHP01014,2025-09-02,North,Road,196.2,603.6,11.54,24,True,198.65,4.07,2025-09,0.329
SHP01015,2025-08-11,East,Sea,1114.5,1633.2,56.0,50,False,319.85,2.53,2025-08,0.196
SHP01016,2025-12-16,Central,Road,316.8,212.1,31.19,24,False,311.63,3.32,2025-12,1.469
SHP01017,2025-01-08,West,Road,872.1,181.2,29.43,24,False,828.3,4.3,2025-01,4.571
SHP01018,2025-09-16,North,Road,136.3,1035.1,11.45,24,True,162.17,4.92,2025-09,0.157
SHP01019,2025-03-23,North,Rail,790.8,2330.2,26.78,30,True,514.1,3.52,2025-03,0.221
SHP01020,2025-11-03,North,Rail,1463.7,63.2,38.63,30,False,882.79,2.98,2025-11,13.968
SHP01021,2025-09-22,West,Sea,398.4,169.9,30.89,50,True,107.97,3.87,2025-09,0.635
SHP01022,2025-03-25,Central,Road,213.3,199.2,17.95,24,True,190.23,4.15,2025-03,0.955
SHP01023,2025-11-13,East,Air,2798.1,179.4,17.64,14,False,12803.96,3.61,2025-11,71.371
SHP01024,2025-02-03,North,Road,289.5,506.5,21.48,24,True,239.32,3.91,2025-02,0.472
SHP01025,2025-06-30,South,Rail,1163.1,1301.1,29.29,30,True,641.9,3.59,2025-06,0.493
SHP01026,2025-06-12,West,Rail,1059.8,301.3,29.62,30,True,569.0,3.43,2025-06,1.888
SHP01027,2025-08-08,West,Road,418.8,107.4,15.85,24,True,437.48,3.56,2025-08,4.073
SHP01028,2025-04-16,Central,Rail,447.6,556.6,14.96,30,True,251.84,4.76,2025-04,0.452
SHP01029,2025-12-28,West,Air,2548.7,247.9,6.25,14,True,11241.85,5.0,2025-12,45.348
SHP01030,2025-03-31,Central,Air,2020.4,217.6,14.58,14,False,9673.74,3.65,2025-03,44.457
SHP01031,2025-03-26,Central,Rail,368.5,215.4,17.83,30,True,182.98,4.34,2025-03,0.849
SHP01032,2025-04-05,Central,Air,3044.1,2005.2,9.29,14,True,12392.39,3.75,2025-04,6.18
SHP01033,2025-06-14,West,Sea,904.5,864.7,73.35,50,False,206.47,2.98,2025-06,0.239
SHP01034,2025-10-12,South,Rail,758.9,1652.7,25.76,30,True,495.74,4.71,2025-10,0.3
SHP01035,2025-05-31,Central,Road,293.6,245.1,13.42,24,True,278.13,4.05,2025-05,1.135
SHP01036,2025-05-09,South,Road,389.6,545.0,9.76,24,True,363.98,5.0,2025-05,0.668
SHP01037,2025-01-29,South,Road,177.5,222.8,20.44,24,True,170.59,3.4,2025-01,0.766
SHP01038,2025-07-26,South,Road,150.0,772.6,9.56,24,True,159.73,4.7,2025-07,0.207
SHP01039,2025-07-15,South,Road,893.0,120.0,25.59,24,False,777.7,3.43,2025-07,6.481
SHP01040,2025-03-01,North,Road,252.4,1008.4,10.0,24,True,249.08,3.95,2025-03,0.247
SHP01041,2025-01-30,Central,Sea,710.0,682.4,91.8,50,False,173.38,1.97,2025-01,0.254
SHP01042,2025-03-02,Central,Road,170.3,694.1,11.51,24,True,171.77,4.65,2025-03,0.247
SHP01043,2025-03-14,South,Road,527.2,159.5,23.9,24,True,516.23,3.08,2025-03,3.237
SHP01044,2025-08-05,Central,Road,442.5,498.1,20.33,24,True,350.61,3.9,2025-08,0.704
SHP01045,2025-05-03,North,Air,1696.9,457.6,6.14,14,True,8187.18,4.7,2025-05,17.892
SHP01046,2025-05-01,Central,Sea,376.4,298.5,59.38,50,False,118.56,4.25,2025-05,0.397
SHP01047,2025-04-17,South,Rail,1003.4,1447.1,20.74,30,True,646.35,4.26,2025-04,0.447
SHP01048,2025-12-13,Central,Road,270.0,365.6,21.97,24,True,198.27,4.2,2025-12,0.542
SHP01049,2025-08-08,Central,Air,611.8,338.4,4.55,14,True,2615.18,5.0,2025-08,7.728
SHP01050,2025-03-11,West,Road,545.9,648.0,25.27,24,False,460.28,3.78,2025-03,0.71
SHP01051,2025-01-03,South,Road,655.4,262.3,20.26,24,True,526.11,4.68,2025-01,2.006
SHP01052,2025-09-28,North,Rail,995.4,606.5,24.57,30,True,533.12,4.02,2025-09,0.879
SHP01053,2025-05-17,North,Sea,594.6,686.8,26.64,50,True,181.86,4.47,2025-05,0.265
SHP01054,2025-10-04,North,Rail,849.9,511.6,16.18,30,True,504.85,5.0,2025-10,0.987
SHP01055,2025-05-19,Central,Road,259.7,1320.8,26.6,24,False,293.56,3.23,2025-05,0.222
SHP01056,2025-11-04,South,Road,297.8,182.8,15.93,24,True,317.03,4.14,2025-11,1.734
SHP01057,2025-06-19,East,Road,871.4,135.6,24.87,24,False,765.15,3.17,2025-06,5.643
SHP01058,2025-10-04,Central,Rail,817.7,294.5,22.6,30,True,435.43,4.58,2025-10,1.479
SHP01059,2025-08-29,South,Road,275.1,1212.5,14.51,24,True,286.76,4.5,2025-08,0.237
SHP01060,2025-12-14,Central,Rail,302.8,982.2,13.35,30,True,187.63,4.52,2025-12,0.191
SHP01061,2025-07-08,Central,Road,551.1,656.2,28.27,24,False,529.32,3.3,2025-07,0.807
SHP01062,2025-02-04,East,Road,317.8,703.2,12.86,24,True,345.65,4.2,2025-02,0.492
SHP01063,2025-02-16,East,Air,1731.6,669.4,7.79,14,True,7445.94,4.62,2025-02,11.123
SHP01064,2025-03-20,West,Road,190.6,590.0,6.19,24,True,185.87,5.0,2025-03,0.315
SHP01065,2025-09-05,North,Road,1426.3,238.4,29.91,24,False,1192.97,3.66,2025-09,5.004
SHP01066,2025-04-02,West,Road,181.0,489.1,13.49,24,True,178.69,5.0,2025-04,0.365
SHP01067,2025-11-21,West,Sea,1636.3,219.3,85.95,50,False,485.28,1.96,2025-11,2.213
SHP01068,2025-06-21,North,Road,382.7,1186.2,12.18,24,True,373.9,4.82,2025-06,0.315
SHP01069,2025-12-29,South,Rail,455.3,406.6,16.52,30,True,267.28,4.52,2025-12,0.657
SHP01070,2025-06-05,West,Road,393.3,71.2,11.86,24,True,385.34,4.38,2025-06,5.412
SHP01071,2025-11-05,Central,Road,334.1,648.2,15.65,24,True,308.47,4.95,2025-11,0.476
SHP01072,2025-05-03,North,Rail,575.4,809.3,27.34,30,True,366.5,4.86,2025-05,0.453
SHP01073,2025-11-03,North,Road,229.1,1037.3,11.54,24,True,228.6,5.0,2025-11,0.22
SHP01074,2025-10-06,East,Sea,1044.2,343.9,54.88,50,False,245.9,3.6,2025-10,0.715
SHP01075,2025-05-16,North,Sea,919.4,129.6,51.57,50,False,244.64,3.52,2025-05,1.888
SHP01076,2025-11-07,South,Road,630.2,452.3,16.44,24,True,548.94,3.84,2025-11,1.214
SHP01077,2025-08-09,North,Road,730.1,1239.6,26.39,24,False,814.17,3.53,2025-08,0.657
SHP01078,2025-02-14,South,Road,575.9,404.0,33.55,24,False,470.5,3.43,2025-02,1.165
SHP01079,2025-12-26,South,Rail,1134.5,123.1,32.55,30,False,565.26,3.6,2025-12,4.592
SHP01080,2025-08-18,Central,Road,112.3,272.8,20.76,24,True,105.37,3.05,2025-08,0.386
SHP01081,2025-10-01,North,Road,503.9,776.0,16.89,24,True,504.54,4.04,2025-10,0.65
SHP01082,2025-06-25,South,Road,562.4,107.0,17.44,24,True,498.52,4.78,2025-06,4.659
SHP01083,2025-11-01,South,Road,380.0,3197.0,12.24,24,True,448.08,4.34,2025-11,0.14
SHP01084,2025-12-24,East,Road,837.6,613.3,19.44,24,True,742.58,4.39,2025-12,1.211
SHP01085,2025-10-19,West,Rail,690.1,1414.3,26.67,30,True,371.1,3.04,2025-10,0.262
SHP01086,2025-05-03,South,Rail,587.6,577.6,14.81,30,True,338.41,4.5,2025-05,0.586
SHP01087,2025-08-06,South,Road,927.3,956.8,19.35,24,True,890.83,3.62,2025-08,0.931
SHP01088,2025-07-09,North,Sea,329.8,46.0,51.11,50,False,79.33,2.66,2025-07,1.725
SHP01089,2025-02-13,West,Sea,357.7,564.7,50.47,50,False,108.73,3.91,2025-02,0.193
SHP01090,2025-08-14,Central,Road,746.8,260.6,24.58,24,False,778.43,3.34,2025-08,2.987
SHP01091,2025-11-18,South,Road,380.3,432.5,11.94,24,True,384.0,4.81,2025-11,0.888
SHP01092,2025-08-17,North,Rail,962.2,2361.8,38.43,30,False,590.61,3.83,2025-08,0.25
SHP01093,2025-12-27,Central,Road,666.5,692.4,22.08,24,True,661.08,4.55,2025-12,0.955
SHP01094,2025-01-10,South,Rail,748.2,94.4,17.04,30,True,396.82,4.29,2025-01,4.204
SHP01095,2025-10-04,West,Air,1811.8,280.3,5.69,14,True,7435.14,5.0,2025-10,26.526
SHP01096,2025-01-19,Central,Road,660.6,372.5,21.72,24,True,672.52,4.95,2025-01,1.805
SHP01097,2025-12-07,Central,Road,469.6,226.9,17.45,24,True,426.31,3.98,2025-12,1.879
SHP01098,2025-10-10,West,Road,749.1,378.9,17.58,24,True,769.98,3.81,2025-10,2.032
SHP01099,2025-10-24,South,Rail,1082.5,1919.8,34.67,30,False,592.45,2.56,2025-10,0.309
SHP01100,2025-12-03,North,Road,257.5,203.3,8.07,24,True,235.4,4.19,2025-12,1.158
SHP01101,2025-08-21,North,Air,2192.1,957.4,12.1,14,True,8223.77,3.6,2025-08,8.59
SHP01102,2025-09-22,North,Sea,1067.8,499.5,84.44,50,False,276.87,2.97,2025-09,0.554
SHP01103,2025-12-01,North,Road,716.3,1244.4,30.09,24,False,689.26,4.23,2025-12,0.554
SHP01104,2025-06-25,East,Road,198.9,270.5,17.7,24,True,181.33,4.51,2025-06,0.67
SHP01105,2025-11-25,East,Sea,316.8,92.9,33.4,50,True,88.93,4.26,2025-11,0.957
SHP01106,2025-10-17,Central,Sea,574.8,257.9,45.82,50,True,149.46,3.87,2025-10,0.58
SHP01107,2025-04-16,West,Road,706.5,386.7,26.1,24,False,673.79,3.29,2025-04,1.742
SHP01108,2025-10-23,West,Road,28.1,364.2,20.68,24,True,31.56,4.02,2025-10,0.087
SHP01109,2025-12-24,South,Sea,380.8,147.9,23.13,50,True,97.82,4.14,2025-12,0.661
SHP01110,2025-05-06,Central,Sea,455.3,141.9,32.8,50,True,114.16,3.93,2025-05,0.805
SHP01111,2025-07-13,Central,Rail,752.9,281.0,19.01,30,True,387.06,4.93,2025-07,1.377
SHP01112,2025-08-18,East,Rail,902.4,118.2,40.38,30,False,428.05,2.73,2025-08,3.621
SHP01113,2025-05-25,East,Road,285.0,352.6,7.1,24,True,266.47,4.25,2025-05,0.756
SHP01114,2025-03-06,Central,Road,249.0,193.2,19.94,24,True,238.59,4.71,2025-03,1.235
SHP01115,2025-08-24,West,Rail,378.5,180.2,17.61,30,True,195.28,4.86,2025-08,1.084
SHP01116,2025-11-06,Central,Sea,763.7,172.0,36.26,50,True,213.2,4.34,2025-11,1.24
SHP01117,2025-03-24,North,Rail,1012.9,321.8,45.49,30,False,563.25,3.21,2025-03,1.75
SHP01118,2025-07-06,North,Rail,406.8,184.0,18.04,30,True,257.75,3.61,2025-07,1.401
SHP01119,2025-05-01,North,Road,79.6,208.3,20.32,24,True,77.0,4.61,2025-05,0.37
SHP01120,2025-11-23,North,Sea,644.2,475.3,49.64,50,True,178.38,3.59,2025-11,0.375
SHP01121,2025-07-16,West,Road,870.4,103.4,20.48,24,True,872.06,3.99,2025-07,8.434
SHP01122,2025-05-23,South,Road,471.2,685.7,19.82,24,True,497.42,3.91,2025-05,0.725
SHP01123,2025-01-06,East,Rail,256.8,464.9,18.31,30,True,142.0,4.27,2025-01,0.305
SHP01124,2025-12-20,West,Road,458.9,346.1,27.02,24,False,436.18,3.38,2025-12,1.26
SHP01125,2025-06-02,West,Road,170.8,197.4,23.42,24,True,175.37,2.38,2025-06,0.888
SHP01126,2025-05-06,North,Sea,873.8,272.8,50.49,50,False,240.55,3.99,2025-05,0.882
SHP01127,2025-01-25,South,Sea,581.1,345.3,64.26,50,False,155.95,3.15,2025-01,0.452
SHP01128,2025-01-01,North,Sea,331.5,595.6,55.15,50,False,96.98,3.15,2025-01,0.163
SHP01129,2025-02-02,North,Road,671.4,43.4,17.45,24,True,542.34,3.76,2025-02,12.496
SHP01130,2025-05-26,West,Sea,292.6,2760.2,54.18,50,False,171.17,3.15,2025-05,0.062
SHP01131,2025-10-17,West,Road,141.6,983.9,9.25,24,True,145.89,4.31,2025-10,0.148
SHP01132,2025-08-30,West,Rail,1007.0,2126.0,20.71,30,True,607.78,4.23,2025-08,0.286
SHP01133,2025-03-18,East,Road,360.8,442.6,27.5,24,False,332.59,3.81,2025-03,0.751
SHP01134,2025-03-02,East,Sea,987.8,206.3,39.74,50,True,229.22,3.76,2025-03,1.111
SHP01135,2025-07-20,East,Road,1093.0,196.4,25.79,24,False,926.72,2.68,2025-07,4.719
SHP01136,2025-08-25,South,Road,207.3,430.9,12.97,24,True,190.64,4.0,2025-08,0.442
SHP01137,2025-10-04,North,Rail,1168.6,1140.8,39.11,30,False,679.47,2.97,2025-10,0.596
SHP01138,2025-07-01,Central,Road,399.4,649.5,19.99,24,True,410.59,3.69,2025-07,0.632
SHP01139,2025-01-30,East,Road,460.4,997.0,21.32,24,True,498.48,3.22,2025-01,0.5
SHP01140,2025-02-15,North,Sea,595.8,120.8,37.71,50,True,157.94,4.1,2025-02,1.307
SHP01141,2025-06-20,West,Rail,774.6,707.5,18.78,30,True,466.79,3.49,2025-06,0.66
SHP01142,2025-04-22,North,Road,60.6,262.3,9.67,24,True,61.05,4.65,2025-04,0.233
SHP01143,2025-04-08,East,Road,340.4,90.4,23.94,24,True,284.87,3.29,2025-04,3.151
SHP01144,2025-03-16,West,Road,318.4,346.4,15.22,24,True,250.8,5.0,2025-03,0.724
SHP01145,2025-09-28,East,Rail,969.9,380.9,21.77,30,True,584.25,3.96,2025-09,1.534
SHP01146,2025-04-29,West,Sea,757.0,253.8,27.76,50,True,180.47,4.27,2025-04,0.711
SHP01147,2025-12-31,East,Sea,541.0,390.0,48.37,50,True,154.73,3.75,2025-12,0.397
SHP01148,2025-12-17,East,Air,1053.1,1238.4,17.94,14,False,4541.84,3.33,2025-12,3.668
SHP01149,2025-12-29,West,Sea,808.6,1090.1,33.92,50,True,252.85,4.38,2025-12,0.232
SHP01150,2025-03-24,West,Sea,352.0,1141.3,43.43,50,True,125.55,3.81,2025-03,0.11
SHP01151,2025-02-09,North,Road,398.0,172.4,18.26,24,True,368.6,4.09,2025-02,2.138
SHP01152,2025-10-08,North,Sea,1077.9,293.1,42.31,50,True,289.97,4.45,2025-10,0.989
SHP01153,2025-07-18,East,Road,360.0,154.4,16.88,24,True,314.77,5.0,2025-07,2.039
SHP01154,2025-09-25,South,Road,468.2,221.1,20.66,24,True,408.6,3.38,2025-09,1.848
SHP01155,2025-06-22,North,Road,297.2,536.3,29.87,24,False,306.69,4.06,2025-06,0.572
SHP01156,2025-09-14,East,Road,502.6,869.5,16.64,24,True,427.79,4.61,2025-09,0.492
SHP01157,2025-10-26,West,Road,579.0,194.9,34.04,24,False,512.8,2.68,2025-10,2.631
SHP01158,2025-04-10,South,Road,291.4,199.0,22.6,24,True,276.45,4.4,2025-04,1.389
SHP01159,2025-12-30,Central,Road,306.8,267.5,30.73,24,False,295.23,3.05,2025-12,1.104
SHP01160,2025-08-27,South,Sea,517.6,69.0,25.23,50,True,119.59,4.83,2025-08,1.733
SHP01161,2025-05-08,West,Air,2973.7,650.3,8.26,14,True,13669.85,4.57,2025-05,21.021
SHP01162,2025-02-01,West,Sea,652.9,568.2,54.95,50,False,180.9,3.58,2025-02,0.318
SHP01163,2025-01-11,East,Road,362.6,712.7,33.68,24,False,300.5,2.86,2025-01,0.422
SHP01164,2025-10-22,West,Air,2467.9,335.0,11.03,14,True,10410.87,3.74,2025-10,31.077
SHP01165,2025-02-10,West,Road,373.5,446.2,24.44,24,False,293.17,3.0,2025-02,0.657
SHP01166,2025-11-29,West,Rail,863.6,549.3,25.17,30,True,516.13,5.0,2025-11,0.94
SHP01167,2025-07-25,North,Road,371.2,119.4,11.71,24,True,283.23,4.51,2025-07,2.372
SHP01168,2025-12-23,West,Road,546.0,127.7,16.69,24,True,485.13,4.25,2025-12,3.799
SHP01169,2025-11-15,West,Road,200.7,45.4,13.93,24,True,183.76,4.76,2025-11,4.048
SHP01170,2025-08-12,East,Road,340.8,306.5,17.63,24,True,298.46,4.16,2025-08,0.974
SHP01171,2025-12-20,North,Road,354.0,268.2,19.63,24,True,341.6,4.12,2025-12,1.274
SHP01172,2025-01-08,South,Air,1624.5,226.4,3.12,14,True,6844.15,5.0,2025-01,30.23
SHP01173,2025-06-30,North,Road,307.0,287.0,14.95,24,True,251.18,4.66,2025-06,0.875
SHP01174,2025-11-27,East,Road,58.9,264.7,27.15,24,False,64.04,3.63,2025-11,0.242
SHP01175,2025-07-27,South,Sea,357.2,958.1,11.84,50,True,102.56,5.0,2025-07,0.107
SHP01176,2025-06-01,West,Road,457.3,91.8,28.16,24,False,383.42,3.27,2025-06,4.177
SHP01177,2025-09-13,East,Sea,703.2,510.5,62.11,50,False,192.76,2.69,2025-09,0.378
SHP01178,2025-04-24,North,Road,410.6,47.3,15.0,24,True,334.39,4.52,2025-04,7.07
SHP01179,2025-12-26,Central,Sea,1120.6,144.6,53.24,50,False,276.69,3.35,2025-12,1.913
SHP01180,2025-08-20,North,Road,274.0,580.0,27.01,24,False,266.6,3.47,2025-08,0.46
SHP01181,2025-09-15,Central,Road,344.0,826.9,9.68,24,True,304.53,3.73,2025-09,0.368
SHP01182,2025-05-08,South,Rail,731.5,523.8,32.43,30,False,471.7,3.84,2025-05,0.901
SHP01183,2025-01-13,South,Road,319.6,897.1,12.99,24,True,360.51,4.62,2025-01,0.402
SHP01184,2025-01-15,North,Road,729.1,326.9,40.52,24,False,726.47,2.14,2025-01,2.222
SHP01185,2025-01-28,East,Road,667.0,470.6,17.28,24,True,493.43,4.47,2025-01,1.049
SHP01186,2025-12-28,North,Sea,318.8,1516.3,17.23,50,True,124.13,4.58,2025-12,0.082
SHP01187,2025-05-13,West,Road,467.9,1082.4,18.96,24,True,492.93,3.7,2025-05,0.455
SHP01188,2025-08-29,South,Road,318.8,3293.5,39.81,24,False,398.83,3.14,2025-08,0.121
SHP01189,2025-04-08,Central,Rail,528.3,3059.0,16.99,30,True,379.21,4.25,2025-04,0.124
SHP01190,2025-10-17,Central,Road,732.0,105.2,39.76,24,False,742.28,2.75,2025-10,7.056
SHP01191,2025-12-28,North,Road,955.4,294.6,38.01,24,False,895.86,2.95,2025-12,3.041
SHP01192,2025-11-22,Central,Sea,522.7,532.8,59.39,50,False,146.38,3.48,2025-11,0.275
SHP01193,2025-05-21,West,Road,346.2,338.4,16.98,24,True,320.11,5.0,2025-05,0.946
SHP01194,2025-03-18,East,Road,492.9,360.7,27.81,24,False,484.9,3.52,2025-03,1.344
SHP01195,2025-03-04,East,Air,3184.5,185.6,14.44,14,False,12641.77,3.02,2025-03,68.113
SHP01196,2025-11-11,East,Road,320.9,817.0,16.37,24,True,283.27,3.39,2025-11,0.347
SHP01197,2025-06-16,Central,Rail,841.3,369.5,24.88,30,True,418.57,3.87,2025-06,1.133
SHP01198,2025-06-03,West,Road,519.9,598.0,16.99,24,True,507.75,5.0,2025-06,0.849
SHP01199,2025-03-16,West,Sea,687.2,1391.4,25.54,50,True,243.66,4.64,2025-03,0.175
SHP01200,2025-01-16,East,Sea,741.4,129.4,55.39,50,False,194.12,3.52,2025-01,1.5
SHP01201,2025-03-19,South,Sea,707.1,203.8,40.28,50,True,199.54,4.58,2025-03,0.979
SHP01202,2025-06-07,North,Road,348.0,264.9,13.43,24,True,328.29,4.39,2025-06,1.239
SHP01203,2025-09-17,North,Road,222.6,869.2,13.1,24,True,236.09,4.08,2025-09,0.272
SHP01204,2025-07-21,Central,Road,393.4,633.0,17.42,24,True,371.73,4.92,2025-07,0.587
SHP01205,2025-09-02,Central,Road,132.1,150.9,12.44,24,True,126.86,4.51,2025-09,0.841
SHP01206,2025-07-24,East,Air,1792.1,175.3,12.46,14,True,7062.86,4.34,2025-07,40.29
SHP01207,2025-03-16,East,Road,871.2,302.2,21.92,24,True,741.72,3.86,2025-03,2.454
SHP01208,2025-04-22,East,Road,211.6,278.5,19.09,24,True,197.7,3.62,2025-04,0.71
SHP01209,2025-11-15,Central,Road,321.9,77.3,15.37,24,True,280.33,4.86,2025-11,3.627
SHP01210,2025-06-18,South,Road,353.3,144.4,22.45,24,True,318.65,3.82,2025-06,2.207
SHP01211,2025-10-11,Central,Rail,319.4,618.8,11.42,30,True,214.17,5.0,2025-10,0.346
SHP01212,2025-09-20,North,Rail,1749.0,194.7,39.46,30,False,1017.75,3.48,2025-09,5.227
SHP01213,2025-10-05,East,Rail,2116.6,134.4,43.91,30,False,1066.16,2.7,2025-10,7.933
SHP01214,2025-12-19,West,Rail,443.0,191.4,14.24,30,True,271.36,4.6,2025-12,1.418
SHP01215,2025-07-12,West,Sea,955.5,505.9,31.88,50,True,256.12,3.88,2025-07,0.506
SHP01216,2025-06-10,South,Rail,144.4,332.9,21.35,30,True,85.36,3.06,2025-06,0.256
SHP01217,2025-02-24,Central,Sea,1105.4,150.0,46.43,50,True,327.22,3.63,2025-02,2.181
SHP01218,2025-02-02,West,Road,667.8,353.8,30.15,24,False,642.35,3.61,2025-02,1.816
SHP01219,2025-02-10,West,Road,522.1,121.8,22.82,24,True,450.9,3.68,2025-02,3.702
SHP01220,2025-04-28,West,Road,235.7,313.9,12.97,24,True,232.72,3.91,2025-04,0.741
SHP01221,2025-07-28,West,Road,483.8,274.5,14.73,24,True,378.05,5.0,2025-07,1.377
SHP01222,2025-09-13,Central,Road,527.1,257.8,37.44,24,False,576.19,2.84,2025-09,2.235
SHP01223,2025-01-14,South,Rail,1067.9,885.4,35.78,30,False,532.28,2.92,2025-01,0.601
SHP01224,2025-09-30,West,Air,1342.2,549.3,12.66,14,True,5673.67,3.13,2025-09,10.329
SHP01225,2025-05-02,South,Road,537.2,280.9,20.55,24,True,459.16,4.49,2025-05,1.635
SHP01226,2025-05-05,West,Road,440.5,76.9,26.18,24,False,373.43,4.44,2025-05,4.856
SHP01227,2025-11-24,West,Air,605.0,717.1,9.5,14,True,2802.66,3.46,2025-11,3.908
SHP01228,2025-08-29,West,Road,179.8,312.3,16.2,24,True,172.24,4.73,2025-08,0.552
SHP01229,2025-10-18,North,Road,677.4,450.7,20.66,24,True,674.52,3.71,2025-10,1.497
SHP01230,2025-12-21,East,Rail,1261.6,279.2,45.15,30,False,646.0,2.59,2025-12,2.314
SHP01231,2025-03-03,East,Road,559.1,1274.8,19.97,24,True,601.52,4.58,2025-03,0.472
SHP01232,2025-08-02,West,Sea,599.4,596.0,29.36,50,True,144.77,3.7,2025-08,0.243
SHP01233,2025-07-05,South,Air,1721.3,49.3,9.8,14,True,7174.27,4.65,2025-07,145.523
SHP01234,2025-06-29,North,Air,1510.2,43.0,16.04,14,False,6745.82,2.9,2025-06,156.88
SHP01235,2025-12-29,North,Rail,256.3,361.8,15.14,30,True,141.49,4.84,2025-12,0.391
SHP01236,2025-05-20,South,Road,178.1,85.1,17.39,24,True,163.31,4.01,2025-05,1.919
SHP01237,2025-05-22,Central,Road,853.7,775.4,26.47,24,False,740.64,4.29,2025-05,0.955
SHP01238,2025-04-18,Central,Road,250.1,2722.5,12.92,24,True,307.41,4.73,2025-04,0.113
SHP01239,2025-08-20,Central,Road,563.8,298.3,24.97,24,False,465.28,3.43,2025-08,1.56
SHP01240,2025-09-12,West,Road,419.4,300.5,23.21,24,True,376.35,4.12,2025-09,1.252
SHP01241,2025-07-21,Central,Sea,327.8,752.2,29.41,50,True,99.96,4.87,2025-07,0.133
SHP01242,2025-08-19,East,Road,296.2,114.4,9.74,24,True,301.46,4.77,2025-08,2.635
SHP01243,2025-01-08,Central,Road,235.8,983.4,16.21,24,True,234.92,4.63,2025-01,0.239
SHP01244,2025-08-14,North,Road,373.5,255.2,17.76,24,True,319.78,4.11,2025-08,1.253
SHP01245,2025-08-26,North,Road,544.5,508.0,15.05,24,True,582.26,4.23,2025-08,1.146
SHP01246,2025-05-25,East,Rail,177.6,247.5,18.02,30,True,92.31,4.61,2025-05,0.373
SHP01247,2025-10-27,East,Road,347.8,556.3,14.92,24,True,313.76,5.0,2025-10,0.564
SHP01248,2025-12-17,South,Sea,966.9,515.0,58.03,50,False,268.43,4.07,2025-12,0.521
SHP01249,2025-07-01,East,Road,331.3,835.0,26.47,24,False,302.56,3.4,2025-07,0.362
SHP01250,2025-12-17,West,Sea,1216.3,151.6,55.61,50,False,338.75,3.28,2025-12,2.234
SHP01251,2025-02-18,South,Rail,1043.2,343.1,22.89,30,True,649.98,3.48,2025-02,1.894
SHP01252,2025-04-17,East,Air,3703.6,117.4,19.07,14,False,14828.65,3.49,2025-04,126.309
SHP01253,2025-02-16,North,Sea,1070.5,283.3,41.65,50,True,310.63,5.0,2025-02,1.096
SHP01254,2025-07-31,Central,Air,842.3,333.6,8.57,14,True,3774.63,5.0,2025-07,11.315
SHP01255,2025-02-12,West,Air,3432.9,1390.3,7.05,14,True,14249.45,4.33,2025-02,10.249
SHP01256,2025-12-13,Central,Sea,264.9,460.2,15.44,50,True,67.1,5.0,2025-12,0.146
SHP01257,2025-10-24,West,Air,4782.1,216.5,12.7,14,True,17397.48,3.87,2025-10,80.358
SHP01258,2025-08-15,South,Road,226.6,452.5,11.76,24,True,218.76,4.51,2025-08,0.483
SHP01259,2025-10-02,South,Road,191.5,2248.6,17.98,24,True,266.45,4.07,2025-10,0.118
SHP01260,2025-04-12,East,Sea,411.1,218.6,57.74,50,False,123.63,3.64,2025-04,0.566
SHP01261,2025-05-28,South,Sea,829.5,74.5,41.82,50,True,205.03,4.85,2025-05,2.752
SHP01262,2025-07-30,West,Road,389.7,3361.9,11.63,24,True,477.73,3.96,2025-07,0.142
SHP01263,2025-04-21,Central,Air,908.2,626.6,12.43,14,True,3610.79,3.62,2025-04,5.763
SHP01264,2025-06-25,North,Sea,480.4,310.7,57.55,50,False,136.7,3.45,2025-06,0.44
SHP01265,2025-04-11,North,Rail,1105.0,349.9,34.73,30,False,724.15,3.12,2025-04,2.07
SHP01266,2025-02-04,East,Sea,1038.4,785.5,43.71,50,True,273.43,4.66,2025-02,0.348
SHP01267,2025-10-04,South,Rail,751.7,1963.6,27.8,30,True,473.36,3.49,2025-10,0.241
SHP01268,2025-07-16,South,Road,325.9,71.8,17.92,24,True,347.54,4.37,2025-07,4.84
SHP01269,2025-04-17,East,Road,736.9,1125.7,27.71,24,False,754.43,3.41,2025-04,0.67
SHP01270,2025-03-20,West,Road,275.9,797.4,17.51,24,True,220.87,3.93,2025-03,0.277
SHP01271,2025-01-27,West,Sea,688.0,467.6,52.82,50,False,209.46,3.33,2025-01,0.448
SHP01272,2025-02-20,North,Road,432.9,249.9,21.12,24,True,424.55,4.08,2025-02,1.699
SHP01273,2025-05-08,South,Sea,919.7,704.4,69.38,50,False,267.02,2.65,2025-05,0.379
SHP01274,2025-10-10,North,Road,177.3,496.4,14.44,24,True,186.06,3.99,2025-10,0.375
SHP01275,2025-01-02,South,Road,956.1,114.2,22.72,24,True,829.21,3.79,2025-01,7.261
SHP01276,2025-10-01,South,Rail,358.2,169.2,11.73,30,True,197.47,5.0,2025-10,1.167
SHP01277,2025-12-10,Central,Air,964.3,798.0,5.73,14,True,3684.9,4.94,2025-12,4.618
SHP01278,2025-11-17,North,Road,754.2,94.1,22.38,24,True,739.28,4.22,2025-11,7.856
SHP01279,2025-10-27,Central,Rail,352.1,1777.8,14.04,30,True,217.62,4.44,2025-10,0.122
SHP01280,2025-10-14,East,Air,1847.5,341.7,5.42,14,True,8050.66,4.42,2025-10,23.561
SHP01281,2025-12-06,Central,Road,226.0,186.0,14.62,24,True,218.23,4.1,2025-12,1.173
SHP01282,2025-10-09,North,Sea,662.7,132.7,27.71,50,True,145.63,5.0,2025-10,1.097
SHP01283,2025-11-15,Central,Air,822.4,162.4,9.42,14,True,3401.8,4.67,2025-11,20.947
SHP01284,2025-09-13,North,Road,400.3,96.0,22.95,24,True,372.53,3.67,2025-09,3.881
SHP01285,2025-10-16,South,Road,298.8,301.5,10.93,24,True,268.41,4.66,2025-10,0.89
SHP01286,2025-06-28,North,Road,530.0,172.2,15.24,24,True,486.32,4.14,2025-06,2.824
SHP01287,2025-12-28,North,Sea,267.1,280.5,26.98,50,True,73.8,5.0,2025-12,0.263
SHP01288,2025-08-18,West,Air,550.9,202.8,5.18,14,True,2257.44,4.79,2025-08,11.131
SHP01289,2025-07-13,West,Sea,1631.6,131.4,72.18,50,False,435.07,3.01,2025-07,3.311
SHP01290,2025-08-02,East,Road,492.4,1579.2,21.57,24,True,426.62,3.89,2025-08,0.27
SHP01291,2025-06-26,West,Sea,955.3,288.1,63.12,50,False,254.71,2.34,2025-06,0.884
SHP01292,2025-05-09,South,Air,2686.7,197.3,11.61,14,True,10548.68,4.49,2025-05,53.465
SHP01293,2025-10-30,Central,Road,602.6,261.1,18.55,24,True,483.32,3.8,2025-10,1.851
SHP01294,2025-01-14,Central,Rail,1093.4,288.8,29.9,30,True,585.52,4.67,2025-01,2.027
SHP01295,2025-02-23,North,Road,375.1,2229.3,18.89,24,True,392.89,4.6,2025-02,0.176
SHP01296,2025-05-22,West,Sea,593.7,99.6,35.25,50,True,137.47,4.67,2025-05,1.38
SHP01297,2025-07-19,South,Air,1064.5,236.9,12.65,14,True,4887.43,3.69,2025-07,20.631
SHP01298,2025-11-11,North,Rail,464.4,369.8,16.34,30,True,269.29,3.98,2025-11,0.728
SHP01299,2025-02-16,Central,Road,897.6,382.9,24.78,24,False,827.88,4.47,2025-02,2.162
SHP01300,2025-10-13,South,Sea,988.8,44.1,52.66,50,False,267.64,3.43,2025-10,6.069
SHP01301,2025-03-28,West,Road,402.4,298.9,11.62,24,True,386.15,4.69,2025-03,1.292
SHP01302,2025-03-31,West,Road,386.5,785.9,23.4,24,True,380.4,4.55,2025-03,0.484
SHP01303,2025-01-14,Central,Sea,536.9,364.2,38.61,50,True,147.01,4.07,2025-01,0.404
SHP01304,2025-02-20,South,Road,500.5,641.6,15.42,24,True,487.33,4.29,2025-02,0.76
SHP01305,2025-06-04,West,Rail,460.4,174.5,21.15,30,True,281.25,4.89,2025-06,1.612
SHP01306,2025-01-17,East,Road,326.4,684.4,17.24,24,True,325.1,4.29,2025-01,0.475
SHP01307,2025-03-05,Central,Road,365.7,589.8,14.28,24,True,364.5,4.29,2025-03,0.618
SHP01308,2025-05-05,South,Sea,630.0,478.8,27.96,50,True,158.79,4.3,2025-05,0.332
SHP01309,2025-05-04,North,Rail,898.9,108.3,43.4,30,False,431.19,2.89,2025-05,3.981
SHP01310,2025-11-22,East,Road,229.9,578.1,12.8,24,True,229.82,3.91,2025-11,0.398
SHP01311,2025-03-11,East,Road,460.0,343.7,15.42,24,True,459.93,3.93,2025-03,1.338
SHP01312,2025-01-15,West,Rail,498.4,472.3,16.74,30,True,291.12,5.0,2025-01,0.616
SHP01313,2025-04-05,North,Road,668.4,333.8,16.76,24,True,695.26,4.78,2025-04,2.083
SHP01314,2025-08-12,West,Road,726.7,214.7,19.29,24,True,715.32,4.15,2025-08,3.332
SHP01315,2025-03-10,West,Road,544.2,124.5,24.65,24,False,467.04,4.55,2025-03,3.751
SHP01316,2025-08-25,West,Sea,1149.7,209.4,68.99,50,False,311.5,3.42,2025-08,1.488
SHP01317,2025-06-05,West,Road,194.8,292.0,19.55,24,True,179.98,3.8,2025-06,0.616
SHP01318,2025-05-16,East,Rail,1004.0,401.4,18.62,30,True,524.21,4.29,2025-05,1.306
SHP01319,2025-03-07,North,Road,459.4,1327.3,21.76,24,True,455.87,4.16,2025-03,0.343
SHP01320,2025-02-21,South,Road,103.3,849.7,20.61,24,True,121.79,4.85,2025-02,0.143
SHP01321,2025-12-24,East,Sea,398.7,659.6,17.95,50,True,116.86,4.19,2025-12,0.177
SHP01322,2025-03-25,Central,Road,257.0,1712.4,6.74,24,True,280.41,4.74,2025-03,0.164
SHP01323,2025-02-28,East,Road,789.2,380.7,23.43,24,True,861.88,4.61,2025-02,2.264
SHP01324,2025-01-21,East,Road,432.6,1130.1,26.38,24,False,464.24,3.76,2025-01,0.411
SHP01325,2025-05-25,South,Road,344.6,790.7,14.41,24,True,312.85,4.27,2025-05,0.396
SHP01326,2025-01-31,West,Air,2751.0,65.6,22.24,14,False,12222.16,2.64,2025-01,186.313
SHP01327,2025-06-22,South,Road,546.5,1185.4,22.35,24,True,546.93,3.39,2025-06,0.461
SHP01328,2025-03-30,West,Rail,358.8,173.4,20.33,30,True,194.75,3.88,2025-03,1.123
SHP01329,2025-03-10,North,Road,323.2,1042.2,13.05,24,True,385.59,5.0,2025-03,0.37
SHP01330,2025-12-05,South,Rail,971.8,299.1,28.2,30,True,540.32,4.1,2025-12,1.806
SHP01331,2025-04-18,South,Road,567.0,511.3,29.62,24,False,524.42,2.29,2025-04,1.026
SHP01332,2025-11-09,West,Sea,339.0,94.6,37.71,50,True,82.08,4.13,2025-11,0.868
SHP01333,2025-11-17,South,Road,179.7,211.2,16.37,24,True,169.17,4.1,2025-11,0.801
SHP01334,2025-07-12,Central,Road,345.8,1070.0,19.61,24,True,342.33,4.3,2025-07,0.32
SHP01335,2025-09-03,East,Rail,830.4,2157.0,24.23,30,True,564.65,4.18,2025-09,0.262
SHP01336,2025-10-13,North,Sea,1160.5,100.5,37.59,50,True,266.23,4.37,2025-10,2.649
SHP01337,2025-07-26,Central,Road,89.5,162.2,13.6,24,True,87.03,5.0,2025-07,0.537
SHP01338,2025-10-05,East,Sea,286.2,428.2,35.94,50,True,90.42,3.71,2025-10,0.211
SHP01339,2025-08-14,Central,Air,1465.0,2272.8,12.14,14,True,6487.35,3.82,2025-08,2.854
SHP01340,2025-07-03,South,Road,450.3,1196.8,26.84,24,False,412.57,3.71,2025-07,0.345
SHP01341,2025-01-17,West,Air,1021.9,943.7,14.91,14,False,3817.42,3.29,2025-01,4.045
SHP01342,2025-08-21,East,Sea,488.9,1737.2,26.41,50,True,165.9,5.0,2025-08,0.095
SHP01343,2025-02-07,South,Air,3503.7,278.4,10.09,14,True,13624.21,3.38,2025-02,48.938
SHP01344,2025-03-30,North,Rail,840.8,333.1,31.91,30,False,453.75,4.75,2025-03,1.362
SHP01345,2025-10-23,East,Sea,515.0,246.4,31.51,50,True,143.38,5.0,2025-10,0.582
SHP01346,2025-02-03,North,Road,506.6,235.2,19.9,24,True,487.24,4.4,2025-02,2.072
SHP01347,2025-04-14,West,Road,450.5,722.9,26.55,24,False,466.49,3.85,2025-04,0.645
SHP01348,2025-07-11,West,Road,362.9,178.8,20.55,24,True,392.35,4.42,2025-07,2.194
SHP01349,2025-09-27,North,Road,914.6,278.1,21.64,24,True,876.92,3.82,2025-09,3.153
SHP01350,2025-01-15,East,Road,165.6,195.4,20.65,24,True,155.05,3.91,2025-01,0.794
SHP01351,2025-08-30,Central,Sea,173.3,185.2,32.55,50,True,46.6,4.64,2025-08,0.252
SHP01352,2025-06-21,Central,Road,182.2,1452.2,20.42,24,True,192.13,4.34,2025-06,0.132
SHP01353,2025-02-16,Central,Sea,301.3,1241.2,44.6,50,True,112.91,3.59,2025-02,0.091
SHP01354,2025-04-21,South,Air,2853.5,267.0,10.25,14,True,11301.21,4.24,2025-04,42.327
SHP01355,2025-02-03,West,Road,182.0,819.2,17.3,24,True,201.36,4.1,2025-02,0.246
SHP01356,2025-04-03,Central,Road,238.5,182.1,20.03,24,True,192.34,4.46,2025-04,1.056
SHP01357,2025-03-16,Central,Rail,760.7,178.2,22.17,30,True,454.86,4.27,2025-03,2.553
SHP01358,2025-02-27,East,Road,292.5,160.7,12.4,24,True,282.62,4.45,2025-02,1.759
SHP01359,2025-09-09,East,Road,577.0,416.8,17.59,24,True,470.2,4.33,2025-09,1.128
SHP01360,2025-02-10,East,Road,422.5,318.3,21.19,24,True,400.3,4.04,2025-02,1.258
SHP01361,2025-07-28,West,Road,221.0,660.4,22.06,24,True,229.02,4.25,2025-07,0.347
SHP01362,2025-06-11,North,Rail,575.7,247.3,22.95,30,True,300.55,4.58,2025-06,1.215
SHP01363,2025-12-06,East,Air,1731.5,205.8,13.66,14,True,7447.17,3.54,2025-12,36.186
SHP01364,2025-10-09,South,Rail,796.3,1588.0,34.38,30,False,435.33,3.41,2025-10,0.274
SHP01365,2025-02-22,West,Sea,721.2,1188.1,65.56,50,False,240.52,2.93,2025-02,0.202
SHP01366,2025-04-06,North,Road,562.4,243.6,20.91,24,True,520.44,3.92,2025-04,2.136
SHP01367,2025-05-18,East,Road,287.5,639.4,24.37,24,False,298.81,4.66,2025-05,0.467
SHP01368,2025-08-04,Central,Road,413.3,165.7,13.58,24,True,427.78,3.68,2025-08,2.582
SHP01369,2025-03-12,South,Sea,563.0,295.0,35.62,50,True,148.19,4.4,2025-03,0.502
SHP01370,2025-05-23,East,Road,546.9,3324.5,28.76,24,False,590.71,3.76,2025-05,0.178
SHP01371,2025-06-09,Central,Rail,1179.2,816.7,35.81,30,False,639.13,5.0,2025-06,0.783
SHP01372,2025-02-03,North,Sea,951.3,123.2,31.85,50,True,233.64,4.12,2025-02,1.896
SHP01373,2025-02-13,North,Road,581.7,385.1,15.35,24,True,502.05,4.53,2025-02,1.304
SHP01374,2025-10-17,South,Road,421.3,3354.6,22.86,24,True,559.75,3.87,2025-10,0.167
SHP01375,2025-04-29,Central,Air,2340.8,294.5,6.31,14,True,9622.09,4.23,2025-04,32.673
SHP01376,2025-02-09,South,Road,639.1,223.2,28.9,24,False,632.28,1.92,2025-02,2.833
SHP01377,2025-07-15,South,Sea,991.2,524.4,77.87,50,False,244.3,2.24,2025-07,0.466
SHP01378,2025-11-13,North,Road,524.3,162.8,17.09,24,True,588.52,4.59,2025-11,3.615
SHP01379,2025-01-11,West,Road,385.1,760.4,18.46,24,True,408.37,4.31,2025-01,0.537
SHP01380,2025-12-06,West,Road,476.4,74.4,27.51,24,False,456.53,3.77,2025-12,6.136
SHP01381,2025-03-28,South,Road,540.4,512.7,21.05,24,True,484.77,5.0,2025-03,0.946
SHP01382,2025-07-31,East,Rail,537.8,166.2,11.14,30,True,299.51,5.0,2025-07,1.802
SHP01383,2025-09-12,West,Rail,863.3,516.3,25.3,30,True,471.76,3.58,2025-09,0.914
SHP01384,2025-12-10,Central,Road,565.3,160.5,31.81,24,False,522.01,3.03,2025-12,3.252
SHP01385,2025-10-15,North,Sea,479.4,372.9,27.0,50,True,120.84,4.75,2025-10,0.324
SHP01386,2025-10-10,West,Road,613.9,410.5,13.1,24,True,615.02,5.0,2025-10,1.498
SHP01387,2025-12-18,South,Road,611.1,821.6,20.46,24,True,576.05,4.58,2025-12,0.701
SHP01388,2025-05-27,East,Road,277.5,105.9,12.49,24,True,276.74,4.88,2025-05,2.613
SHP01389,2025-05-03,Central,Rail,850.0,161.1,27.78,30,True,439.8,3.32,2025-05,2.73
SHP01390,2025-03-27,North,Road,216.4,330.4,26.53,24,False,217.26,4.39,2025-03,0.658
SHP01391,2025-09-16,East,Air,6754.1,233.6,19.0,14,False,27225.93,2.28,2025-09,116.549
SHP01392,2025-12-29,South,Road,331.0,303.0,20.98,24,True,312.22,4.83,2025-12,1.03
SHP01393,2025-01-30,West,Air,3726.0,146.4,15.28,14,False,14629.81,4.28,2025-01,99.93
SHP01394,2025-07-01,South,Rail,468.5,311.2,17.19,30,True,252.33,5.0,2025-07,0.811
SHP01395,2025-05-31,North,Sea,782.1,843.0,31.73,50,True,245.64,4.62,2025-05,0.291
SHP01396,2025-10-29,North,Road,687.1,564.2,21.12,24,True,697.11,3.36,2025-10,1.236
SHP01397,2025-10-10,Central,Air,1521.6,170.5,8.11,14,True,5521.92,4.37,2025-10,32.387
SHP01398,2025-12-18,Central,Road,51.5,335.7,8.28,24,True,58.31,4.76,2025-12,0.174
SHP01399,2025-07-17,South,Road,440.2,733.8,30.12,24,False,408.12,4.12,2025-07,0.556
SHP01400,2025-05-18,West,Road,809.6,399.5,32.63,24,False,791.94,3.2,2025-05,1.982
SHP01401,2025-12-23,Central,Sea,527.3,56.4,20.38,50,True,121.83,4.36,2025-12,2.16
SHP01402,2025-09-22,North,Air,1387.7,220.9,11.19,14,True,6741.57,3.92,2025-09,30.519
SHP01403,2025-10-31,West,Road,1307.1,81.7,28.32,24,False,1190.03,3.64,2025-10,14.566
SHP01404,2025-09-14,East,Road,685.3,661.0,19.01,24,True,668.61,4.29,2025-09,1.012
SHP01405,2025-07-13,South,Road,653.2,182.6,19.82,24,True,565.54,4.62,2025-07,3.097
SHP01406,2025-12-08,West,Road,273.6,806.9,12.75,24,True,278.57,4.45,2025-12,0.345
SHP01407,2025-03-30,North,Road,208.0,387.9,13.34,24,True,249.53,4.45,2025-03,0.643
SHP01408,2025-07-08,North,Road,121.6,163.5,16.33,24,True,120.75,4.93,2025-07,0.739
SHP01409,2025-04-08,North,Road,177.9,178.9,20.19,24,True,155.81,4.13,2025-04,0.871
SHP01410,2025-04-30,South,Sea,1371.0,804.7,95.05,50,False,362.28,1.9,2025-04,0.45
SHP01411,2025-03-13,North,Road,347.0,528.7,13.06,24,True,330.58,4.85,2025-03,0.625
SHP01412,2025-06-17,South,Road,404.5,278.4,13.77,24,True,350.09,4.68,2025-06,1.258
SHP01413,2025-04-02,South,Sea,622.6,305.9,31.07,50,True,165.71,4.79,2025-04,0.542
SHP01414,2025-09-29,West,Road,338.2,540.0,15.22,24,True,339.73,4.95,2025-09,0.629
SHP01415,2025-06-07,Central,Sea,690.9,445.8,23.01,50,True,222.42,4.73,2025-06,0.499
SHP01416,2025-06-11,Central,Sea,695.3,1630.7,41.02,50,True,222.02,3.88,2025-06,0.136
SHP01417,2025-05-06,North,Road,217.2,789.3,25.14,24,False,242.12,4.24,2025-05,0.307
SHP01418,2025-12-06,West,Road,214.9,744.8,25.52,24,False,238.53,3.74,2025-12,0.32
SHP01419,2025-05-14,West,Rail,1484.5,289.5,39.62,30,False,764.98,3.02,2025-05,2.642
SHP01420,2025-10-07,South,Road,864.5,3884.0,21.88,24,True,939.97,4.0,2025-10,0.242
SHP01421,2025-08-01,Central,Rail,625.5,167.8,18.72,30,True,326.28,4.24,2025-08,1.944
SHP01422,2025-03-09,West,Rail,636.0,432.4,19.3,30,True,395.69,4.5,2025-03,0.915
SHP01423,2025-08-03,North,Sea,448.9,1094.5,27.26,50,True,136.93,4.43,2025-08,0.125
SHP01424,2025-04-01,Central,Rail,285.8,1430.7,14.01,30,True,191.9,4.98,2025-04,0.134
SHP01425,2025-03-25,Central,Road,415.4,281.5,17.82,24,True,406.02,5.0,2025-03,1.442
SHP01426,2025-10-20,East,Road,1082.0,190.3,25.3,24,False,951.98,3.82,2025-10,5.003
SHP01427,2025-10-08,East,Road,237.3,1299.7,7.38,24,True,244.15,5.0,2025-10,0.188
SHP01428,2025-06-02,North,Sea,495.6,185.0,61.99,50,False,160.13,3.95,2025-06,0.866
SHP01429,2025-03-16,West,Sea,726.6,1002.7,50.17,50,False,211.43,3.31,2025-03,0.211
SHP01430,2025-08-19,Central,Sea,311.9,438.5,43.41,50,True,100.76,4.0,2025-08,0.23
SHP01431,2025-01-01,East,Road,483.0,299.7,12.67,24,True,428.4,4.28,2025-01,1.429
SHP01432,2025-08-06,Central,Road,293.3,41.1,13.12,24,True,271.46,4.36,2025-08,6.605
SHP01433,2025-06-10,North,Road,761.0,574.2,25.47,24,False,637.76,3.55,2025-06,1.111
SHP01434,2025-06-15,West,Road,179.5,68.2,7.89,24,True,162.72,5.0,2025-06,2.386
SHP01435,2025-08-11,South,Road,627.8,271.9,31.74,24,False,553.24,2.66,2025-08,2.035
SHP01436,2025-10-10,North,Rail,758.4,1073.0,13.36,30,True,499.72,4.47,2025-10,0.466
SHP01437,2025-01-25,East,Rail,568.0,1356.4,26.85,30,True,378.67,3.95,2025-01,0.279
SHP01438,2025-09-11,East,Road,255.2,234.3,9.72,24,True,218.94,4.59,2025-09,0.934
SHP01439,2025-12-13,Central,Road,487.7,531.5,16.25,24,True,395.76,3.56,2025-12,0.745
SHP01440,2025-03-01,West,Road,355.2,365.0,13.81,24,True,302.76,5.0,2025-03,0.829
SHP01441,2025-10-31,South,Road,512.9,86.6,18.78,24,True,481.22,3.76,2025-10,5.557
SHP01442,2025-07-03,North,Road,290.8,1426.0,12.2,24,True,310.15,4.49,2025-07,0.217
SHP01443,2025-12-11,South,Road,142.5,207.8,26.27,24,False,135.29,4.1,2025-12,0.651
SHP01444,2025-02-04,Central,Road,91.0,577.2,7.22,24,True,95.33,5.0,2025-02,0.165
SHP01445,2025-08-26,South,Road,237.5,339.1,11.88,24,True,214.42,4.57,2025-08,0.632
SHP01446,2025-11-11,West,Road,758.4,522.4,14.78,24,True,767.08,4.5,2025-11,1.468
SHP01447,2025-12-16,Central,Rail,234.7,1727.9,28.76,30,True,200.52,3.26,2025-12,0.116
SHP01448,2025-06-27,Central,Sea,238.1,162.0,40.19,50,True,58.74,3.75,2025-06,0.363
SHP01449,2025-03-28,Central,Road,590.2,2312.6,19.42,24,True,623.38,4.03,2025-03,0.27
SHP01450,2025-03-25,North,Sea,441.2,261.0,52.13,50,False,125.08,2.98,2025-03,0.479
SHP01451,2025-12-31,West,Rail,1301.4,196.8,31.02,30,False,693.46,3.26,2025-12,3.524
SHP01452,2025-04-23,South,Sea,679.1,600.1,35.23,50,True,184.9,2.63,2025-04,0.308
SHP01453,2025-03-21,North,Road,246.6,298.9,13.66,24,True,216.03,4.57,2025-03,0.723
SHP01454,2025-08-18,North,Road,171.4,140.6,14.8,24,True,148.65,4.09,2025-08,1.057
SHP01455,2025-01-12,South,Rail,572.4,1019.2,28.32,30,True,311.73,3.23,2025-01,0.306
SHP01456,2025-07-09,East,Air,4311.0,183.5,9.64,14,True,18554.81,4.3,2025-07,101.116
SHP01457,2025-07-05,East,Road,1096.7,692.3,26.03,24,False,977.62,3.58,2025-07,1.412
SHP01458,2025-12-29,Central,Road,433.9,625.5,29.02,24,False,439.33,4.26,2025-12,0.702
SHP01459,2025-03-20,West,Rail,555.0,357.1,29.16,30,True,338.89,3.82,2025-03,0.949
SHP01460,2025-06-12,East,Road,595.3,519.0,13.29,24,True,526.3,5.0,2025-06,1.014
SHP01461,2025-10-26,West,Road,612.1,1759.6,15.36,24,True,574.27,4.07,2025-10,0.326
SHP01462,2025-04-26,West,Road,365.5,688.1,22.15,24,True,322.84,3.56,2025-04,0.469
SHP01463,2025-01-29,West,Sea,1250.6,388.6,51.54,50,False,294.78,3.72,2025-01,0.759
SHP01464,2025-10-12,North,Road,259.2,185.3,14.21,24,True,233.49,5.0,2025-10,1.26
SHP01465,2025-01-07,South,Sea,601.1,461.7,41.17,50,True,130.86,4.01,2025-01,0.283
SHP01466,2025-12-30,West,Road,434.0,455.5,14.93,24,True,415.99,4.24,2025-12,0.913
SHP01467,2025-06-07,North,Sea,452.7,778.6,36.82,50,True,132.07,4.42,2025-06,0.17
SHP01468,2025-05-30,East,Road,459.0,1874.0,21.47,24,True,443.2,4.3,2025-05,0.236
SHP01469,2025-09-05,North,Rail,1005.6,1292.7,21.17,30,True,558.02,3.31,2025-09,0.432
SHP01470,2025-02-08,West,Air,4437.6,449.1,13.41,14,True,18734.25,3.72,2025-02,41.715
SHP01471,2025-04-17,North,Air,1065.9,2989.0,12.73,14,True,4374.33,3.81,2025-04,1.463
SHP01472,2025-08-21,East,Air,1715.6,215.8,14.01,14,False,6850.44,3.23,2025-08,31.744
SHP01473,2025-06-14,East,Road,317.9,123.1,11.54,24,True,281.01,4.97,2025-06,2.283
SHP01474,2025-12-15,Central,Road,279.7,337.5,11.34,24,True,279.5,4.63,2025-12,0.828
SHP01475,2025-11-20,North,Road,393.7,456.1,9.7,24,True,353.74,5.0,2025-11,0.776
SHP01476,2025-03-30,South,Rail,864.2,36.8,23.43,30,True,477.17,4.04,2025-03,12.967
SHP01477,2025-09-29,South,Rail,304.3,305.2,9.61,30,True,186.27,5.0,2025-09,0.61
SHP01478,2025-02-14,South,Air,2478.4,416.1,10.75,14,True,10118.95,4.03,2025-02,24.319
SHP01479,2025-05-30,Central,Road,427.8,1241.1,18.52,24,True,400.66,3.04,2025-05,0.323
SHP01480,2025-01-11,South,Road,498.9,417.5,19.85,24,True,394.62,3.27,2025-01,0.945
SHP01481,2025-02-28,Central,Air,1814.7,262.6,5.88,14,True,8091.51,4.61,2025-02,30.813
SHP01482,2025-02-14,North,Road,483.4,821.1,11.47,24,True,453.16,5.0,2025-02,0.552
SHP01483,2025-11-19,South,Sea,887.1,701.8,37.66,50,True,203.36,3.65,2025-11,0.29
SHP01484,2025-11-09,East,Road,474.9,198.0,15.89,24,True,390.26,4.37,2025-11,1.971
SHP01485,2025-05-15,West,Road,275.9,593.9,13.71,24,True,303.1,4.49,2025-05,0.51
SHP01486,2025-01-28,South,Air,2611.1,206.6,12.11,14,True,9648.42,4.5,2025-01,46.701
SHP01487,2025-05-03,East,Road,205.6,484.4,16.73,24,True,176.26,4.14,2025-05,0.364
SHP01488,2025-05-08,Central,Sea,875.0,261.1,52.43,50,False,256.47,4.04,2025-05,0.982
SHP01489,2025-03-12,South,Rail,278.7,110.0,26.49,30,True,151.78,4.63,2025-03,1.38
SHP01490,2025-09-04,North,Rail,577.6,685.8,20.9,30,True,328.23,3.97,2025-09,0.479
SHP01491,2025-05-03,West,Road,278.1,504.0,10.58,24,True,244.93,4.35,2025-05,0.486
SHP01492,2025-12-13,West,Sea,526.2,1290.4,33.7,50,True,173.46,4.95,2025-12,0.134
SHP01493,2025-04-30,South,Sea,1548.0,502.8,59.1,50,False,372.05,3.88,2025-04,0.74
SHP01494,2025-11-19,North,Road,371.1,990.6,17.85,24,True,340.71,4.45,2025-11,0.344
SHP01495,2025-03-09,Central,Road,571.4,144.2,22.15,24,True,577.72,3.62,2025-03,4.006
SHP01496,2025-10-08,West,Road,680.2,242.9,23.79,24,True,616.89,3.98,2025-10,2.54
SHP01497,2025-07-27,West,Rail,1098.3,311.3,29.14,30,True,594.49,4.07,2025-07,1.91
SHP01498,2025-01-10,South,Road,339.1,479.3,10.8,24,True,301.03,3.06,2025-01,0.628
SHP01499,2025-02-21,South,Sea,1688.4,1865.5,81.7,50,False,524.33,2.07,2025-02,0.281
SHP01500,2025-04-19,Central,Air,1647.5,441.7,22.17,14,False,6711.49,3.97,2025-04,15.195
SHP01501,2025-09-05,West,Air,2045.1,265.0,13.39,14,True,8147.73,4.25,2025-09,30.746
SHP01502,2025-08-05,West,Road,705.8,223.2,19.58,24,True,649.93,4.36,2025-08,2.912
SHP01503,2025-11-07,South,Road,273.0,1820.4,28.14,24,False,297.24,3.79,2025-11,0.163
SHP01504,2025-08-27,North,Rail,680.5,647.2,26.6,30,True,416.95,3.81,2025-08,0.644
SHP01505,2025-05-03,East,Road,413.0,595.0,15.73,24,True,381.29,4.85,2025-05,0.641
SHP01506,2025-07-20,West,Road,242.4,296.8,29.89,24,False,231.67,3.17,2025-07,0.781
SHP01507,2025-03-18,West,Sea,465.3,129.3,20.24,50,True,124.78,5.0,2025-03,0.965
SHP01508,2025-03-22,Central,Air,3587.6,357.4,14.99,14,False,13818.25,3.81,2025-03,38.663
SHP01509,2025-03-16,Central,Sea,481.5,130.1,41.64,50,True,119.66,4.51,2025-03,0.92
SHP01510,2025-09-05,North,Air,2702.1,537.3,11.68,14,True,10921.61,4.32,2025-09,20.327
SHP01511,2025-12-14,West,Road,310.8,100.2,27.02,24,False,269.81,3.41,2025-12,2.693
SHP01512,2025-12-07,South,Road,407.5,388.3,20.04,24,True,433.08,3.32,2025-12,1.115
SHP01513,2025-11-14,West,Road,194.0,624.0,18.03,24,True,186.96,4.75,2025-11,0.3
SHP01514,2025-05-17,Central,Rail,664.3,993.9,25.43,30,True,388.04,4.78,2025-05,0.39
SHP01515,2025-10-25,Central,Air,1783.9,864.6,8.74,14,True,8697.14,4.41,2025-10,10.059
SHP01516,2025-12-10,South,Road,280.0,219.2,22.06,24,True,278.41,3.28,2025-12,1.27
SHP01517,2025-06-29,Central,Road,237.8,1092.1,17.48,24,True,243.94,4.13,2025-06,0.223
SHP01518,2025-08-07,North,Road,735.3,535.5,37.66,24,False,602.44,2.72,2025-08,1.125
SHP01519,2025-05-12,North,Road,240.2,185.2,11.73,24,True,217.81,4.84,2025-05,1.176
SHP01520,2025-08-28,South,Road,420.1,333.7,13.01,24,True,381.06,4.53,2025-08,1.142
SHP01521,2025-07-07,East,Road,510.7,56.6,15.89,24,True,433.56,3.43,2025-07,7.66
SHP01522,2025-02-19,Central,Road,456.8,366.7,27.03,24,False,450.78,3.65,2025-02,1.229
SHP01523,2025-12-16,Central,Road,805.9,899.5,37.25,24,False,778.15,2.36,2025-12,0.865
SHP01524,2025-01-17,South,Rail,214.3,606.6,19.41,30,True,128.97,4.44,2025-01,0.213
SHP01525,2025-10-21,South,Road,184.1,69.0,21.07,24,True,182.03,4.8,2025-10,2.638
SHP01526,2025-12-01,South,Sea,319.5,1288.7,18.02,50,True,113.03,4.87,2025-12,0.088
SHP01527,2025-03-20,East,Road,666.0,1582.6,18.7,24,True,753.67,3.6,2025-03,0.476
SHP01528,2025-08-26,North,Sea,654.9,240.5,34.6,50,True,177.02,4.47,2025-08,0.736
SHP01529,2025-10-21,East,Road,931.0,320.4,33.13,24,False,880.3,2.64,2025-10,2.748
SHP01530,2025-08-29,West,Road,186.3,121.0,33.62,24,False,171.26,3.38,2025-08,1.415
SHP01531,2025-08-31,Central,Road,624.2,227.2,20.55,24,True,598.79,4.23,2025-08,2.636
SHP01532,2025-10-16,West,Road,201.1,119.3,27.86,24,False,152.42,4.06,2025-10,1.278
SHP01533,2025-10-28,South,Sea,564.6,570.9,30.22,50,True,154.25,4.32,2025-10,0.27
SHP01534,2025-09-04,West,Road,419.9,542.9,15.62,24,True,423.87,3.76,2025-09,0.781
SHP01535,2025-02-13,South,Rail,421.2,186.1,25.02,30,True,245.03,4.49,2025-02,1.317
SHP01536,2025-09-18,South,Rail,813.3,149.1,34.59,30,False,498.95,3.2,2025-09,3.346
SHP01537,2025-07-22,South,Road,1136.7,405.6,33.1,24,False,933.67,3.82,2025-07,2.302
SHP01538,2025-06-22,West,Road,333.1,204.5,23.98,24,True,333.46,4.17,2025-06,1.631
SHP01539,2025-03-13,Central,Road,217.5,179.9,17.08,24,True,235.81,3.74,2025-03,1.311
SHP01540,2025-04-24,North,Road,351.3,43.3,21.27,24,True,318.42,4.27,2025-04,7.354
SHP01541,2025-01-16,East,Air,1794.7,227.4,7.38,14,True,7612.99,3.75,2025-01,33.478
SHP01542,2025-03-16,West,Rail,857.3,691.0,30.06,30,False,533.24,3.79,2025-03,0.772
SHP01543,2025-10-25,East,Road,384.1,1189.1,21.16,24,True,355.55,4.03,2025-10,0.299
SHP01544,2025-12-28,Central,Road,184.3,550.0,20.04,24,True,181.8,4.52,2025-12,0.331
SHP01545,2025-02-17,Central,Road,230.8,4674.1,22.65,24,True,307.67,4.1,2025-02,0.066
SHP01546,2025-11-02,North,Road,919.3,419.7,27.26,24,False,803.69,3.0,2025-11,1.915
SHP01547,2025-02-20,North,Road,217.1,223.1,27.24,24,False,197.44,3.81,2025-02,0.885
SHP01548,2025-03-01,West,Sea,486.3,732.1,54.34,50,False,154.88,2.57,2025-03,0.212
SHP01549,2025-05-27,East,Sea,458.5,1802.8,16.35,50,True,194.11,4.05,2025-05,0.108
SHP01550,2025-03-10,West,Sea,773.2,618.3,64.84,50,False,204.92,2.83,2025-03,0.331
SHP01551,2025-02-25,East,Air,2021.6,262.3,23.34,14,False,8784.27,3.15,2025-02,33.489
SHP01552,2025-09-15,North,Road,246.5,254.7,9.4,24,True,208.82,4.55,2025-09,0.82
SHP01553,2025-03-17,Central,Road,669.1,286.3,22.68,24,True,617.55,3.99,2025-03,2.157
SHP01554,2025-05-11,West,Road,771.6,848.1,21.59,24,True,700.74,4.22,2025-05,0.826
SHP01555,2025-07-17,North,Road,575.2,1223.4,20.13,24,True,530.28,3.29,2025-07,0.433
SHP01556,2025-09-01,Central,Rail,623.4,249.3,25.3,30,True,377.22,4.36,2025-09,1.513
SHP01557,2025-05-25,West,Sea,457.5,773.9,18.14,50,True,133.1,4.96,2025-05,0.172
SHP01558,2025-05-29,East,Road,503.5,704.3,29.32,24,False,519.69,3.48,2025-05,0.738
SHP01559,2025-09-01,West,Sea,806.7,1421.0,46.97,50,True,248.54,4.38,2025-09,0.175
SHP01560,2025-10-13,South,Road,174.3,884.5,17.69,24,True,196.95,3.59,2025-10,0.223
SHP01561,2025-05-07,South,Road,311.8,1150.1,27.24,24,False,344.12,2.65,2025-05,0.299
SHP01562,2025-10-13,North,Rail,795.0,122.4,25.66,30,True,457.87,4.1,2025-10,3.741
SHP01563,2025-03-08,North,Road,549.2,89.4,16.41,24,True,474.79,4.58,2025-03,5.311
SHP01564,2025-03-19,West,Road,630.4,1019.7,30.38,24,False,626.29,4.0,2025-03,0.614
SHP01565,2025-09-21,Central,Road,415.5,485.7,17.62,24,True,390.53,4.22,2025-09,0.804
SHP01566,2025-02-18,Central,Rail,920.7,768.7,28.94,30,True,601.43,4.05,2025-02,0.782
SHP01567,2025-03-23,East,Road,411.2,1047.1,10.47,24,True,401.2,5.0,2025-03,0.383
SHP01568,2025-06-10,North,Road,514.7,579.4,20.86,24,True,486.58,3.93,2025-06,0.84
SHP01569,2025-02-05,South,Road,797.6,323.2,29.38,24,False,700.5,3.02,2025-02,2.167
SHP01570,2025-03-28,East,Sea,288.4,440.6,38.24,50,True,93.58,3.12,2025-03,0.212
SHP01571,2025-03-26,North,Road,326.0,331.1,23.67,24,True,292.27,4.09,2025-03,0.883
SHP01572,2025-05-11,South,Road,244.7,336.8,9.82,24,True,223.35,5.0,2025-05,0.663
SHP01573,2025-07-05,West,Sea,564.0,296.2,35.15,50,True,146.32,4.91,2025-07,0.494
SHP01574,2025-09-07,West,Road,165.8,247.7,15.86,24,True,153.65,3.7,2025-09,0.62
SHP01575,2025-10-14,South,Sea,632.6,1068.2,54.92,50,False,180.7,2.62,2025-10,0.169
SHP01576,2025-05-23,North,Road,747.0,1623.9,25.41,24,False,761.58,3.08,2025-05,0.469
SHP01577,2025-05-08,West,Air,771.6,825.1,16.5,14,False,3485.93,3.2,2025-05,4.225
SHP01578,2025-06-03,West,Road,230.7,344.1,9.81,24,True,211.6,4.51,2025-06,0.615
SHP01579,2025-02-08,West,Road,548.2,600.0,14.85,24,True,577.08,3.66,2025-02,0.962
SHP01580,2025-05-09,North,Road,565.0,303.4,18.77,24,True,535.03,4.08,2025-05,1.763
SHP01581,2025-09-29,South,Rail,321.4,900.8,12.58,30,True,186.72,4.46,2025-09,0.207
SHP01582,2025-05-19,Central,Rail,983.3,845.0,32.97,30,False,641.14,3.27,2025-05,0.759
SHP01583,2025-09-19,North,Road,489.9,322.5,18.0,24,True,455.16,4.83,2025-09,1.411
SHP01584,2025-09-16,North,Rail,443.4,684.7,26.61,30,True,268.82,3.61,2025-09,0.393
SHP01585,2025-04-27,North,Rail,400.9,164.9,28.02,30,True,241.36,3.14,2025-04,1.464
SHP01586,2025-01-30,South,Sea,290.8,143.1,16.03,50,True,82.57,5.0,2025-01,0.577
SHP01587,2025-08-31,North,Road,695.5,154.0,21.86,24,True,725.72,3.41,2025-08,4.712
SHP01588,2025-09-11,Central,Road,776.3,383.1,32.82,24,False,739.01,3.63,2025-09,1.929
SHP01589,2025-05-25,East,Road,714.4,556.9,37.18,24,False,584.34,3.16,2025-05,1.049
SHP01590,2025-09-06,North,Road,388.9,444.1,14.87,24,True,378.77,5.0,2025-09,0.853
SHP01591,2025-03-19,South,Rail,1098.6,63.5,25.89,30,True,623.73,4.53,2025-03,9.823
SHP01592,2025-12-18,West,Rail,791.6,187.6,37.3,30,False,516.46,3.26,2025-12,2.753
SHP01593,2025-12-08,South,Road,142.9,268.1,21.45,24,True,133.75,2.24,2025-12,0.499
SHP01594,2025-10-14,East,Road,307.9,36.2,9.01,24,True,279.37,4.4,2025-10,7.717
SHP01595,2025-05-01,Central,Rail,769.3,676.1,25.39,30,True,447.2,3.67,2025-05,0.661
SHP01596,2025-01-26,South,Road,1035.5,535.2,29.84,24,False,847.04,2.45,2025-01,1.583
SHP01597,2025-01-15,West,Road,434.3,2130.4,13.32,24,True,463.17,4.11,2025-01,0.217
SHP01598,2025-10-31,North,Rail,746.9,122.7,31.34,30,False,404.41,3.47,2025-10,3.296
SHP01599,2025-10-13,East,Rail,406.7,1015.5,9.6,30,True,255.12,5.0,2025-10,0.251
SHP01600,2025-07-30,South,Air,1866.2,414.3,10.4,14,True,6707.5,3.8,2025-07,16.19
SHP01601,2025-04-04,West,Road,182.2,535.3,18.1,24,True,182.73,4.24,2025-04,0.341
SHP01602,2025-12-19,Central,Road,503.6,418.2,14.48,24,True,472.84,4.08,2025-12,1.131
SHP01603,2025-06-04,North,Rail,929.9,353.1,21.5,30,True,526.83,3.33,2025-06,1.492
SHP01604,2025-07-16,West,Road,445.7,490.1,14.96,24,True,460.96,3.65,2025-07,0.941
SHP01605,2025-01-18,Central,Rail,155.6,360.0,18.89,30,True,98.74,4.77,2025-01,0.274
SHP01606,2025-10-01,South,Sea,661.1,623.3,28.15,50,True,185.73,4.05,2025-10,0.298
SHP01607,2025-01-12,West,Sea,1031.4,311.4,58.33,50,False,252.33,3.56,2025-01,0.81
SHP01608,2025-07-15,East,Road,487.9,214.9,16.26,24,True,422.21,4.5,2025-07,1.965
SHP01609,2025-08-07,South,Road,206.7,1700.2,15.54,24,True,230.07,4.16,2025-08,0.135
SHP01610,2025-07-15,West,Sea,472.3,424.3,25.78,50,True,124.24,5.0,2025-07,0.293
SHP01611,2025-04-23,South,Air,1153.9,2006.6,10.56,14,True,5072.78,4.36,2025-04,2.528
SHP01612,2025-05-13,South,Road,464.4,694.8,12.29,24,True,471.69,4.47,2025-05,0.679
SHP01613,2025-04-15,South,Sea,917.4,312.0,30.12,50,True,229.58,5.0,2025-04,0.736
SHP01614,2025-09-30,South,Road,373.7,1408.0,14.74,24,True,396.94,4.39,2025-09,0.282
SHP01615,2025-09-26,Central,Sea,398.9,251.5,16.22,50,True,112.29,4.79,2025-09,0.446
SHP01616,2025-11-19,East,Air,1795.8,1324.7,12.09,14,True,8563.09,3.38,2025-11,6.464
SHP01617,2025-11-18,Central,Air,923.5,110.7,10.44,14,True,3509.79,3.77,2025-11,31.705
SHP01618,2025-10-02,East,Road,333.4,771.5,14.88,24,True,277.14,4.79,2025-10,0.359
SHP01619,2025-11-02,North,Rail,1060.8,364.0,26.64,30,True,549.58,3.37,2025-11,1.51
SHP01620,2025-01-31,Central,Road,240.4,845.5,19.53,24,True,262.89,3.71,2025-01,0.311
SHP01621,2025-07-22,West,Road,531.5,1256.5,16.29,24,True,476.9,4.23,2025-07,0.38
SHP01622,2025-12-19,West,Air,981.8,307.9,9.93,14,True,3886.62,4.05,2025-12,12.623
SHP01623,2025-10-09,North,Road,105.1,976.5,9.61,24,True,129.75,5.0,2025-10,0.133
SHP01624,2025-02-08,West,Rail,766.0,588.9,16.99,30,True,414.82,4.43,2025-02,0.704
SHP01625,2025-11-07,North,Road,440.3,437.2,36.72,24,False,394.95,2.85,2025-11,0.903
SHP01626,2025-11-24,Central,Sea,522.5,611.5,35.82,50,True,160.45,4.34,2025-11,0.262
SHP01627,2025-09-09,North,Road,661.5,1330.4,25.65,24,False,566.45,3.95,2025-09,0.426
SHP01628,2025-01-02,East,Rail,413.9,157.7,21.86,30,True,206.71,3.78,2025-01,1.311
SHP01629,2025-05-10,South,Road,503.2,126.0,19.0,24,True,515.93,4.94,2025-05,4.095
SHP01630,2025-06-22,North,Road,540.6,509.1,14.35,24,True,531.06,3.94,2025-06,1.043
SHP01631,2025-04-25,West,Road,392.3,267.3,19.62,24,True,362.95,4.49,2025-04,1.358
SHP01632,2025-06-21,East,Road,318.2,749.6,29.14,24,False,290.87,2.7,2025-06,0.388
SHP01633,2025-11-25,West,Road,467.3,130.4,21.47,24,True,440.11,3.67,2025-11,3.375
SHP01634,2025-09-20,Central,Air,3163.0,254.4,12.1,14,True,13832.74,4.62,2025-09,54.374
SHP01635,2025-05-05,East,Road,310.5,1208.1,17.61,24,True,367.75,3.65,2025-05,0.304
SHP01636,2025-06-28,Central,Road,767.6,94.8,27.1,24,False,706.16,3.96,2025-06,7.449
SHP01637,2025-06-26,East,Road,701.9,292.7,16.75,24,True,654.52,4.15,2025-06,2.236
SHP01638,2025-03-30,West,Air,3034.5,859.1,16.01,14,False,11482.67,3.14,2025-03,13.366
SHP01639,2025-01-21,North,Air,3430.3,452.8,12.46,14,True,14547.52,3.67,2025-01,32.128
SHP01640,2025-01-22,East,Sea,988.3,367.1,63.03,50,False,250.58,2.77,2025-01,0.683
SHP01641,2025-08-26,West,Rail,666.2,3743.5,24.24,30,True,491.55,3.8,2025-08,0.131
SHP01642,2025-10-16,South,Road,468.1,658.2,16.74,24,True,425.86,4.85,2025-10,0.647
SHP01643,2025-09-01,Central,Sea,513.2,85.7,53.08,50,False,112.03,3.71,2025-09,1.307
SHP01644,2025-11-18,North,Rail,428.5,184.0,15.79,30,True,237.12,3.88,2025-11,1.289
SHP01645,2025-02-05,West,Road,235.2,133.8,19.62,24,True,253.69,3.25,2025-02,1.896
SHP01646,2025-01-03,North,Road,257.5,316.7,7.46,24,True,232.28,5.0,2025-01,0.733
SHP01647,2025-04-03,South,Road,551.1,276.2,14.68,24,True,520.04,4.94,2025-04,1.883
SHP01648,2025-01-24,West,Road,453.1,118.0,24.57,24,False,371.21,4.03,2025-01,3.146
SHP01649,2025-12-10,West,Road,290.1,57.4,11.17,24,True,294.83,4.37,2025-12,5.136
SHP01650,2025-02-05,North,Road,400.0,190.8,33.66,24,False,355.86,3.14,2025-02,1.865
SHP01651,2025-01-17,East,Road,541.8,218.7,14.02,24,True,505.14,4.64,2025-01,2.31
SHP01652,2025-03-07,Central,Sea,1234.6,1127.0,56.37,50,False,313.63,2.43,2025-03,0.278
SHP01653,2025-11-01,East,Sea,760.1,758.3,29.85,50,True,220.35,4.89,2025-11,0.291
SHP01654,2025-03-17,East,Rail,479.8,148.4,24.36,30,True,294.28,3.65,2025-03,1.983
SHP01655,2025-11-22,Central,Sea,748.3,511.2,54.39,50,False,192.91,4.54,2025-11,0.377
SHP01656,2025-08-21,South,Road,261.5,396.4,19.65,24,True,236.8,3.74,2025-08,0.597
SHP01657,2025-07-25,North,Road,117.0,311.6,15.99,24,True,104.19,4.5,2025-07,0.334
SHP01658,2025-06-11,North,Air,1790.9,466.2,5.23,14,True,6717.36,4.64,2025-06,14.409
SHP01659,2025-11-11,North,Road,1039.2,214.5,29.99,24,False,1037.41,3.41,2025-11,4.836
SHP01660,2025-12-06,North,Sea,701.8,836.0,25.82,50,True,192.64,5.0,2025-12,0.23
SHP01661,2025-09-10,South,Sea,403.4,1431.4,39.14,50,True,123.48,3.84,2025-09,0.086
SHP01662,2025-02-10,South,Road,252.0,634.8,16.77,24,True,258.99,4.79,2025-02,0.408
SHP01663,2025-11-23,East,Sea,816.1,196.7,50.88,50,False,238.42,3.61,2025-11,1.212
SHP01664,2025-05-17,Central,Road,287.8,507.0,21.52,24,True,275.77,3.87,2025-05,0.544
SHP01665,2025-01-09,West,Road,308.1,225.3,13.14,24,True,277.94,4.78,2025-01,1.234
SHP01666,2025-11-20,South,Sea,336.5,39.9,46.1,50,True,82.9,3.8,2025-11,2.078
SHP01667,2025-09-01,Central,Sea,1009.8,615.2,40.73,50,True,290.22,3.85,2025-09,0.472
SHP01668,2025-07-08,Central,Road,780.3,265.5,20.82,24,True,564.29,4.28,2025-07,2.125
SHP01669,2025-01-26,South,Road,599.1,693.5,14.91,24,True,572.38,5.0,2025-01,0.825
SHP01670,2025-12-28,North,Road,494.7,413.2,31.92,24,False,476.21,3.65,2025-12,1.152
SHP01671,2025-04-05,West,Rail,623.8,337.1,14.09,30,True,411.08,4.48,2025-04,1.219
SHP01672,2025-06-15,South,Road,109.9,440.6,14.51,24,True,104.92,4.3,2025-06,0.238
SHP01673,2025-08-15,North,Road,493.8,477.1,18.08,24,True,456.25,4.11,2025-08,0.956
SHP01674,2025-04-10,East,Road,305.2,367.4,29.17,24,False,225.79,3.92,2025-04,0.615
SHP01675,2025-07-21,South,Sea,620.9,195.3,51.13,50,False,161.13,3.76,2025-07,0.825
SHP01676,2025-02-20,North,Air,1876.9,76.1,13.15,14,True,8705.11,3.33,2025-02,114.39
SHP01677,2025-02-23,South,Road,288.6,82.8,16.39,24,True,262.66,4.08,2025-02,3.172
SHP01678,2025-01-12,South,Road,371.6,210.4,11.87,24,True,375.82,4.73,2025-01,1.786
SHP01679,2025-11-13,North,Sea,411.6,208.0,40.31,50,True,118.61,4.05,2025-11,0.57
SHP01680,2025-04-12,West,Road,319.3,205.9,15.78,24,True,271.14,4.23,2025-04,1.317
SHP01681,2025-02-17,West,Rail,887.9,534.4,23.02,30,True,533.0,4.03,2025-02,0.997
SHP01682,2025-12-21,North,Road,423.1,767.5,16.08,24,True,392.6,5.0,2025-12,0.512
SHP01683,2025-11-11,South,Sea,741.5,440.7,38.65,50,True,209.22,3.89,2025-11,0.475
SHP01684,2025-10-30,South,Road,606.3,1198.2,30.44,24,False,555.14,2.75,2025-10,0.463
SHP01685,2025-02-03,West,Road,565.3,363.6,21.4,24,True,525.63,4.11,2025-02,1.446
SHP01686,2025-06-09,North,Road,402.7,1073.7,14.23,24,True,388.67,4.64,2025-06,0.362
SHP01687,2025-05-08,West,Road,322.3,106.8,10.25,24,True,265.71,4.49,2025-05,2.488
SHP01688,2025-09-29,West,Road,365.4,505.2,17.32,24,True,348.29,3.62,2025-09,0.689
SHP01689,2025-08-22,South,Air,2274.9,896.8,8.64,14,True,8837.96,4.4,2025-08,9.855
SHP01690,2025-08-12,East,Rail,1124.4,960.4,33.02,30,False,622.6,3.47,2025-08,0.648
SHP01691,2025-02-23,West,Sea,750.3,712.4,47.17,50,True,211.41,3.81,2025-02,0.297
SHP01692,2025-04-13,West,Air,1477.7,236.7,14.92,14,False,6138.88,3.76,2025-04,25.935
SHP01693,2025-12-05,Central,Road,398.3,741.4,20.88,24,True,383.21,5.0,2025-12,0.517
SHP01694,2025-01-09,West,Road,343.8,647.5,9.99,24,True,319.13,4.91,2025-01,0.493
SHP01695,2025-05-04,Central,Road,435.9,1278.9,27.88,24,False,390.19,3.33,2025-05,0.305
SHP01696,2025-03-29,South,Road,783.1,285.7,24.67,24,False,737.01,3.14,2025-03,2.58
SHP01697,2025-11-23,West,Air,1903.9,132.7,13.08,14,True,7815.51,3.42,2025-11,58.896
SHP01698,2025-10-24,South,Rail,1001.1,263.1,28.41,30,True,523.96,4.19,2025-10,1.991
SHP01699,2025-03-01,East,Sea,473.3,1396.6,30.69,50,True,191.66,3.85,2025-03,0.137
SHP01700,2025-03-10,East,Road,325.0,334.2,21.8,24,True,325.78,3.36,2025-03,0.975
SHP01701,2025-04-16,North,Road,571.7,133.5,22.22,24,True,538.17,3.73,2025-04,4.031
SHP01702,2025-01-02,Central,Road,264.4,452.2,12.23,24,True,225.26,4.82,2025-01,0.498
SHP01703,2025-03-14,West,Rail,619.8,225.7,42.56,30,False,371.73,2.98,2025-03,1.647
SHP01704,2025-10-10,North,Road,289.0,188.7,22.18,24,True,265.27,3.48,2025-10,1.406
SHP01705,2025-07-22,South,Air,2780.4,191.0,9.79,14,True,10858.58,4.52,2025-07,56.851
SHP01706,2025-03-12,South,Sea,536.5,275.6,34.54,50,True,118.57,4.24,2025-03,0.43
SHP01707,2025-09-02,Central,Rail,354.0,761.6,13.01,30,True,224.65,4.48,2025-09,0.295
SHP01708,2025-02-21,North,Sea,188.5,444.0,15.54,50,True,68.44,5.0,2025-02,0.154
SHP01709,2025-09-13,North,Road,346.7,414.5,13.82,24,True,319.76,4.25,2025-09,0.771
SHP01710,2025-06-11,East,Sea,154.7,558.2,44.48,50,True,56.6,3.26,2025-06,0.101
SHP01711,2025-02-10,North,Road,369.3,86.2,14.89,24,True,350.02,5.0,2025-02,4.061
SHP01712,2025-10-31,East,Road,170.1,154.0,13.38,24,True,171.42,4.62,2025-10,1.113
SHP01713,2025-03-28,West,Air,1578.9,190.1,5.0,14,True,5464.2,4.3,2025-03,28.744
SHP01714,2025-10-18,East,Road,268.8,876.7,9.35,24,True,269.38,5.0,2025-10,0.307
SHP01715,2025-05-05,West,Road,269.1,3238.9,12.42,24,True,339.79,4.5,2025-05,0.105
SHP01716,2025-11-27,North,Rail,2504.8,358.9,50.96,30,False,1436.22,2.77,2025-11,4.002
SHP01717,2025-10-15,West,Road,554.6,167.3,20.69,24,True,607.51,3.47,2025-10,3.631
SHP01718,2025-01-21,South,Road,198.7,449.2,19.47,24,True,191.39,3.64,2025-01,0.426
SHP01719,2025-06-08,North,Air,2871.4,280.2,9.9,14,True,12099.86,4.29,2025-06,43.183
SHP01720,2025-01-16,North,Road,497.7,414.4,15.25,24,True,419.77,4.6,2025-01,1.013
SHP01721,2025-01-10,East,Rail,335.9,1051.5,20.18,30,True,237.22,3.72,2025-01,0.226
SHP01722,2025-12-06,West,Rail,421.2,310.4,16.7,30,True,238.37,4.31,2025-12,0.768
SHP01723,2025-05-13,South,Road,128.2,137.2,16.63,24,True,111.87,5.0,2025-05,0.815
SHP01724,2025-06-08,South,Road,295.5,504.8,15.28,24,True,296.97,4.23,2025-06,0.588
SHP01725,2025-03-28,East,Road,403.7,881.4,17.37,24,True,421.04,4.32,2025-03,0.478
SHP01726,2025-01-24,West,Road,886.2,597.3,32.15,24,False,797.26,3.76,2025-01,1.335
SHP01727,2025-07-05,West,Air,2328.4,294.1,7.39,14,True,9381.56,4.78,2025-07,31.899
SHP01728,2025-10-14,South,Road,291.8,800.3,19.48,24,True,280.56,4.2,2025-10,0.351
SHP01729,2025-09-27,West,Road,138.3,202.6,7.96,24,True,167.73,4.59,2025-09,0.828
SHP01730,2025-07-25,East,Road,185.4,117.7,14.92,24,True,161.34,4.55,2025-07,1.371
SHP01731,2025-07-11,West,Air,1164.2,1171.7,12.88,14,True,4838.47,3.64,2025-07,4.129
SHP01732,2025-01-22,West,Road,506.2,120.7,30.58,24,False,484.58,3.29,2025-01,4.015
SHP01733,2025-01-30,North,Air,2680.7,1099.7,13.39,14,True,12087.42,3.75,2025-01,10.992
SHP01734,2025-05-03,South,Road,337.3,220.9,15.84,24,True,307.58,4.04,2025-05,1.392
SHP01735,2025-09-08,Central,Road,362.4,271.7,33.41,24,False,309.15,3.53,2025-09,1.138
SHP01736,2025-06-05,North,Air,2323.1,296.2,7.19,14,True,9807.21,4.59,2025-06,33.11
SHP01737,2025-02-08,South,Rail,721.1,546.5,24.78,30,True,343.58,4.34,2025-02,0.629
SHP01738,2025-04-21,South,Rail,1544.9,86.3,41.86,30,False,822.32,2.63,2025-04,9.529
SHP01739,2025-10-05,Central,Road,223.6,1147.0,15.23,24,True,216.37,4.13,2025-10,0.189
SHP01740,2025-09-06,Central,Rail,715.1,2085.6,19.69,30,True,479.09,4.85,2025-09,0.23
SHP01741,2025-09-17,South,Air,1846.2,594.7,16.13,14,False,8338.58,3.63,2025-09,14.021
SHP01742,2025-04-13,North,Road,546.1,1371.7,27.91,24,False,497.96,2.93,2025-04,0.363
SHP01743,2025-03-10,North,Sea,455.1,416.6,42.75,50,True,138.16,4.54,2025-03,0.332
SHP01744,2025-05-22,East,Road,504.1,1583.1,27.29,24,False,455.38,2.74,2025-05,0.288
SHP01745,2025-01-17,East,Road,515.7,415.0,25.22,24,False,528.16,4.05,2025-01,1.273
SHP01746,2025-02-12,West,Road,339.6,325.2,20.0,24,True,263.42,4.08,2025-02,0.81
SHP01747,2025-02-05,North,Road,487.1,1755.1,27.24,24,False,479.24,3.31,2025-02,0.273
SHP01748,2025-08-05,East,Sea,501.5,283.1,48.5,50,True,134.29,3.8,2025-08,0.474
SHP01749,2025-05-11,South,Sea,772.8,192.4,35.64,50,True,206.69,4.04,2025-05,1.074
SHP01750,2025-02-04,North,Rail,385.8,579.6,36.06,30,False,211.85,3.08,2025-02,0.366
SHP01751,2025-12-09,Central,Road,743.7,221.3,26.12,24,False,526.8,3.04,2025-12,2.38
SHP01752,2025-05-30,West,Road,298.8,762.3,14.97,24,True,298.38,4.65,2025-05,0.391
SHP01753,2025-05-10,East,Rail,1425.5,384.6,28.72,30,True,863.86,3.31,2025-05,2.246
SHP01754,2025-05-18,South,Road,368.1,205.2,20.71,24,True,333.97,3.97,2025-05,1.628
SHP01755,2025-05-21,East,Rail,1586.4,1242.8,28.64,30,True,915.33,3.79,2025-05,0.737
SHP01756,2025-03-03,North,Road,474.0,2637.0,21.13,24,True,573.52,4.06,2025-03,0.217
SHP01757,2025-06-11,South,Road,316.6,2003.8,25.02,24,False,330.88,4.22,2025-06,0.165
SHP01758,2025-06-14,Central,Sea,283.7,252.7,57.32,50,False,68.36,4.06,2025-06,0.271
SHP01759,2025-04-10,North,Rail,481.5,1142.4,15.17,30,True,328.13,4.98,2025-04,0.287
SHP01760,2025-04-12,West,Sea,622.4,321.9,36.25,50,True,182.31,4.25,2025-04,0.566
SHP01761,2025-09-29,North,Air,3142.1,736.1,8.57,14,True,13196.04,4.77,2025-09,17.927
SHP01762,2025-09-14,South,Sea,1372.2,130.8,61.59,50,False,322.37,2.35,2025-09,2.465
SHP01763,2025-09-25,North,Rail,558.1,2254.2,16.38,30,True,377.81,3.93,2025-09,0.168
SHP01764,2025-10-03,North,Road,288.7,416.5,16.86,24,True,260.84,4.24,2025-10,0.626
SHP01765,2025-12-22,West,Road,36.3,632.1,11.63,24,True,49.37,4.28,2025-12,0.078
SHP01766,2025-02-06,West,Rail,948.2,241.2,41.65,30,False,532.91,3.09,2025-02,2.209
SHP01767,2025-07-20,Central,Sea,604.8,446.1,30.06,50,True,175.46,4.39,2025-07,0.393
SHP01768,2025-07-25,South,Road,163.4,1646.2,7.45,24,True,185.68,4.84,2025-07,0.113
SHP01769,2025-02-18,East,Rail,938.1,2263.7,31.32,30,False,638.1,4.15,2025-02,0.282
SHP01770,2025-11-19,East,Rail,631.1,634.6,42.54,30,False,331.98,3.89,2025-11,0.523
SHP01771,2025-06-12,East,Sea,652.0,823.4,45.91,50,True,158.83,3.81,2025-06,0.193
SHP01772,2025-11-14,West,Road,129.5,162.8,20.05,24,True,115.82,4.64,2025-11,0.711
SHP01773,2025-04-29,Central,Road,521.9,614.5,29.32,24,False,498.61,1.73,2025-04,0.811
SHP01774,2025-05-15,West,Rail,623.5,282.1,33.39,30,False,377.46,3.06,2025-05,1.338
SHP01775,2025-10-31,West,Rail,449.0,1848.5,21.3,30,True,300.28,4.84,2025-10,0.162
SHP01776,2025-04-29,West,Sea,701.2,502.4,33.62,50,True,202.95,4.98,2025-04,0.404
SHP01777,2025-01-22,Central,Road,553.3,696.6,30.88,24,False,485.95,3.62,2025-01,0.698
SHP01778,2025-06-04,North,Road,368.5,817.4,7.88,24,True,388.53,5.0,2025-06,0.475
SHP01779,2025-09-13,East,Air,2221.3,223.5,14.6,14,False,9142.0,3.69,2025-09,40.904
SHP01780,2025-12-17,South,Road,313.0,932.4,30.66,24,False,325.86,2.53,2025-12,0.349
SHP01781,2025-11-10,East,Road,752.0,282.9,22.76,24,True,779.67,4.5,2025-11,2.756
SHP01782,2025-07-24,South,Road,341.4,497.1,11.09,24,True,377.4,4.82,2025-07,0.759
SHP01783,2025-07-17,West,Rail,985.5,368.7,22.81,30,True,616.22,4.35,2025-07,1.671
SHP01784,2025-03-08,Central,Air,1846.2,435.4,11.12,14,True,6631.75,3.46,2025-03,15.231
SHP01785,2025-12-11,South,Sea,375.0,326.2,52.44,50,False,100.92,3.15,2025-12,0.309
SHP01786,2025-04-19,South,Road,752.2,635.6,35.12,24,False,780.08,2.5,2025-04,1.227
SHP01787,2025-08-12,East,Rail,379.1,316.3,14.14,30,True,209.78,3.95,2025-08,0.663
SHP01788,2025-01-26,East,Road,392.3,112.7,11.94,24,True,387.46,4.28,2025-01,3.438
SHP01789,2025-06-01,East,Road,523.3,557.2,19.01,24,True,445.89,4.48,2025-06,0.8
SHP01790,2025-10-02,South,Road,557.4,139.4,28.65,24,False,484.83,3.45,2025-10,3.478
SHP01791,2025-03-21,East,Sea,1408.9,349.1,76.73,50,False,385.75,2.72,2025-03,1.105
SHP01792,2025-02-16,North,Air,775.0,622.3,8.15,14,True,2897.77,4.22,2025-02,4.657
SHP01793,2025-10-01,West,Road,630.3,826.2,15.44,24,True,632.54,4.01,2025-10,0.766
SHP01794,2025-07-09,Central,Air,3560.3,538.0,10.94,14,True,14342.72,4.74,2025-07,26.659
SHP01795,2025-12-31,East,Sea,1232.4,465.9,61.35,50,False,336.41,3.18,2025-12,0.722
SHP01796,2025-10-18,West,Sea,702.4,771.6,61.6,50,False,198.02,3.78,2025-10,0.257
SHP01797,2025-11-08,West,Road,521.3,568.3,22.46,24,True,532.84,3.3,2025-11,0.938
SHP01798,2025-11-05,North,Sea,1019.8,220.9,72.57,50,False,262.5,2.96,2025-11,1.188
SHP01799,2025-06-07,West,Road,416.4,562.7,17.11,24,True,358.25,3.6,2025-06,0.637
SHP01800,2025-06-10,Central,Road,654.1,2206.8,35.22,24,False,638.0,2.25,2025-06,0.289
SHP01801,2025-08-02,East,Road,199.7,65.1,9.01,24,True,191.56,4.02,2025-08,2.943
SHP01802,2025-01-21,North,Sea,551.2,301.9,40.92,50,True,144.77,3.71,2025-01,0.48
SHP01803,2025-12-25,Central,Road,762.5,593.1,33.01,24,False,658.32,3.13,2025-12,1.11
SHP01804,2025-04-07,South,Sea,375.2,162.1,22.02,50,True,104.69,5.0,2025-04,0.646
SHP01805,2025-12-30,Central,Road,187.6,326.9,6.65,24,True,128.05,5.0,2025-12,0.392
SHP01806,2025-12-23,Central,Road,390.6,394.0,16.33,24,True,334.28,4.15,2025-12,0.848
SHP01807,2025-06-04,West,Rail,677.9,193.4,25.09,30,True,397.43,5.0,2025-06,2.055
SHP01808,2025-04-16,North,Road,401.1,467.2,23.93,24,True,365.5,4.76,2025-04,0.782
SHP01809,2025-07-12,East,Road,367.6,379.3,16.33,24,True,301.31,4.15,2025-07,0.794
SHP01810,2025-09-23,West,Road,143.0,634.6,11.41,24,True,132.46,3.86,2025-09,0.209
SHP01811,2025-08-25,South,Sea,729.1,427.0,49.27,50,True,214.3,3.06,2025-08,0.502
SHP01812,2025-08-04,South,Sea,640.1,1184.0,62.41,50,False,178.49,3.21,2025-08,0.151
SHP01813,2025-12-25,North,Rail,849.8,470.8,30.69,30,False,463.24,4.43,2025-12,0.984
SHP01814,2025-06-02,South,Air,1164.6,319.3,5.21,14,True,4560.65,5.0,2025-06,14.283
SHP01815,2025-08-08,West,Air,1448.1,175.6,12.36,14,True,6653.82,3.6,2025-08,37.892
SHP01816,2025-07-31,West,Road,334.7,247.6,14.65,24,True,331.45,5.0,2025-07,1.339
SHP01817,2025-10-14,East,Sea,1051.3,44.5,55.73,50,False,269.3,3.56,2025-10,6.052
SHP01818,2025-08-18,Central,Sea,632.0,748.8,30.64,50,True,180.61,5.0,2025-08,0.241
SHP01819,2025-07-24,Central,Sea,2050.1,1482.1,77.48,50,False,663.39,2.57,2025-07,0.448
SHP01820,2025-09-29,South,Sea,1631.2,648.0,61.33,50,False,490.59,1.91,2025-09,0.757
SHP01821,2025-11-02,West,Road,469.4,1509.8,17.5,24,True,467.64,4.39,2025-11,0.31
SHP01822,2025-01-13,North,Road,581.7,1078.0,20.17,24,True,514.83,3.23,2025-01,0.478
SHP01823,2025-08-08,Central,Rail,666.3,109.4,17.57,30,True,382.8,3.98,2025-08,3.499
SHP01824,2025-07-24,West,Road,190.9,558.3,13.36,24,True,200.11,3.97,2025-07,0.358
SHP01825,2025-12-05,East,Road,752.5,183.5,23.91,24,True,640.26,3.07,2025-12,3.489
SHP01826,2025-09-03,North,Road,266.2,294.6,15.61,24,True,265.56,4.55,2025-09,0.901
SHP01827,2025-05-13,West,Sea,508.2,159.9,47.73,50,True,129.01,2.51,2025-05,0.807
SHP01828,2025-12-29,South,Rail,817.1,536.0,29.01,30,True,461.61,4.22,2025-12,0.861
SHP01829,2025-03-05,West,Rail,890.4,423.6,23.22,30,True,433.82,3.69,2025-03,1.024
SHP01830,2025-03-21,South,Rail,1101.5,76.4,56.58,30,False,639.45,1.8,2025-03,8.37
SHP01831,2025-01-29,East,Sea,613.9,329.3,25.81,50,True,180.02,5.0,2025-01,0.547
SHP01832,2025-06-06,South,Road,272.4,1014.6,25.34,24,False,279.13,3.18,2025-06,0.275
SHP01833,2025-05-25,East,Road,128.7,178.9,6.03,24,True,142.79,5.0,2025-05,0.798
SHP01834,2025-03-26,Central,Road,746.8,798.7,26.39,24,False,697.46,3.39,2025-03,0.873
SHP01835,2025-05-12,Central,Sea,1347.2,401.3,60.9,50,False,355.64,3.23,2025-05,0.886
SHP01836,2025-06-05,South,Road,218.6,181.2,14.48,24,True,213.61,4.85,2025-06,1.179
SHP01837,2025-11-12,Central,Road,526.1,159.0,14.73,24,True,468.3,5.0,2025-11,2.945
SHP01838,2025-06-14,West,Sea,747.8,6863.7,32.06,50,True,315.43,3.39,2025-06,0.046
SHP01839,2025-08-05,East,Rail,648.7,255.9,25.66,30,True,405.08,5.0,2025-08,1.583
SHP01840,2025-02-23,West,Road,814.1,143.7,25.02,24,False,804.24,3.85,2025-02,5.597
SHP01841,2025-07-12,East,Road,258.8,385.6,9.19,24,True,265.92,4.53,2025-07,0.69
SHP01842,2025-06-13,West,Rail,485.6,276.7,13.14,30,True,261.12,4.55,2025-06,0.944
SHP01843,2025-06-19,Central,Rail,1272.0,141.8,42.6,30,False,679.78,2.24,2025-06,4.794
SHP01844,2025-03-13,North,Rail,1113.7,1118.3,43.72,30,False,694.8,3.39,2025-03,0.621
SHP01845,2025-09-14,West,Road,460.9,856.4,16.45,24,True,441.0,4.31,2025-09,0.515
SHP01846,2025-04-12,Central,Road,296.7,1098.7,8.55,24,True,340.71,4.45,2025-04,0.31
SHP01847,2025-11-16,South,Road,285.5,281.7,19.17,24,True,267.4,3.56,2025-11,0.949
SHP01848,2025-08-25,North,Road,389.0,2708.6,19.89,24,True,441.43,3.83,2025-08,0.163
SHP01849,2025-05-05,Central,Road,345.1,948.5,14.74,24,True,309.71,4.11,2025-05,0.327
SHP01850,2025-07-29,East,Rail,302.5,168.2,10.64,30,True,156.68,4.27,2025-07,0.932
SHP01851,2025-09-19,South,Road,544.3,215.7,18.6,24,True,473.53,4.23,2025-09,2.195
SHP01852,2025-08-25,South,Sea,431.4,98.1,18.19,50,True,108.72,5.0,2025-08,1.108
SHP01853,2025-12-07,North,Road,276.0,813.9,17.68,24,True,266.18,3.78,2025-12,0.327
SHP01854,2025-05-21,Central,Sea,419.9,827.2,19.94,50,True,125.21,4.91,2025-05,0.151
SHP01855,2025-12-29,West,Road,425.4,1832.9,21.77,24,True,460.19,3.53,2025-12,0.251
SHP01856,2025-04-09,West,Air,1614.6,227.8,14.57,14,False,6578.06,3.38,2025-04,28.876
SHP01857,2025-02-20,South,Road,581.9,746.2,26.0,24,False,535.41,2.54,2025-02,0.718
SHP01858,2025-05-18,Central,Sea,435.5,277.3,48.66,50,True,112.45,3.05,2025-05,0.406
SHP01859,2025-04-28,West,Road,427.7,143.7,23.02,24,True,389.18,4.57,2025-04,2.708
SHP01860,2025-01-02,West,Sea,321.0,1051.1,15.12,50,True,117.37,4.36,2025-01,0.112
SHP01861,2025-02-18,Central,Road,620.0,374.8,16.83,24,True,481.89,3.15,2025-02,1.286
SHP01862,2025-10-14,West,Road,843.3,149.9,32.36,24,False,745.94,2.88,2025-10,4.976
SHP01863,2025-09-28,Central,Road,1012.9,645.8,37.46,24,False,893.59,2.42,2025-09,1.384
SHP01864,2025-01-28,East,Air,1286.2,118.3,18.48,14,False,4879.9,2.71,2025-01,41.25
SHP01865,2025-09-28,Central,Road,341.8,609.7,19.74,24,True,288.48,4.21,2025-09,0.473
SHP01866,2025-12-28,South,Road,652.1,226.1,21.24,24,True,588.96,4.7,2025-12,2.605
SHP01867,2025-07-26,Central,Road,543.5,901.0,22.76,24,True,533.36,3.25,2025-07,0.592
SHP01868,2025-01-12,North,Road,269.1,163.1,17.55,24,True,240.21,5.0,2025-01,1.473
SHP01869,2025-02-06,South,Road,654.8,555.3,17.46,24,True,582.21,3.82,2025-02,1.048
SHP01870,2025-04-30,North,Sea,722.4,98.8,33.34,50,True,187.3,3.73,2025-04,1.896
SHP01871,2025-09-30,East,Rail,519.2,225.6,27.14,30,True,287.52,4.99,2025-09,1.274
SHP01872,2025-10-01,West,Road,269.5,316.5,11.17,24,True,255.26,4.28,2025-10,0.807
SHP01873,2025-01-09,East,Air,2402.4,343.4,14.23,14,False,10790.19,3.51,2025-01,31.422
SHP01874,2025-05-22,North,Road,342.6,706.9,11.8,24,True,339.7,4.18,2025-05,0.481
SHP01875,2025-06-09,East,Road,131.3,1720.2,13.41,24,True,176.88,5.0,2025-06,0.103
SHP01876,2025-11-30,North,Road,459.9,668.0,22.89,24,True,392.93,3.87,2025-11,0.588
SHP01877,2025-08-06,North,Road,606.1,1046.7,25.74,24,False,587.94,3.71,2025-08,0.562
SHP01878,2025-11-02,West,Road,803.1,1019.6,25.26,24,False,792.26,3.78,2025-11,0.777
SHP01879,2025-04-08,South,Road,589.6,745.3,17.51,24,True,513.49,5.0,2025-04,0.689
SHP01880,2025-08-14,South,Road,267.2,775.7,16.75,24,True,243.78,4.5,2025-08,0.314
SHP01881,2025-05-19,East,Road,520.6,594.8,23.24,24,True,505.81,3.19,2025-05,0.85
SHP01882,2025-10-31,South,Road,523.3,432.3,17.92,24,True,479.68,3.4,2025-10,1.11
SHP01883,2025-12-13,North,Road,481.0,679.7,12.42,24,True,456.12,4.54,2025-12,0.671
SHP01884,2025-02-19,West,Road,345.4,692.2,13.65,24,True,349.51,4.12,2025-02,0.505
SHP01885,2025-06-23,South,Road,608.8,343.6,24.16,24,False,564.08,4.04,2025-06,1.642
SHP01886,2025-05-15,East,Rail,730.3,354.7,17.35,30,True,445.76,4.45,2025-05,1.257
SHP01887,2025-08-25,East,Road,530.3,1394.8,15.61,24,True,521.93,4.74,2025-08,0.374
SHP01888,2025-01-16,Central,Sea,1190.3,939.7,81.1,50,False,321.15,2.7,2025-01,0.342
SHP01889,2025-08-22,East,Road,670.9,1204.7,22.49,24,True,601.77,4.22,2025-08,0.5
SHP01890,2025-12-06,North,Road,412.4,2383.4,21.85,24,True,363.14,2.72,2025-12,0.152
SHP01891,2025-01-13,Central,Road,495.3,1484.9,26.98,24,False,552.02,3.61,2025-01,0.372
SHP01892,2025-11-29,Central,Road,513.7,272.7,24.37,24,False,475.86,4.02,2025-11,1.745
SHP01893,2025-04-12,East,Sea,388.4,886.0,43.04,50,True,141.61,3.89,2025-04,0.16
SHP01894,2025-03-23,East,Road,311.1,4334.2,20.56,24,True,416.26,5.0,2025-03,0.096
SHP01895,2025-04-21,East,Road,270.7,464.1,10.57,24,True,241.83,5.0,2025-04,0.521
SHP01896,2025-12-22,North,Sea,733.2,357.0,78.87,50,False,185.54,2.32,2025-12,0.52
SHP01897,2025-01-30,East,Sea,607.6,1149.6,30.54,50,True,176.7,4.24,2025-01,0.154
SHP01898,2025-04-30,Central,Road,652.9,370.7,21.23,24,True,555.24,3.74,2025-04,1.498
SHP01899,2025-10-28,West,Sea,216.5,693.5,42.51,50,True,76.72,3.78,2025-10,0.111
SHP01900,2025-06-15,West,Road,817.2,577.3,15.87,24,True,741.41,3.4,2025-06,1.284
SHP01901,2025-12-15,East,Road,486.9,437.0,26.32,24,False,418.23,3.38,2025-12,0.957
SHP01902,2025-10-06,West,Road,109.8,564.6,8.81,24,True,125.23,4.23,2025-10,0.222
SHP01903,2025-04-16,East,Rail,547.5,242.2,16.19,30,True,309.81,4.55,2025-04,1.279
SHP01904,2025-12-04,South,Road,480.4,281.9,14.36,24,True,452.07,4.0,2025-12,1.604
SHP01905,2025-10-08,West,Rail,1136.9,217.5,33.61,30,False,699.24,2.27,2025-10,3.215
SHP01906,2025-08-14,North,Air,2789.8,1001.6,11.93,14,True,13787.16,2.6,2025-08,13.765
SHP01907,2025-10-01,South,Road,481.8,146.6,14.94,24,True,415.47,4.37,2025-10,2.834
SHP01908,2025-08-30,South,Rail,1461.8,413.3,30.22,30,False,810.38,3.77,2025-08,1.961
SHP01909,2025-07-06,East,Rail,653.8,210.1,16.93,30,True,380.26,4.39,2025-07,1.81
SHP01910,2025-05-07,North,Sea,376.7,496.8,51.69,50,False,116.55,4.25,2025-05,0.235
SHP01911,2025-07-15,East,Road,327.9,254.1,14.02,24,True,319.77,3.91,2025-07,1.258
SHP01912,2025-10-30,North,Road,697.9,4912.9,37.99,24,False,735.47,2.27,2025-10,0.15
SHP01913,2025-01-31,West,Sea,426.9,293.7,53.69,50,False,100.75,3.83,2025-01,0.343
SHP01914,2025-01-19,South,Rail,1512.1,451.8,44.24,30,False,799.96,2.56,2025-01,1.771
SHP01915,2025-05-04,North,Road,965.6,71.9,25.29,24,False,838.43,4.17,2025-05,11.661
SHP01916,2025-06-23,North,Sea,124.9,225.0,50.31,50,False,39.88,3.33,2025-06,0.177
SHP01917,2025-06-14,Central,Road,531.7,984.8,24.03,24,False,521.34,3.96,2025-06,0.529
SHP01918,2025-07-24,East,Rail,1275.2,159.1,29.15,30,True,765.7,4.1,2025-07,4.813
SHP01919,2025-11-04,South,Rail,238.3,894.5,17.3,30,True,162.18,4.77,2025-11,0.181
SHP01920,2025-03-23,North,Rail,418.4,285.3,11.9,30,True,229.47,5.0,2025-03,0.804
SHP01921,2025-12-18,North,Air,3704.1,329.6,7.66,14,True,13846.47,4.43,2025-12,42.01
SHP01922,2025-11-12,South,Road,276.7,129.4,8.84,24,True,251.64,5.0,2025-11,1.945
SHP01923,2025-07-07,South,Road,208.5,4851.2,7.81,24,True,347.93,5.0,2025-07,0.072
SHP01924,2025-10-23,Central,Rail,1514.4,197.7,59.35,30,False,883.82,1.94,2025-10,4.471
SHP01925,2025-05-10,North,Sea,579.4,16866.9,43.99,50,True,624.36,3.29,2025-05,0.037
SHP01926,2025-12-30,South,Road,256.0,322.0,15.61,24,True,206.21,3.92,2025-12,0.64
SHP01927,2025-11-07,North,Road,200.6,641.9,11.22,24,True,233.48,4.94,2025-11,0.364
SHP01928,2025-03-27,Central,Air,2277.7,430.3,5.67,14,True,9903.29,5.0,2025-03,23.015
SHP01929,2025-07-03,East,Sea,1153.6,101.0,60.71,50,False,226.37,3.36,2025-07,2.241
SHP01930,2025-07-25,East,Sea,1186.8,68.3,46.77,50,True,296.24,3.55,2025-07,4.337
SHP01931,2025-04-09,West,Rail,635.4,261.0,12.55,30,True,356.11,5.0,2025-04,1.364
SHP01932,2025-09-20,Central,Road,574.4,137.1,27.42,24,False,527.29,2.97,2025-09,3.846
SHP01933,2025-02-02,South,Road,1033.1,971.9,31.56,24,False,909.57,2.79,2025-02,0.936
SHP01934,2025-05-04,South,Road,279.2,156.8,23.69,24,True,233.91,3.57,2025-05,1.492
SHP01935,2025-02-02,East,Road,342.1,687.3,21.08,24,True,343.68,4.37,2025-02,0.5
SHP01936,2025-04-23,Central,Sea,1362.9,980.4,51.79,50,False,349.94,3.28,2025-04,0.357
SHP01937,2025-12-28,West,Road,410.8,798.5,24.11,24,False,380.02,3.76,2025-12,0.476
SHP01938,2025-09-15,North,Road,902.9,1348.1,28.66,24,False,865.21,3.79,2025-09,0.642
SHP01939,2025-07-01,North,Sea,409.9,369.8,19.59,50,True,123.52,5.0,2025-07,0.334
SHP01940,2025-09-10,North,Road,694.4,1460.6,42.88,24,False,736.7,2.34,2025-09,0.504
SHP01941,2025-10-05,South,Air,1493.2,1323.4,13.85,14,True,6291.4,3.32,2025-10,4.754
SHP01942,2025-11-10,Central,Road,186.1,492.1,18.34,24,True,179.8,4.14,2025-11,0.365
SHP01943,2025-08-27,Central,Road,324.3,512.1,16.01,24,True,266.7,4.76,2025-08,0.521
SHP01944,2025-04-09,North,Sea,1056.6,952.0,69.87,50,False,294.65,3.15,2025-04,0.31
SHP01945,2025-05-16,West,Road,200.3,416.2,11.91,24,True,196.32,4.91,2025-05,0.472
SHP01946,2025-12-04,East,Sea,412.9,155.5,34.61,50,True,116.39,3.8,2025-12,0.748
SHP01947,2025-02-25,Central,Road,481.8,2553.8,26.88,24,False,516.18,3.01,2025-02,0.202
SHP01948,2025-08-02,East,Rail,799.3,711.1,33.55,30,False,469.56,3.38,2025-08,0.66
SHP01949,2025-10-09,East,Road,282.2,959.2,20.78,24,True,242.69,3.45,2025-10,0.253
SHP01950,2025-06-28,North,Road,313.4,264.6,14.85,24,True,249.95,3.17,2025-06,0.945
SHP01951,2025-02-11,South,Sea,244.9,219.8,9.5,50,True,59.46,4.84,2025-02,0.271
SHP01952,2025-02-08,West,Road,119.8,759.2,15.76,24,True,130.95,4.4,2025-02,0.172
SHP01953,2025-03-05,South,Sea,573.2,120.6,47.12,50,True,148.63,4.43,2025-03,1.232
SHP01954,2025-12-04,East,Rail,611.8,226.2,30.79,30,False,379.95,3.46,2025-12,1.68
SHP01955,2025-06-06,West,Road,666.0,174.5,32.04,24,False,608.25,3.23,2025-06,3.486
SHP01956,2025-03-18,North,Road,149.4,686.5,9.88,24,True,157.73,4.88,2025-03,0.23
SHP01957,2025-12-09,South,Rail,881.9,2472.0,22.7,30,True,574.1,4.46,2025-12,0.232
SHP01958,2025-04-26,West,Road,223.5,233.9,28.41,24,False,202.81,2.6,2025-04,0.867
SHP01959,2025-10-09,West,Road,531.0,1521.1,12.0,24,True,532.8,3.85,2025-10,0.35
SHP01960,2025-12-07,East,Road,504.3,774.1,20.37,24,True,483.74,3.8,2025-12,0.625
SHP01961,2025-08-03,West,Road,345.5,645.2,20.72,24,True,340.56,4.05,2025-08,0.528
SHP01962,2025-10-21,West,Road,374.2,1128.1,23.38,24,True,400.24,4.38,2025-10,0.355
SHP01963,2025-07-26,North,Road,982.3,111.6,27.37,24,False,852.67,3.63,2025-07,7.64
SHP01964,2025-11-07,South,Air,3110.2,232.7,11.7,14,True,13757.79,4.04,2025-11,59.122
SHP01965,2025-01-07,North,Road,297.0,564.1,9.25,24,True,266.78,4.74,2025-01,0.473
SHP01966,2025-12-27,East,Sea,492.6,806.5,39.82,50,True,144.46,3.7,2025-12,0.179
SHP01967,2025-09-29,West,Road,718.0,339.5,26.92,24,False,665.35,3.88,2025-09,1.96
SHP01968,2025-12-07,Central,Road,460.8,696.5,20.14,24,True,401.88,4.33,2025-12,0.577
SHP01969,2025-01-15,East,Road,263.1,1445.4,11.12,24,True,293.21,5.0,2025-01,0.203
SHP01970,2025-11-01,Central,Road,259.6,122.4,15.58,24,True,248.21,4.0,2025-11,2.028
SHP01971,2025-01-13,West,Road,439.6,268.0,19.82,24,True,401.8,4.86,2025-01,1.499
SHP01972,2025-02-24,West,Sea,210.4,1123.2,11.55,50,True,85.71,4.33,2025-02,0.076
SHP01973,2025-08-13,South,Rail,682.4,325.8,20.05,30,True,416.77,4.83,2025-08,1.279
SHP01974,2025-01-21,Central,Road,372.9,1142.5,26.44,24,False,350.43,4.16,2025-01,0.307
SHP01975,2025-03-16,West,Air,1699.2,1437.4,18.07,14,False,7433.52,2.89,2025-03,5.172
SHP01976,2025-09-23,North,Air,1483.4,3808.3,11.55,14,True,5521.34,3.18,2025-09,1.45
SHP01977,2025-01-29,South,Road,271.8,103.0,18.89,24,True,247.84,3.79,2025-01,2.406
SHP01978,2025-08-21,North,Road,302.5,54.6,7.03,24,True,278.16,5.0,2025-08,5.095
SHP01979,2025-07-15,East,Road,334.7,4939.0,15.52,24,True,472.52,4.35,2025-07,0.096
SHP01980,2025-03-30,South,Road,780.8,1332.8,24.17,24,False,711.39,4.22,2025-03,0.534
SHP01981,2025-02-04,North,Road,174.4,376.0,10.83,24,True,157.63,4.58,2025-02,0.419
SHP01982,2025-04-29,East,Road,713.4,360.9,26.75,24,False,678.21,3.88,2025-04,1.879
SHP01983,2025-09-20,North,Sea,551.6,521.3,42.65,50,True,142.21,4.43,2025-09,0.273
SHP01984,2025-05-22,West,Road,599.6,547.5,20.34,24,True,540.01,4.77,2025-05,0.986
SHP01985,2025-11-03,East,Sea,751.2,506.7,41.34,50,True,179.93,4.09,2025-11,0.355
SHP01986,2025-10-24,Central,Road,839.4,52.8,23.3,24,True,798.61,3.83,2025-10,15.125
SHP01987,2025-12-04,North,Rail,1118.9,648.3,36.36,30,False,716.44,3.05,2025-12,1.105
SHP01988,2025-10-04,East,Air,2049.3,1515.0,6.3,14,True,8136.39,4.65,2025-10,5.371
SHP01989,2025-12-10,East,Road,600.5,603.4,20.7,24,True,510.51,3.95,2025-12,0.846
SHP01990,2025-08-29,East,Road,407.0,466.0,12.11,24,True,407.77,5.0,2025-08,0.875
SHP01991,2025-02-01,East,Road,419.4,379.0,21.74,24,True,383.92,3.73,2025-02,1.013
SHP01992,2025-11-05,North,Sea,447.1,137.3,28.28,50,True,121.09,4.0,2025-11,0.882
SHP01993,2025-08-27,West,Air,872.6,279.5,12.89,14,True,3824.46,3.61,2025-08,13.683
SHP01994,2025-08-28,West,Rail,354.6,688.0,20.32,30,True,197.47,4.07,2025-08,0.287
SHP01995,2025-03-30,South,Sea,215.4,50.7,20.25,50,True,56.53,4.55,2025-03,1.115
SHP01996,2025-02-12,Central,Rail,742.2,1547.5,23.22,30,True,391.03,4.73,2025-02,0.253
SHP01997,2025-07-16,Central,Rail,960.6,2814.6,31.01,30,False,609.84,3.38,2025-07,0.217
SHP01998,2025-03-20,Central,Road,403.7,274.7,25.42,24,False,407.0,3.95,2025-03,1.482
SHP01999,2025-08-28,South,Road,349.7,120.5,19.56,24,True,349.99,3.74,2025-08,2.904
SHP02000,2025-07-13,South,Sea,675.2,934.7,24.33,50,True,196.33,4.14,2025-07,0.21
