shipment_id,order_date,origin_city,destination_city,carrier,distance_km,weight_kg,delivery_time_days,shipping_cost_inr,status,cost_per_km,order_month,is_delayed,distance_km_minmax,weight_kg_minmax,shipping_cost_inr_minmax,delivery_time_days_minmax,distance_km_zscore,weight_kg_zscore,shipping_cost_inr_zscore,delivery_time_days_zscore
SHP10920,2024-03-20,Kolkata,Ahmedabad,Blue Dart,485.28,3.61,1.49,2073.74,Delivered,4.27,3,0,0.3272,0.0833,0.2646,0.1631,-0.5613,-1.2072,-0.8751,-0.8048
SHP10619,2024-03-08,Ahmedabad,Mumbai,DHL,1041.5,7.19,4.31,5600.15,Delayed,5.38,3,1,0.7141,0.1735,0.7449,0.6275,1.3151,-0.8509,1.4576,1.2592
SHP10293,2024-02-11,Delhi,Chennai,Blue Dart,776.49,12.39,2.44,4742.85,Delivered,6.11,2,0,0.5298,0.3044,0.6281,0.3195,0.4211,-0.3334,0.8905,-0.1095
SHP10507,2024-04-30,Hyderabad,Chennai,Blue Dart,720.39,2.73,2.07,3095.49,Delivered,4.3,4,0,0.4907,0.0612,0.4038,0.2586,0.2318,-1.2948,-0.1992,-0.3803
SHP10975,2024-07-10,Bengaluru,Delhi,UPS,482.15,8.3,0.8,2304.69,Delayed,4.78,7,1,0.325,0.2014,0.2961,0.0494,-0.5719,-0.7405,-0.7223,-1.3098
SHP10248,2024-11-17,Pune,Hyderabad,Delhivery,880.69,23.71,4.06,5571.99,In Transit,6.33,11,0,0.6023,0.5894,0.741,0.5864,0.7726,0.7931,1.439,1.0762
SHP10772,2024-05-09,Hyderabad,Delhi,Delhivery,748.8,6.45,1.31,3786.42,Returned,5.06,5,1,0.5105,0.1548,0.4979,0.1334,0.3277,-0.9246,0.2578,-0.9365
SHP10915,2024-03-03,Bengaluru,Kolkata,DHL,679.26,11.5,3.14,3837.28,Delivered,5.65,3,0,0.4621,0.282,0.5048,0.4348,0.0931,-0.422,0.2915,0.4029
SHP10329,2024-07-30,Bengaluru,Mumbai,DHL,795.54,17.12,4.05,3982.12,Delivered,5.01,7,0,0.543,0.4235,0.5245,0.5847,0.4854,0.1373,0.3873,1.0689
SHP10049,2024-01-16,Ahmedabad,Pune,Blue Dart,677.46,20.28,1.93,3361.1,Delivered,4.96,1,0,0.4609,0.5031,0.44,0.2355,0.087,0.4518,-0.0235,-0.4827
SHP10459,2024-07-27,Ahmedabad,Bengaluru,DHL,922.58,16.56,3.68,4497.01,Delivered,4.87,7,0,0.6314,0.4094,0.5947,0.5238,0.9139,0.0816,0.7279,0.7981
SHP10142,2024-02-24,Ahmedabad,Delhi,FedEx,595.25,20.2,2.06,2533.19,Delivered,4.26,2,0,0.4037,0.5011,0.3272,0.2569,-0.1903,0.4438,-0.5712,-0.3876
SHP10382,2024-03-01,Chennai,Pune,Blue Dart,927.41,18.49,3.27,4528.31,In Transit,4.88,3,0,0.6348,0.458,0.5989,0.4562,0.9302,0.2736,0.7486,0.498
SHP10250,2024-07-15,Bengaluru,Pune,DHL,848.58,13.5,3.72,5187.55,In Transit,6.11,7,0,0.5799,0.3324,0.6887,0.5304,0.6643,-0.223,1.1847,0.8274
SHP10537,2024-05-14,Delhi,Pune,FedEx,420.08,6.6,3.19,2066.56,Delivered,4.92,5,0,0.2818,0.1586,0.2637,0.4431,-0.7813,-0.9096,-0.8798,0.4395
SHP10133,2024-01-25,Jaipur,Bengaluru,Delhivery,15.0,10.06,0.5,209.56,Delayed,13.97,1,1,0.0,0.2457,0.0108,0.0,-2.1479,-0.5653,-2.1082,-1.5293
SHP10104,2024-04-22,Nagpur,Bengaluru,Delhivery,751.96,16.87,0.9,4746.37,Delivered,6.31,4,0,0.5127,0.4172,0.6286,0.0659,0.3383,0.1124,0.8928,-1.2366
SHP10006,2024-10-04,Ahmedabad,Kolkata,FedEx,549.53,15.09,2.99,2215.39,Delivered,4.03,10,0,0.3719,0.3724,0.2839,0.4101,-0.3446,-0.0647,-0.7814,0.2931
SHP10886,2024-11-04,Pune,Bengaluru,Blue Dart,506.03,13.91,1.33,3087.15,Delayed,6.1,11,1,0.3416,0.3427,0.4027,0.1367,-0.4913,-0.1822,-0.2047,-0.9219
SHP10509,2024-08-25,Nagpur,Bengaluru,DHL,336.99,9.4,1.18,1840.58,Delivered,5.46,8,0,0.224,0.2291,0.2329,0.112,-1.0616,-0.631,-1.0293,-1.0316
SHP10982,2024-12-20,Ahmedabad,Nagpur,FedEx,902.58,4.21,4.45,3785.06,Delivered,4.19,12,0,0.6175,0.0984,0.4977,0.6506,0.8465,-1.1475,0.2569,1.3616
SHP10574,2024-05-14,Kolkata,Bengaluru,Blue Dart,735.86,26.59,2.76,4459.95,Delayed,6.06,5,1,0.5015,0.6619,0.5896,0.3722,0.284,1.0798,0.7034,0.1247
SHP10434,2024-06-04,Nagpur,Kolkata,DHL,15.0,23.39,1.75,378.72,In Transit,25.25,6,0,0.0,0.5814,0.0338,0.2059,-2.1479,0.7613,-1.9963,-0.6145
SHP10027,2024-08-22,Ahmedabad,Bengaluru,Blue Dart,755.53,13.89,3.34,3175.39,Delivered,4.2,8,0,0.5152,0.3422,0.4147,0.4678,0.3504,-0.1841,-0.1464,0.5492
SHP10998,2024-10-24,Jaipur,Hyderabad,FedEx,719.37,21.66,1.08,3502.15,Delivered,4.87,10,0,0.49,0.5378,0.4592,0.0955,0.2284,0.5891,0.0698,-1.1048
SHP10119,2024-02-27,Chennai,Mumbai,Blue Dart,540.93,13.575,1.17,3022.05,Delivered,5.59,2,0,0.3659,0.3342,0.3938,0.1104,-0.3736,-0.2155,-0.2478,-1.039
SHP10108,2024-02-19,Chennai,Pune,UPS,603.89,34.69,1.77,2646.83,Delayed,4.38,2,1,0.4097,0.8659,0.3427,0.2092,-0.1612,1.8859,-0.496,-0.5998
SHP10769,2024-12-25,Mumbai,Hyderabad,UPS,523.96,12.88,1.01,3034.09,Delivered,5.79,12,0,0.3541,0.3167,0.3954,0.084,-0.4308,-0.2847,-0.2398,-1.1561
SHP10837,2024-10-21,Bengaluru,Kolkata,FedEx,547.35,21.47,4.94,3361.08,Delivered,6.14,10,0,0.3704,0.533,0.44,0.7313,-0.3519,0.5702,-0.0235,1.7203
SHP10846,2024-09-20,Jaipur,Hyderabad,Blue Dart,1275.08,14.31,5.97,6989.66,In Transit,5.48,9,0,0.8766,0.3528,0.9341,0.901,2.1031,-0.1423,2.3767,2.4741
SHP10986,2024-05-24,Pune,Mumbai,Blue Dart,1105.73,22.28,6.12,6457.19,Delivered,5.84,5,0,0.7588,0.5534,0.8616,0.9257,1.5318,0.6508,2.0245,2.5839
SHP10824,2024-01-05,Chennai,Delhi,DHL,967.57,18.89,3.75,5132.02,Delivered,5.3,1,0,0.6627,0.4681,0.6811,0.5353,1.0657,0.3135,1.1479,0.8493
SHP10756,2024-08-06,Pune,Ahmedabad,DHL,171.84,18.48,0.84,1342.33,Delivered,7.81,8,0,0.1091,0.4577,0.165,0.056,-1.6188,0.2727,-1.3589,-1.2805
SHP10877,2024-02-13,Mumbai,Hyderabad,FedEx,805.37,9.53,3.3,4501.54,In Transit,5.59,2,0,0.5499,0.2324,0.5953,0.4612,0.5185,-0.618,0.7309,0.52
SHP10274,2024-03-21,Kolkata,Jaipur,Delhivery,713.26,11.59,3.16,4192.35,Delivered,5.88,3,0,0.4858,0.2843,0.5532,0.4381,0.2078,-0.413,0.5263,0.4175
SHP10200,2024-03-15,Bengaluru,Pune,UPS,82.05,15.71,0.5,699.45,Delivered,8.52,3,0,0.0466,0.388,0.0775,0.0,-1.9217,-0.003,-1.7841,-1.5293
SHP10078,2024-02-15,Ahmedabad,Mumbai,Blue Dart,752.24,2.09,1.73,4008.59,Delivered,5.33,2,0,0.5129,0.0451,0.5281,0.2026,0.3393,-1.3585,0.4048,-0.6291
SHP10658,2024-12-07,Jaipur,Bengaluru,UPS,419.61,6.86,0.58,2478.11,Delayed,5.91,12,1,0.2815,0.1652,0.3197,0.0132,-0.7829,-0.8838,-0.6076,-1.4708
SHP10262,2024-01-25,Ahmedabad,Hyderabad,FedEx,1073.05,16.79,6.45,5255.72,In Transit,4.9,1,0,0.7361,0.4152,0.698,0.98,1.4216,0.1045,1.2297,2.8254
SHP10663,2024-08-16,Chennai,Kolkata,Blue Dart,182.47,21.23,0.5,1338.19,Delayed,7.33,8,1,0.1165,0.527,0.1645,0.0,-1.5829,0.5463,-1.3616,-1.5293
SHP10578,2024-09-15,Mumbai,Nagpur,Blue Dart,656.09,5.47,3.06,3886.78,Delivered,5.92,9,0,0.446,0.1302,0.5115,0.4217,0.0149,-1.0221,0.3242,0.3443
SHP10156,2024-08-17,Delhi,Ahmedabad,FedEx,143.8,5.85,1.42,729.68,Delivered,5.07,8,0,0.0896,0.1397,0.0816,0.1515,-1.7134,-0.9843,-1.7641,-0.856
SHP10090,2024-09-28,Delhi,Jaipur,DHL,316.67,4.52,2.51,1597.86,Delayed,5.05,9,1,0.2099,0.1063,0.1998,0.3311,-1.1302,-1.1166,-1.1899,-0.0582
SHP10101,2024-09-21,Hyderabad,Kolkata,Blue Dart,911.17,35.19,3.53,5200.69,Delivered,5.71,9,0,0.6235,0.8785,0.6905,0.4991,0.8754,1.9356,1.1933,0.6883
SHP10094,2024-05-11,Mumbai,Jaipur,UPS,685.77,8.26,2.57,3456.52,Delivered,5.04,5,0,0.4667,0.2004,0.453,0.341,0.115,-0.7444,0.0396,-0.0143
SHP10521,2024-11-07,Ahmedabad,Bengaluru,FedEx,504.59,27.87,3.6,3617.05,Delayed,7.17,11,1,0.3406,0.6942,0.4748,0.5106,-0.4962,1.2071,0.1458,0.7395
SHP10546,2024-01-20,Nagpur,Jaipur,Blue Dart,570.78,5.85,0.86,2449.95,In Transit,4.29,1,0,0.3867,0.1397,0.3159,0.0593,-0.2729,-0.9843,-0.6262,-1.2659
SHP10041,2024-03-30,Mumbai,Jaipur,FedEx,806.35,10.77,1.23,4584.18,Delayed,5.69,3,1,0.5505,0.2636,0.6065,0.1202,0.5218,-0.4946,0.7855,-0.9951
SHP10590,2024-07-05,Bengaluru,Nagpur,FedEx,693.87,11.33,3.74,3090.71,Delivered,4.45,7,0,0.4723,0.2777,0.4031,0.5337,0.1424,-0.4389,-0.2024,0.842
SHP10870,2024-06-05,Jaipur,Delhi,FedEx,694.8,10.61,2.22,4198.12,Returned,6.04,6,1,0.4729,0.2596,0.5539,0.2833,0.1455,-0.5106,0.5302,-0.2705
SHP10436,2024-09-17,Kolkata,Nagpur,DHL,978.84,7.18,3.92,3937.63,Delivered,4.02,9,0,0.6705,0.1732,0.5185,0.5633,1.1037,-0.8519,0.3579,0.9737
SHP10034,2024-09-22,Mumbai,Bengaluru,FedEx,285.03,7.53,2.3,1533.51,Delivered,5.38,9,0,0.1879,0.182,0.1911,0.2965,-1.2369,-0.8171,-1.2324,-0.2119
SHP10175,2024-09-06,Mumbai,Jaipur,Blue Dart,988.21,14.37,4.03,5351.18,In Transit,5.42,9,0,0.6771,0.3543,0.711,0.5814,1.1354,-0.1364,1.2929,1.0543
SHP10035,2024-09-23,Jaipur,Hyderabad,Blue Dart,1134.86,20.41,4.91,5600.94,In Transit,4.94,9,0,0.7791,0.5063,0.745,0.7264,1.6301,0.4647,1.4581,1.6983
SHP10148,2024-05-14,Delhi,Ahmedabad,Blue Dart,677.22,40.01625,1.98,3679.14,Delayed,5.43,5,1,0.4607,1.0,0.4833,0.2438,0.0862,2.4159,0.1869,-0.4461
SHP10779,2024-06-21,Delhi,Bengaluru,FedEx,508.97,4.69,2.98,2222.99,In Transit,4.37,6,0,0.3437,0.1105,0.285,0.4085,-0.4814,-1.0997,-0.7764,0.2858
SHP10664,2024-04-26,Chennai,Ahmedabad,FedEx,651.66,4.97,1.95,3300.9300000000003,Delivered,5.07,4,0,0.4429,0.1176,0.4318,0.2388,-0.0,-1.0719,-0.0633,-0.4681
SHP10688,2024-11-21,Bengaluru,Delhi,Delhivery,873.32,9.82,3.56,4543.23,Delayed,5.2,11,1,0.5971,0.2397,0.6009,0.504,0.7478,-0.5892,0.7584,0.7103
SHP10931,2024-12-13,Ahmedabad,Bengaluru,FedEx,361.88,10.39,1.16,1916.54,Delivered,5.3,12,0,0.2413,0.2541,0.2432,0.1087,-0.9776,-0.5325,-0.9791,-1.0463
SHP10814,2024-05-11,Jaipur,Chennai,Delhivery,688.18,22.77,3.12,4472.0,Cancelled,6.5,5,0,0.4683,0.5658,0.5912,0.4315,0.1232,0.6996,0.7113,0.3882
SHP10311,2024-01-25,Mumbai,Hyderabad,DHL,651.24,16.16,1.76,3942.44,In Transit,6.05,1,0,0.4426,0.3993,0.5191,0.2075,-0.0015,0.0418,0.361,-0.6071
SHP10703,2024-12-21,Kolkata,Bengaluru,Blue Dart,400.79,1.45,1.74,2393.64,Delivered,5.97,12,0,0.2684,0.029,0.3082,0.2042,-0.8464,-1.4222,-0.6635,-0.6218
SHP10527,2024-05-27,Kolkata,Delhi,FedEx,506.5,5.82,1.79,2792.72,Delivered,5.51,5,0,0.3419,0.139,0.3626,0.2125,-0.4897,-0.9873,-0.3995,-0.5852
SHP10746,2024-04-04,Bengaluru,Ahmedabad,Blue Dart,517.81,18.71,2.76,2476.89,Delayed,4.78,4,1,0.3498,0.4635,0.3195,0.3722,-0.4516,0.2955,-0.6084,0.1247
SHP10640,2024-05-02,Hyderabad,Jaipur,Delhivery,820.01,30.35,3.83,3837.7,In Transit,4.68,5,0,0.56,0.7566,0.5049,0.5485,0.5679,1.454,0.2918,0.9079
SHP10577,2024-11-18,Kolkata,Ahmedabad,UPS,1081.18,21.36,3.93,4538.34,Delivered,4.2,11,0,0.7417,0.5303,0.6003,0.565,1.449,0.5593,0.7552,0.9811
SHP10496,2024-05-15,Mumbai,Nagpur,Delhivery,319.36,6.44,1.89,1704.2,Cancelled,5.34,5,0,0.2117,0.1546,0.2143,0.2289,-1.1211,-0.9256,-1.1195,-0.512
SHP10271,2024-10-11,Kolkata,Chennai,FedEx,578.11,17.48,0.54,3464.44,In Transit,5.99,10,0,0.3918,0.4326,0.454,0.0066,-0.2482,0.1731,0.0448,-1.5001
SHP10940,2024-05-28,Chennai,Hyderabad,FedEx,159.4,4.79,1.69,742.88,Delayed,4.66,5,1,0.1005,0.1131,0.0834,0.196,-1.6607,-1.0898,-1.7554,-0.6584
SHP10017,2024-03-22,Jaipur,Nagpur,UPS,453.56,18.49,0.54,2991.11,Cancelled,6.59,3,0,0.3051,0.458,0.3896,0.0066,-0.6683,0.2736,-0.2683,-1.5001
SHP10207,2024-12-13,Pune,Bengaluru,FedEx,351.7,21.38,0.5,1637.7,Delivered,4.66,12,0,0.2342,0.5308,0.2053,0.0,-1.012,0.5613,-1.1635,-1.5293
SHP10340,2024-05-08,Hyderabad,Kolkata,Blue Dart,546.45,0.37,1.66,2367.19,Delivered,4.33,5,0,0.3697,0.0018,0.3046,0.1911,-0.355,-1.5297,-0.681,-0.6803
SHP10244,2024-09-22,Kolkata,Hyderabad,FedEx,379.69,37.13,2.63,2592.81,Delivered,6.83,9,0,0.2537,0.9273,0.3353,0.3508,-0.9176,2.1287,-0.5317,0.0296
SHP10650,2024-05-05,Bengaluru,Chennai,FedEx,1177.43,14.1,3.11,6191.84,Delivered,5.26,5,0,0.8087,0.3475,0.8255,0.4299,1.7737,-0.1632,1.849,0.3809
SHP10241,2024-05-18,Ahmedabad,Pune,FedEx,190.14,8.67,0.5,1124.92,In Transit,5.92,5,0,0.1218,0.2107,0.1354,0.0,-1.557,-0.7036,-1.5027,-1.5293
SHP10065,2024-02-13,Ahmedabad,Delhi,DHL,823.87,19.52,5.35,3808.55,Delivered,4.62,2,0,0.5627,0.4839,0.5009,0.7988,0.5809,0.3762,0.2725,2.0204
SHP10358,2024-03-30,Kolkata,Pune,DHL,616.35,36.83,2.82,3552.23,In Transit,5.76,3,0,0.4184,0.9198,0.466,0.3821,-0.1192,2.0988,0.1029,0.1687
SHP10314,2024-09-26,Kolkata,Mumbai,FedEx,309.87,32.3,1.83,1952.23,Delayed,6.3,9,1,0.2051,0.8057,0.2481,0.2191,-1.1531,1.648,-0.9555,-0.5559
SHP10560,2024-12-12,Hyderabad,Ahmedabad,DHL,601.89,3.43,2.545,2347.38,In Transit,3.9,12,0,0.4083,0.0788,0.3019,0.3368,-0.1679,-1.2251,-0.6941,-0.0326
SHP10191,2024-01-17,Delhi,Chennai,DHL,512.96,14.41,0.99,3110.58,In Transit,6.06,1,0,0.3464,0.3553,0.4058,0.0807,-0.468,-0.1324,-0.1892,-1.1707
SHP10368,2024-09-03,Kolkata,Hyderabad,DHL,372.18,30.44,2.68,2340.68,Delivered,6.29,9,0,0.2485,0.7589,0.301,0.3591,-0.9429,1.4629,-0.6985,0.0662
SHP10754,2024-06-26,Chennai,Kolkata,UPS,976.74,15.63,3.91,5010.96,Delivered,5.13,6,0,0.6691,0.386,0.6646,0.5617,1.0967,-0.011,1.0678,0.9664
SHP10652,2024-10-27,Hyderabad,Bengaluru,FedEx,1022.64,10.8,3.89,4023.77,Delivered,3.93,10,0,0.701,0.2644,0.5302,0.5584,1.2515,-0.4917,0.4148,0.9518
SHP10223,2024-12-27,Jaipur,Pune,UPS,677.24,20.61,2.25,3938.31,Delivered,5.82,12,0,0.4607,0.5114,0.5186,0.2882,0.0863,0.4846,0.3583,-0.2485
SHP10186,2024-06-03,Jaipur,Nagpur,FedEx,314.8,18.09,1.48,1807.35,Delivered,5.74,6,0,0.2086,0.4479,0.2284,0.1614,-1.1365,0.2338,-1.0513,-0.8121
SHP10180,2024-02-13,Mumbai,Hyderabad,Blue Dart,261.4,39.86,0.5,2018.82,In Transit,7.72,2,0,0.1714,0.9961,0.2572,0.0,-1.3166,2.4004,-0.9114,-1.5293
SHP10268,2024-01-11,Mumbai,Kolkata,DHL,603.07,38.46,4.8,3012.22,Delivered,4.99,1,0,0.4091,0.9608,0.3924,0.7083,-0.164,2.2611,-0.2543,1.6178
SHP10825,2024-01-09,Hyderabad,Jaipur,DHL,596.92,7.09,1.37,3179.16,Cancelled,5.33,1,0,0.4048,0.171,0.4152,0.1433,-0.1847,-0.8609,-0.1439,-0.8926
SHP10582,2024-09-27,Jaipur,Nagpur,Blue Dart,846.1,19.47,1.88,3321.03,Delivered,3.93,9,0,0.5782,0.4827,0.4345,0.2273,0.6559,0.3712,-0.05,-0.5193
SHP10345,2024-12-28,Nagpur,Chennai,DHL,965.56,3.01,5.53,3935.63,Delivered,4.08,12,0,0.6613,0.0682,0.5182,0.8285,1.0589,-1.2669,0.3565,2.1521
SHP10795,2024-05-20,Kolkata,Ahmedabad,Blue Dart,827.19,20.95,1.62,4458.73,Delivered,5.39,5,0,0.565,0.5199,0.5894,0.1845,0.5921,0.5185,0.7026,-0.7096
SHP10950,2024-09-27,Nagpur,Hyderabad,FedEx,689.36,40.01625,2.74,4718.82,Delivered,6.85,9,0,0.4692,1.0,0.6249,0.369,0.1272,2.4159,0.8746,0.1101
SHP10699,2024-09-23,Nagpur,Ahmedabad,Blue Dart,339.95,32.84,0.52,2296.34,In Transit,6.75,9,0,0.2261,0.8193,0.295,0.0033,-1.0516,1.7018,-0.7278,-1.5147
SHP10429,2024-07-31,Jaipur,Chennai,FedEx,861.39,5.67,4.05,3112.93,Delivered,3.61,7,0,0.5888,0.1352,0.4062,0.5847,0.7075,-1.0022,-0.1877,1.0689
SHP10790,2024-01-15,Nagpur,Mumbai,UPS,389.18,20.02,0.5,2074.3,Delivered,5.33,1,0,0.2603,0.4965,0.2647,0.0,-0.8855,0.4259,-0.8747,-1.5293
SHP10971,2024-05-31,Ahmedabad,Chennai,Blue Dart,682.47,25.84,3.71,4099.89,Delivered,6.01,5,0,0.4644,0.6431,0.5406,0.5287,0.1039,1.0051,0.4652,0.82
SHP10812,2024-05-30,Hyderabad,Ahmedabad,Delhivery,210.35,13.575,1.46,1447.31,Delivered,6.88,5,0,0.1359,0.3342,0.1793,0.1581,-1.4888,-0.2155,-1.2894,-0.8267
SHP10806,2024-04-21,Pune,Kolkata,Blue Dart,590.59,40.01625,1.43,3518.5,Delivered,5.96,4,0,0.4004,1.0,0.4614,0.1532,-0.2061,2.4159,0.0806,-0.8487
SHP10408,2024-07-07,Hyderabad,Jaipur,DHL,840.41,11.66,2.9,4231.89,Delayed,5.04,7,1,0.5742,0.286,0.5585,0.3953,0.6367,-0.4061,0.5525,0.2272
SHP10154,2024-10-05,Mumbai,Jaipur,Blue Dart,1043.61,13.575,1.42,6218.31,Delayed,5.96,10,1,0.7156,0.3342,0.8291,0.1515,1.3222,-0.2155,1.8665,-0.856
SHP10581,2024-01-08,Nagpur,Delhi,DHL,662.71,10.15,3.31,3305.16,Delivered,4.99,1,0,0.4506,0.248,0.4323,0.4628,0.0372,-0.5563,-0.0605,0.5273
SHP10013,2024-01-09,Jaipur,Kolkata,FedEx,236.99,21.03,0.5,1529.61,Delivered,6.45,1,0,0.1544,0.522,0.1905,0.0,-1.399,0.5264,-1.235,-1.5293
SHP10680,2024-10-17,Jaipur,Mumbai,FedEx,1007.16,9.57,3.04,6091.63,Delivered,6.05,10,0,0.6903,0.2334,0.8118,0.4184,1.1993,-0.6141,1.7827,0.3297
SHP10481,2024-01-12,Ahmedabad,Chennai,Delhivery,626.49,11.48,1.28,2808.02,Delivered,4.48,1,0,0.4254,0.2815,0.3646,0.1285,-0.0849,-0.424,-0.3894,-0.9585
SHP10962,2024-12-25,Pune,Mumbai,FedEx,513.34,14.4,1.48,3143.18,In Transit,6.12,12,0,0.3467,0.355,0.4103,0.1614,-0.4667,-0.1334,-0.1677,-0.8121
SHP10762,2024-06-15,Mumbai,Chennai,UPS,792.65,8.61,2.545,4037.68,In Transit,5.09,6,0,0.541,0.2092,0.5321,0.3368,0.4756,-0.7096,0.424,-0.0326
SHP10692,2024-12-01,Kolkata,Pune,Delhivery,579.02,15.57,2.72,2307.55,Delivered,3.99,12,0,0.3924,0.3845,0.2965,0.3657,-0.2451,-0.0169,-0.7204,0.0955
SHP10879,2024-11-09,Delhi,Chennai,Delhivery,256.94,8.33,0.5,1216.43,Delayed,4.73,11,1,0.1683,0.2022,0.1479,0.0,-1.3317,-0.7375,-1.4422,-1.5293
SHP10727,2024-02-23,Ahmedabad,Pune,DHL,672.14,11.46,2.94,4116.16,Delivered,6.12,2,0,0.4572,0.281,0.5428,0.4019,0.0691,-0.426,0.4759,0.2565
SHP10873,2024-05-09,Kolkata,Pune,UPS,594.32,33.66,1.63,3538.91,Delivered,5.95,5,0,0.403,0.84,0.4642,0.1861,-0.1935,1.7834,0.0941,-0.7023
SHP10467,2024-09-10,Chennai,Kolkata,Blue Dart,615.3,15.39,1.32,3604.47,Delivered,5.86,9,0,0.4176,0.3799,0.4731,0.1351,-0.1227,-0.0349,0.1375,-0.9292
SHP10306,2024-04-06,Kolkata,Nagpur,Blue Dart,479.99,7.82,0.5,2970.23,Delivered,6.19,4,0,0.3235,0.1893,0.3867,0.0,-0.5792,-0.7882,-0.2821,-1.5293
SHP10267,2024-07-23,Delhi,Nagpur,Delhivery,1012.23,10.21,2.545,5052.5,Delayed,4.99,7,1,0.6938,0.2495,0.6703,0.3368,1.2164,-0.5504,1.0953,-0.0326
SHP10059,2024-10-22,Ahmedabad,Chennai,UPS,574.24,17.45,2.0,3458.62,In Transit,6.02,10,0,0.3891,0.4318,0.4532,0.2471,-0.2612,0.1701,0.041,-0.4315
SHP10882,2024-07-12,Pune,Bengaluru,Delhivery,474.44,34.03,0.5,2868.55,Delivered,6.05,7,0,0.3196,0.8493,0.3729,0.0,-0.5979,1.8202,-0.3493,-1.5293
SHP10956,2024-11-26,Delhi,Pune,DHL,1042.84,21.54,3.82,6456.26,Delivered,6.19,11,0,0.7151,0.5348,0.8615,0.5468,1.3196,0.5772,2.0239,0.9006
SHP10189,2024-11-23,Pune,Bengaluru,FedEx,1073.75,26.95,4.09,6676.26,Delivered,6.22,11,0,0.7366,0.671,0.8914,0.5913,1.4239,1.1156,2.1694,1.0982
SHP10607,2024-08-09,Nagpur,Jaipur,Blue Dart,722.91,10.35,3.12,2906.27,Delivered,4.02,8,0,0.4925,0.253,0.378,0.4315,0.2403,-0.5364,-0.3244,0.3882
SHP10120,2024-09-10,Hyderabad,Nagpur,Blue Dart,775.24,3.82,3.73,2765.74,Cancelled,3.57,9,0,0.5289,0.0886,0.3589,0.532,0.4169,-1.1863,-0.4173,0.8347
SHP10798,2024-09-09,Jaipur,Nagpur,Blue Dart,877.72,8.2,5.03,5422.57,Delivered,6.18,9,0,0.6002,0.1989,0.7207,0.7461,0.7626,-0.7504,1.3401,1.7861
SHP10944,2024-06-25,Jaipur,Ahmedabad,Blue Dart,69.21,14.12,0.58,581.85,Delivered,8.41,6,0,0.0377,0.348,0.0615,0.0132,-1.965,-0.1613,-1.8619,-1.4708
SHP10669,2024-10-30,Bengaluru,Kolkata,FedEx,915.01,13.575,4.38,5622.57,Delivered,6.14,10,0,0.6261,0.3342,0.7479,0.6391,0.8884,-0.2155,1.4724,1.3104
SHP10003,2024-07-25,Jaipur,Pune,FedEx,528.08,8.71,2.545,2169.07,Delivered,4.11,7,0,0.357,0.2118,0.2776,0.3368,-0.4169,-0.6997,-0.812,-0.0326
SHP10195,2024-02-05,Kolkata,Nagpur,Delhivery,475.07,5.35,0.5,2342.74,In Transit,4.93,2,0,0.3201,0.1272,0.3013,0.0,-0.5958,-1.034,-0.6971,-1.5293
SHP10205,2024-03-13,Hyderabad,Ahmedabad,Delhivery,208.46,20.06,0.5,1495.26,Delivered,7.17,3,0,0.1346,0.4975,0.1859,0.0,-1.4952,0.4299,-1.2577,-1.5293
SHP10331,2024-04-30,Delhi,Chennai,Blue Dart,502.86,17.84,1.7,3096.39,Delayed,6.16,4,1,0.3394,0.4416,0.4039,0.1977,-0.502,0.209,-0.1986,-0.6511
SHP10926,2024-11-10,Bengaluru,Hyderabad,UPS,776.81,18.81,4.79,3300.9300000000003,Delivered,4.25,11,0,0.53,0.4661,0.4318,0.7066,0.4222,0.3055,-0.0633,1.6105
SHP10710,2024-04-21,Jaipur,Nagpur,UPS,213.61,8.0,1.01,1182.47,Delayed,5.54,4,1,0.1382,0.1939,0.1433,0.084,-1.4778,-0.7703,-1.4646,-1.1561
SHP10718,2024-03-25,Jaipur,Nagpur,UPS,637.36,13.575,2.0,2334.74,In Transit,3.66,3,0,0.433,0.3342,0.3002,0.2471,-0.0483,-0.2155,-0.7024,-0.4315
SHP10491,2024-10-22,Mumbai,Kolkata,FedEx,189.17,4.69,1.66,767.44,In Transit,4.06,10,0,0.1212,0.1105,0.0867,0.1911,-1.5603,-1.0997,-1.7392,-0.6803
SHP10463,2024-10-09,Hyderabad,Mumbai,Blue Dart,783.78,12.3,1.79,3300.9300000000003,Delayed,4.21,10,1,0.5348,0.3021,0.4318,0.2125,0.4457,-0.3424,-0.0633,-0.5852
SHP10309,2024-04-02,Ahmedabad,Nagpur,Delhivery,537.95,13.575,3.58,2383.9,Delivered,4.43,4,0,0.3638,0.3342,0.3069,0.5073,-0.3836,-0.2155,-0.6699,0.7249
SHP10780,2024-11-10,Mumbai,Kolkata,Delhivery,582.81,0.7,1.92,2898.63,Returned,4.97,11,1,0.395,0.0101,0.377,0.2339,-0.2323,-1.4968,-0.3294,-0.49
SHP10002,2024-09-28,Delhi,Hyderabad,Blue Dart,445.72,30.36,1.43,2403.69,Delivered,5.39,9,0,0.2997,0.7569,0.3096,0.1532,-0.6948,1.455,-0.6568,-0.8487
SHP10763,2024-05-13,Chennai,Delhi,Blue Dart,1115.71,18.18,4.79,4488.05,Delivered,4.02,5,0,0.7658,0.4502,0.5934,0.7066,1.5655,0.2428,0.7219,1.6105
SHP10242,2024-06-05,Chennai,Delhi,Delhivery,152.03,16.78,0.5,1000.38,Delivered,6.58,6,0,0.0953,0.4149,0.1185,0.0,-1.6856,0.1035,-1.5851,-1.5293
SHP10888,2024-10-14,Chennai,Pune,FedEx,131.98,20.79,0.66,1017.16,Delivered,7.71,10,0,0.0814,0.5159,0.1208,0.0264,-1.7532,0.5025,-1.574,-1.4122
SHP10966,2024-06-08,Ahmedabad,Pune,UPS,826.57,7.46,0.68,4107.15,Delivered,4.97,6,0,0.5646,0.1803,0.5416,0.0296,0.59,-0.8241,0.47,-1.3976
SHP10967,2024-02-27,Bengaluru,Delhi,UPS,572.57,1.3,2.04,2303.07,Delivered,4.02,2,0,0.3879,0.0252,0.2959,0.2537,-0.2669,-1.4371,-0.7234,-0.4022
SHP10073,2024-08-06,Delhi,Mumbai,DHL,586.79,4.31,2.0,3347.68,Delivered,5.71,8,0,0.3978,0.101,0.4381,0.2471,-0.2189,-1.1375,-0.0324,-0.4315
SHP10117,2024-12-13,Delhi,Nagpur,Delhivery,959.06,13.575,3.27,4676.19,Delayed,4.88,12,1,0.6568,0.3342,0.6191,0.4562,1.037,-0.2155,0.8464,0.498
SHP10389,2024-09-13,Mumbai,Nagpur,FedEx,1079.33,16.46,4.0,3300.9300000000003,Delivered,3.06,9,0,0.7405,0.4069,0.4318,0.5765,1.4428,0.0716,-0.0633,1.0323
SHP10494,2024-08-07,Nagpur,Hyderabad,Delhivery,244.46,4.39,1.91,1155.84,Delivered,4.73,8,0,0.1596,0.103,0.1396,0.2322,-1.3738,-1.1296,-1.4823,-0.4974
SHP10111,2024-09-06,Delhi,Chennai,Blue Dart,471.17,13.575,1.23,3064.55,Delivered,6.5,9,0,0.3174,0.3342,0.3996,0.1202,-0.6089,-0.2155,-0.2197,-0.9951
SHP10005,2024-08-26,Hyderabad,Ahmedabad,DHL,839.39,3.24,2.72,3269.13,In Transit,3.89,8,0,0.5735,0.074,0.4274,0.3657,0.6333,-1.244,-0.0843,0.0955
SHP10404,2024-09-02,Delhi,Chennai,DHL,781.98,29.9,2.09,4366.98,Delivered,5.58,9,0,0.5336,0.7453,0.5769,0.2619,0.4396,1.4092,0.6419,-0.3656
SHP10797,2024-03-13,Delhi,Kolkata,FedEx,632.15,27.59,1.97,3092.81,Delivered,4.89,3,0,0.4294,0.6871,0.4034,0.2421,-0.0659,1.1793,-0.201,-0.4534
SHP10573,2024-08-07,Jaipur,Chennai,FedEx,830.33,8.44,2.99,4354.59,Cancelled,5.24,8,0,0.5672,0.205,0.5753,0.4101,0.6027,-0.7265,0.6337,0.2931
SHP10482,2024-11-20,Bengaluru,Chennai,Blue Dart,221.15,40.01625,1.74,1736.68,Delivered,7.85,11,0,0.1434,1.0,0.2187,0.2042,-1.4524,2.4159,-1.098,-0.6218
SHP10823,2024-05-28,Nagpur,Delhi,FedEx,586.98,3.93,3.0,3315.34,Delivered,5.65,5,0,0.3979,0.0914,0.4337,0.4118,-0.2182,-1.1754,-0.0538,0.3004
SHP10473,2024-02-19,Kolkata,Nagpur,UPS,1406.21,24.73,6.571249999999999,6568.25,Delivered,4.67,2,0,0.9679,0.6151,0.8767,1.0,2.5455,0.8947,2.098,2.9142
SHP10008,2024-06-30,Chennai,Ahmedabad,Blue Dart,451.42,13.575,2.29,1935.81,Delivered,4.29,6,0,0.3036,0.3342,0.2459,0.2948,-0.6756,-0.2155,-0.9663,-0.2192
SHP10856,2024-08-09,Bengaluru,Jaipur,DHL,315.17,17.73,0.5,1998.84,Delivered,6.34,8,0,0.2088,0.4389,0.2544,0.0,-1.1352,0.198,-0.9246,-1.5293
SHP10056,2024-05-20,Ahmedabad,Bengaluru,Blue Dart,765.51,19.95,2.97,4795.11,Delayed,6.26,5,1,0.5221,0.4948,0.6353,0.4068,0.384,0.4189,0.9251,0.2784
SHP10258,2024-02-01,Delhi,Nagpur,FedEx,1256.19,2.24,4.92,7008.55,Delayed,5.58,2,1,0.8635,0.0488,0.9367,0.728,2.0394,-1.3435,2.3892,1.7056
SHP10850,2024-09-13,Nagpur,Bengaluru,Delhivery,306.89,22.98,0.83,1481.72,In Transit,4.83,9,0,0.2031,0.5711,0.184,0.0544,-1.1632,0.7205,-1.2667,-1.2878
SHP10979,2024-06-28,Kolkata,Pune,DHL,622.8,13.58,0.78,2980.42,Cancelled,4.79,6,0,0.4228,0.3344,0.3881,0.0461,-0.0974,-0.215,-0.2753,-1.3244
SHP10702,2024-08-05,Jaipur,Kolkata,Delhivery,229.56,23.62,2.36,1617.62,Delayed,7.05,8,1,0.1493,0.5872,0.2025,0.3064,-1.424,0.7842,-1.1768,-0.168
SHP10084,2024-07-13,Jaipur,Ahmedabad,Blue Dart,301.38,1.24,1.24,1470.63,In Transit,4.88,7,0,0.1992,0.0237,0.1825,0.1219,-1.1817,-1.4431,-1.274,-0.9877
SHP10403,2024-06-12,Hyderabad,Bengaluru,FedEx,573.85,22.59,2.04,3360.29,Delivered,5.86,6,0,0.3888,0.5612,0.4398,0.2537,-0.2625,0.6817,-0.024,-0.4022
SHP10159,2024-11-02,Bengaluru,Jaipur,Blue Dart,698.62,22.38,2.57,4144.02,Delayed,5.93,11,1,0.4756,0.5559,0.5466,0.341,0.1584,0.6608,0.4944,-0.0143
SHP10720,2024-08-17,Bengaluru,Ahmedabad,FedEx,818.38,5.55,3.46,3300.9300000000003,In Transit,4.03,8,0,0.5589,0.1322,0.4318,0.4875,0.5624,-1.0141,-0.0633,0.6371
SHP10125,2024-08-26,Mumbai,Pune,UPS,819.86,8.42,3.37,3842.43,Delivered,4.69,8,0,0.5599,0.2045,0.5055,0.4727,0.5674,-0.7285,0.2949,0.5712
SHP10834,2024-04-29,Hyderabad,Pune,Delhivery,296.42,5.45,1.34,1469.1,Delivered,4.96,4,0,0.1958,0.1297,0.1823,0.1384,-1.1985,-1.0241,-1.275,-0.9145
SHP10902,2024-02-14,Delhi,Ahmedabad,UPS,968.55,13.575,3.66,3863.73,Delivered,3.99,2,0,0.6634,0.3342,0.5084,0.5205,1.069,-0.2155,0.309,0.7835
SHP10486,2024-07-02,Hyderabad,Delhi,Delhivery,869.92,12.36,3.83,4920.76,Cancelled,5.66,7,0,0.5948,0.3037,0.6524,0.5485,0.7363,-0.3364,1.0082,0.9079
SHP10354,2024-08-16,Nagpur,Bengaluru,FedEx,363.41,10.63,1.41,2067.05,In Transit,5.69,8,0,0.2424,0.2601,0.2637,0.1499,-0.9725,-0.5086,-0.8795,-0.8633
SHP10785,2024-10-09,Jaipur,Delhi,Blue Dart,705.86,1.43,2.54,3010.67,In Transit,4.27,10,0,0.4806,0.0285,0.3922,0.336,0.1828,-1.4242,-0.2553,-0.0363
SHP10809,2024-11-04,Kolkata,Bengaluru,DHL,456.83,40.01625,1.32,3317.95,Cancelled,7.26,11,0,0.3074,1.0,0.4341,0.1351,-0.6573,2.4159,-0.0521,-0.9292
SHP10388,2024-04-09,Kolkata,Bengaluru,UPS,551.28,10.86,2.44,2479.57,Delivered,4.5,4,0,0.3731,0.2659,0.3199,0.3195,-0.3387,-0.4857,-0.6066,-0.1095
SHP10339,2024-06-05,Nagpur,Ahmedabad,UPS,209.52,11.07,1.38,1035.23,Cancelled,4.94,6,0,0.1353,0.2712,0.1232,0.1449,-1.4916,-0.4648,-1.562,-0.8853
SHP10081,2024-10-07,Bengaluru,Pune,FedEx,113.99,12.11,1.48,703.21,Delivered,6.17,10,0,0.0689,0.2974,0.078,0.1614,-1.8139,-0.3613,-1.7817,-0.8121
SHP10238,2024-07-15,Nagpur,Ahmedabad,UPS,638.83,15.48,2.71,2942.24,Cancelled,4.61,7,0,0.434,0.3822,0.3829,0.364,-0.0433,-0.0259,-0.3006,0.0882
SHP10959,2024-08-25,Chennai,Hyderabad,DHL,524.28,19.59,2.47,3392.09,Delivered,6.47,8,0,0.3543,0.4857,0.4442,0.3245,-0.4298,0.3831,-0.003,-0.0875
SHP10716,2024-08-11,Delhi,Ahmedabad,Blue Dart,773.17,15.78,3.14,4658.02,Delivered,6.02,8,0,0.5275,0.3898,0.6166,0.4348,0.4099,0.004,0.8344,0.4029
SHP10202,2024-10-16,Jaipur,Nagpur,Delhivery,741.15,12.41,2.545,3644.37,Delivered,4.92,10,0,0.5052,0.3049,0.4785,0.3368,0.3019,-0.3314,0.1639,-0.0326
SHP10965,2024-03-29,Bengaluru,Hyderabad,FedEx,945.58,26.99,3.32,5461.34,Delivered,5.78,3,0,0.6474,0.672,0.726,0.4645,0.9915,1.1196,1.3658,0.5346
SHP10228,2024-08-13,Bengaluru,Hyderabad,FedEx,852.54,0.76,3.74,3917.29,Cancelled,4.59,8,0,0.5827,0.0116,0.5157,0.5337,0.6777,-1.4908,0.3444,0.842
SHP10997,2024-06-03,Kolkata,Pune,Delhivery,83.32,14.19,0.5,689.43,Delayed,8.27,6,1,0.0475,0.3497,0.0761,0.0,-1.9174,-0.1543,-1.7908,-1.5293
SHP10216,2024-12-09,Chennai,Jaipur,DHL,410.36,10.02,1.96,2175.37,Cancelled,5.3,12,0,0.2751,0.2447,0.2785,0.2405,-0.8141,-0.5693,-0.8079,-0.4608
SHP10598,2024-10-08,Hyderabad,Ahmedabad,UPS,601.36,14.78,2.46,3022.66,Delayed,5.03,10,1,0.4079,0.3646,0.3939,0.3228,-0.1697,-0.0956,-0.2474,-0.0948
SHP10050,2024-06-08,Mumbai,Delhi,DHL,975.59,17.49,3.59,3300.9300000000003,Delivered,3.38,6,0,0.6683,0.4328,0.4318,0.509,1.0928,0.1741,-0.0633,0.7322
SHP10584,2024-07-30,Jaipur,Mumbai,Blue Dart,1228.21,10.06,2.545,7201.5,In Transit,5.86,7,0,0.844,0.2457,0.963,0.3368,1.945,-0.5653,2.5168,-0.0326
SHP10516,2024-06-07,Bengaluru,Chennai,UPS,247.94,13.32,2.07,1176.52,Delivered,4.75,6,0,0.1621,0.3278,0.1425,0.2586,-1.362,-0.2409,-1.4686,-0.3803
SHP10831,2024-01-21,Jaipur,Pune,UPS,650.16,11.83,1.31,4078.82,Delivered,6.27,1,0,0.4419,0.2903,0.5377,0.1334,-0.0051,-0.3892,0.4512,-0.9365
SHP10602,2024-02-18,Jaipur,Mumbai,Delhivery,848.96,0.3,4.24,3115.74,Delivered,3.67,2,0,0.5802,0.0,0.4065,0.616,0.6656,-1.5366,-0.1858,1.208
SHP10201,2024-03-31,Delhi,Mumbai,Blue Dart,709.51,6.88,3.23,4225.98,Delivered,5.96,3,0,0.4832,0.1657,0.5577,0.4497,0.1951,-0.8818,0.5486,0.4687
SHP10704,2024-06-17,Ahmedabad,Nagpur,Delhivery,1162.97,40.01625,4.45,5152.77,Delivered,4.43,6,0,0.7986,1.0,0.684,0.6506,1.7249,2.4159,1.1616,1.3616
SHP10194,2024-09-20,Delhi,Kolkata,Blue Dart,815.56,26.97,2.17,4955.64,Delivered,6.08,9,0,0.557,0.6715,0.6571,0.2751,0.5529,1.1176,1.0312,-0.3071
SHP10898,2024-12-12,Ahmedabad,Mumbai,FedEx,340.0,16.22,0.56,2046.87,Delivered,6.02,12,0,0.2261,0.4008,0.261,0.0099,-1.0515,0.0477,-0.8929,-1.4854
SHP10676,2024-08-07,Nagpur,Pune,DHL,376.73,11.63,0.5,3300.9300000000003,Delivered,8.76,8,0,0.2517,0.2853,0.4318,0.0,-0.9275,-0.4091,-0.0633,-1.5293
SHP10839,2024-05-12,Bengaluru,Delhi,Delhivery,454.78,18.79,1.4,2218.63,Delivered,4.88,5,0,0.306,0.4656,0.2844,0.1482,-0.6642,0.3035,-0.7792,-0.8706
SHP10236,2024-06-11,Mumbai,Bengaluru,UPS,728.23,12.99,5.68,3300.9300000000003,Delivered,4.53,6,0,0.4962,0.3195,0.4318,0.8532,0.2583,-0.2737,-0.0633,2.2619
SHP10593,2024-01-24,Jaipur,Chennai,DHL,844.57,3.25,4.16,3811.22,Delayed,4.51,1,1,0.5771,0.0743,0.5013,0.6028,0.6508,-1.243,0.2742,1.1494
SHP10255,2024-05-08,Chennai,Ahmedabad,Delhivery,816.57,2.32,3.05,4590.89,Delivered,5.62,5,0,0.5577,0.0509,0.6074,0.42,0.5563,-1.3356,0.79,0.337
SHP10443,2024-09-17,Jaipur,Chennai,Blue Dart,473.04,4.7,0.5,2290.58,Delayed,4.84,9,1,0.3187,0.1108,0.2942,0.0,-0.6026,-1.0987,-0.7316,-1.5293
SHP10597,2024-10-18,Mumbai,Kolkata,DHL,1249.49,29.73,5.57,5547.98,Delivered,4.44,10,0,0.8588,0.741,0.7378,0.8351,2.0168,1.3923,1.4231,2.1814
SHP10559,2024-09-14,Ahmedabad,Mumbai,FedEx,527.81,9.59,2.92,2460.25,Delivered,4.66,9,0,0.3568,0.2339,0.3173,0.3986,-0.4179,-0.6121,-0.6194,0.2419
SHP10990,2024-07-14,Jaipur,Nagpur,FedEx,870.8,1.97,3.29,3446.05,In Transit,3.96,7,0,0.5954,0.042,0.4515,0.4595,0.7393,-1.3704,0.0327,0.5127
SHP10426,2024-06-01,Ahmedabad,Chennai,DHL,812.18,40.01625,3.26,4715.66,Cancelled,5.81,6,0,0.5546,1.0,0.6244,0.4546,0.5415,2.4159,0.8725,0.4907
SHP10452,2024-09-13,Mumbai,Nagpur,Blue Dart,764.51,12.79,4.04,3551.75,Delivered,4.65,9,0,0.5214,0.3145,0.4659,0.5831,0.3807,-0.2936,0.1026,1.0616
SHP10989,2024-09-06,Mumbai,Kolkata,Delhivery,586.63,16.35,2.51,3443.76,In Transit,5.87,9,0,0.3977,0.4041,0.4512,0.3311,-0.2194,0.0607,0.0312,-0.0582
SHP10479,2024-09-29,Mumbai,Ahmedabad,UPS,543.02,16.05,1.11,2406.21,Delivered,4.43,9,0,0.3673,0.3966,0.3099,0.1005,-0.3665,0.0308,-0.6552,-1.0829
SHP10047,2024-08-05,Delhi,Chennai,Delhivery,173.13,1.34,2.545,3300.9300000000003,Delivered,19.07,8,0,0.11,0.0262,0.4318,0.3368,-1.6144,-1.4331,-0.0633,-0.0326
SHP10529,2024-10-11,Bengaluru,Mumbai,Blue Dart,56.82,32.77,0.61,956.91,In Transit,16.84,10,0,0.0291,0.8175,0.1125,0.0181,-2.0068,1.6948,-1.6138,-1.4488
SHP10647,2024-12-03,Pune,Nagpur,FedEx,532.89,6.06,2.64,3097.97,Delayed,5.81,12,1,0.3603,0.145,0.4041,0.3525,-0.4007,-0.9634,-0.1976,0.0369
SHP10019,2024-01-07,Mumbai,Nagpur,UPS,1167.1,11.56,3.56,5240.78,Returned,4.49,1,1,0.8015,0.2835,0.6959,0.504,1.7389,-0.416,1.2199,0.7103
SHP10725,2024-09-22,Delhi,Pune,FedEx,274.63,12.42,1.44,1698.35,Delivered,6.18,9,0,0.1806,0.3052,0.2135,0.1548,-1.272,-0.3304,-1.1234,-0.8414
SHP10783,2024-03-19,Kolkata,Pune,FedEx,611.39,5.72,2.545,2517.55,Delivered,4.12,3,0,0.4149,0.1365,0.3251,0.3368,-0.1359,-0.9972,-0.5815,-0.0326
SHP10341,2024-12-08,Bengaluru,Nagpur,FedEx,371.5,19.0,1.2,2336.67,Delivered,6.29,12,0,0.248,0.4708,0.3004,0.1153,-0.9452,0.3244,-0.7012,-1.017
SHP10686,2024-12-24,Jaipur,Chennai,Blue Dart,805.46,40.01625,2.05,5256.62,Cancelled,6.53,12,0,0.5499,1.0,0.6981,0.2553,0.5188,2.4159,1.2303,-0.3949
SHP10679,2024-09-21,Pune,Kolkata,FedEx,414.41,40.01625,0.64,2389.11,Delivered,5.77,9,0,0.2779,1.0,0.3076,0.0231,-0.8004,2.4159,-0.6665,-1.4269
SHP10629,2024-04-11,Jaipur,Chennai,Blue Dart,631.1,2.59,3.55,3135.09,Delayed,4.97,4,1,0.4286,0.0577,0.4092,0.5024,-0.0694,-1.3087,-0.173,0.7029
SHP10592,2024-07-14,Mumbai,Pune,Blue Dart,646.61,18.93,3.55,3056.5,Delivered,4.73,7,0,0.4394,0.4691,0.3985,0.5024,-0.0171,0.3174,-0.225,0.7029
SHP10836,2024-03-10,Mumbai,Jaipur,UPS,708.11,16.37,2.79,3455.61,Delivered,4.88,3,0,0.4822,0.4046,0.4528,0.3772,0.1904,0.0627,0.039,0.1467
SHP10933,2024-05-25,Jaipur,Nagpur,FedEx,639.95,15.6,1.79,3594.52,In Transit,5.62,5,0,0.4348,0.3852,0.4717,0.2125,-0.0395,-0.014,0.1309,-0.5852
SHP10364,2024-12-27,Mumbai,Chennai,Delhivery,485.9,12.83,2.39,2035.69,Delivered,4.19,12,0,0.3276,0.3155,0.2595,0.3113,-0.5592,-0.2896,-0.9002,-0.1461
SHP10177,2024-02-10,Pune,Nagpur,Delhivery,851.37,6.83,2.91,3579.66,Cancelled,4.2,2,0,0.5819,0.1644,0.4697,0.397,0.6737,-0.8868,0.1211,0.2345
SHP10644,2024-03-29,Hyderabad,Delhi,Blue Dart,652.68,17.69,2.03,2885.62,Returned,4.42,3,1,0.4436,0.4379,0.3752,0.252,0.0034,0.194,-0.338,-0.4095
SHP10060,2024-12-17,Pune,Chennai,Delhivery,720.63,16.07,2.545,2916.0,Delayed,4.05,12,1,0.4909,0.3971,0.3793,0.3368,0.2326,0.0328,-0.3179,-0.0326
SHP10788,2024-02-23,Chennai,Kolkata,Delhivery,593.08,11.51,4.52,3606.62,Delivered,6.08,2,0,0.4022,0.2823,0.4734,0.6621,-0.1977,-0.421,0.1389,1.4129
SHP10992,2024-04-26,Nagpur,Kolkata,UPS,199.59,2.37,1.24,1074.31,Delivered,5.38,4,0,0.1284,0.0521,0.1285,0.1219,-1.5251,-1.3306,-1.5362,-0.9877
SHP10304,2024-02-05,Mumbai,Kolkata,FedEx,420.06,4.33,1.35,2578.95,In Transit,6.14,2,0,0.2818,0.1015,0.3334,0.14,-0.7814,-1.1356,-0.5409,-0.9072
SHP10923,2024-06-01,Chennai,Bengaluru,FedEx,791.08,5.27,3.13,4490.98,In Transit,5.68,6,0,0.5399,0.1251,0.5938,0.4332,0.4703,-1.042,0.7239,0.3955
SHP10673,2024-08-10,Mumbai,Jaipur,Blue Dart,860.47,19.9,2.4,3587.99,Delivered,4.17,8,0,0.5882,0.4935,0.4709,0.313,0.7044,0.414,0.1266,-0.1387
SHP10773,2024-07-29,Hyderabad,Kolkata,DHL,505.47,25.91,2.68,3083.89,Delayed,6.1,7,1,0.3412,0.6448,0.4022,0.3591,-0.4932,1.0121,-0.2069,0.0662
SHP10107,2024-04-21,Jaipur,Ahmedabad,FedEx,277.47,11.33,0.5,1360.78,Delivered,4.9,4,0,0.1826,0.2777,0.1675,0.0,-1.2624,-0.4389,-1.3467,-1.5293
SHP10759,2024-05-28,Bengaluru,Jaipur,Blue Dart,324.45,35.77,0.78,2257.89,Delivered,6.96,5,0,0.2153,0.8931,0.2897,0.0461,-1.1039,1.9934,-0.7533,-1.3244
SHP10802,2024-10-12,Jaipur,Ahmedabad,UPS,1330.88,13.13,3.65,6253.58,Delivered,4.7,10,0,0.9155,0.323,0.8339,0.5188,2.2914,-0.2598,1.8898,0.7761
SHP10587,2024-08-20,Nagpur,Mumbai,DHL,987.48,5.48,3.7,4895.05,Delivered,4.96,8,0,0.6766,0.1304,0.6489,0.5271,1.1329,-1.0211,0.9912,0.8127
SHP10819,2024-09-02,Mumbai,Chennai,DHL,1452.3899999999999,21.82,6.571249999999999,7473.45125,Delivered,5.15,9,0,1.0,0.5418,1.0,1.0,2.7013,0.6051,2.6967,2.9142
SHP10099,2024-08-12,Hyderabad,Kolkata,DHL,716.94,20.77,3.97,4086.71,Delivered,5.7,8,0,0.4883,0.5154,0.5388,0.5715,0.2202,0.5006,0.4565,1.0103
SHP10233,2024-07-27,Kolkata,Ahmedabad,UPS,15.0,9.33,2.545,302.97,Delivered,20.2,7,0,0.0,0.2274,0.0235,0.3368,-2.1479,-0.638,-2.0464,-0.0326
SHP10502,2024-05-11,Kolkata,Jaipur,FedEx,986.93,40.01625,4.56,4784.28,Delivered,4.85,5,0,0.6762,1.0,0.6338,0.6687,1.131,2.4159,0.9179,1.4422
SHP10439,2024-09-03,Hyderabad,Kolkata,UPS,292.44,36.17,0.5,1585.85,Delayed,5.42,9,1,0.193,0.9032,0.1982,0.0,-1.2119,2.0332,-1.1978,-1.5293
SHP10419,2024-08-16,Hyderabad,Jaipur,Blue Dart,467.27,33.32,2.17,2851.53,Delivered,6.1,8,0,0.3146,0.8314,0.3706,0.2751,-0.6221,1.7495,-0.3606,-0.3071
SHP10543,2024-06-17,Nagpur,Jaipur,Blue Dart,609.85,8.79,2.12,3264.9,Delivered,5.35,6,0,0.4138,0.2138,0.4269,0.2668,-0.1411,-0.6917,-0.0871,-0.3437
SHP10395,2024-09-19,Nagpur,Mumbai,Delhivery,838.25,16.93,2.545,3156.97,Delivered,3.77,9,0,0.5727,0.4187,0.4122,0.3368,0.6294,0.1184,-0.1585,-0.0326
SHP10366,2024-02-06,Hyderabad,Chennai,DHL,638.33,21.17,2.09,3412.54,Delivered,5.35,2,0,0.4337,0.5255,0.447,0.2619,-0.045,0.5404,0.0105,-0.3656
SHP10181,2024-02-22,Chennai,Kolkata,DHL,15.0,5.54,1.17,139.79,Delivered,9.32,2,0,0.0,0.1319,0.0013,0.1104,-2.1479,-1.0151,-2.1544,-1.039
SHP10012,2024-04-19,Pune,Mumbai,FedEx,703.78,15.74,3.17,2941.26,Delivered,4.18,4,0,0.4792,0.3888,0.3828,0.4398,0.1758,-0.0,-0.3012,0.4248
SHP10623,2024-06-12,Hyderabad,Nagpur,Delhivery,31.84,31.53,0.5,526.33,In Transit,16.53,6,0,0.0117,0.7863,0.0539,0.0,-2.0911,1.5714,-1.8987,-1.5293
SHP10085,2024-03-17,Jaipur,Kolkata,Delhivery,311.67,13.575,0.92,3300.9300000000003,Delivered,10.59,3,0,0.2064,0.3342,0.4318,0.0692,-1.147,-0.2155,-0.0633,-1.2219
SHP10810,2024-12-28,Delhi,Kolkata,UPS,1020.9,30.24,2.22,4806.09,Delivered,4.71,12,0,0.6998,0.7538,0.6367,0.2833,1.2456,1.443,0.9323,-0.2705
SHP10861,2024-11-02,Mumbai,Hyderabad,DHL,638.8,10.31,2.545,2526.27,Delivered,3.95,11,0,0.434,0.252,0.3263,0.3368,-0.0434,-0.5404,-0.5757,-0.0326
SHP10969,2024-10-11,Mumbai,Chennai,Blue Dart,680.39,27.75,3.23,4376.24,Delivered,6.43,10,0,0.4629,0.6912,0.5782,0.4497,0.0969,1.1952,0.648,0.4687
SHP10608,2024-03-17,Bengaluru,Hyderabad,Blue Dart,909.21,20.63,2.545,4290.95,Delivered,4.72,3,0,0.6221,0.5119,0.5666,0.3368,0.8688,0.4866,0.5916,-0.0326
SHP10170,2024-06-22,Nagpur,Chennai,Delhivery,946.56,17.46,2.29,5319.89,Delivered,5.62,6,0,0.6481,0.4321,0.7067,0.2948,0.9948,0.1711,1.2722,-0.2192
SHP10635,2024-04-08,Pune,Hyderabad,UPS,553.39,13.575,2.64,2675.26,Delivered,4.83,4,0,0.3746,0.3342,0.3466,0.3525,-0.3316,-0.2155,-0.4772,0.0369
SHP10135,2024-03-30,Jaipur,Delhi,FedEx,612.86,13.575,3.33,3264.84,Returned,5.33,3,1,0.4159,0.3342,0.4269,0.4661,-0.1309,-0.2155,-0.0872,0.5419
SHP10576,2024-05-05,Bengaluru,Chennai,FedEx,387.47,5.48,2.92,1620.8,Delivered,4.18,5,0,0.2591,0.1304,0.203,0.3986,-0.8913,-1.0211,-1.1747,0.2419
SHP10301,2024-05-22,Delhi,Hyderabad,DHL,1259.42,13.0,5.01,7473.45125,Delivered,5.93,5,0,0.8657,0.3198,1.0,0.7428,2.0503,-0.2727,2.6967,1.7715
SHP10160,2024-05-03,Pune,Mumbai,UPS,958.63,1.05,3.68,5308.19,Delivered,5.54,5,0,0.6565,0.0189,0.7051,0.5238,1.0356,-1.462,1.2645,0.7981
SHP10600,2024-01-11,Ahmedabad,Nagpur,FedEx,1452.3899999999999,4.36,5.75,7473.45125,Delivered,5.15,1,0,1.0,0.1022,1.0,0.8647,2.7013,-1.1326,2.6967,2.3131
SHP10320,2024-03-29,Nagpur,Pune,FedEx,467.53,6.81,0.5,1910.02,Returned,4.09,3,1,0.3148,0.1639,0.2423,0.0,-0.6212,-0.8887,-0.9834,-1.5293
SHP10474,2024-07-22,Chennai,Kolkata,DHL,695.46,13.575,3.58,3041.78,Delayed,4.37,7,1,0.4734,0.3342,0.3965,0.5073,0.1477,-0.2155,-0.2347,0.7249
SHP10921,2024-09-29,Chennai,Ahmedabad,FedEx,1452.3899999999999,18.16,1.78,1908.74,Delivered,1.31,9,0,1.0,0.4497,0.2422,0.2108,2.7013,0.2408,-0.9842,-0.5925
SHP10525,2024-10-09,Delhi,Mumbai,Delhivery,631.91,40.01625,3.14,3739.13,In Transit,5.92,10,0,0.4292,1.0,0.4914,0.4348,-0.0667,2.4159,0.2265,0.4029
SHP10542,2024-01-12,Mumbai,Chennai,Blue Dart,480.56,16.63,1.72,1936.06,Delivered,4.03,1,0,0.3239,0.4112,0.2459,0.2009,-0.5773,0.0885,-0.9661,-0.6364
SHP10838,2024-02-12,Delhi,Mumbai,UPS,863.59,17.99,3.08,5253.26,Delayed,6.08,2,1,0.5904,0.4454,0.6976,0.425,0.7149,0.2239,1.2281,0.359
SHP10121,2024-04-19,Hyderabad,Delhi,Delhivery,607.7,36.24,3.18,3134.61,Delivered,5.16,4,0,0.4123,0.9049,0.4091,0.4414,-0.1483,2.0401,-0.1733,0.4321
SHP10743,2024-11-24,Ahmedabad,Mumbai,UPS,1159.01,5.31,3.41,6432.68,Delivered,5.55,11,0,0.7959,0.1261,0.8583,0.4793,1.7116,-1.038,2.0083,0.6005
SHP10187,2024-02-10,Kolkata,Delhi,FedEx,913.69,3.08,3.69,4495.06,Delivered,4.92,2,0,0.6252,0.07,0.5944,0.5254,0.8839,-1.26,0.7266,0.8054
SHP10016,2024-08-14,Jaipur,Nagpur,UPS,360.46,7.16,2.28,1721.32,Delivered,4.78,8,0,0.2403,0.1727,0.2166,0.2932,-0.9824,-0.8539,-1.1082,-0.2266
SHP10848,2024-07-31,Bengaluru,Kolkata,DHL,658.31,40.01625,4.09,3978.49,Delivered,6.04,7,0,0.4476,1.0,0.524,0.5913,0.0224,2.4159,0.3849,1.0982
SHP10487,2024-05-12,Jaipur,Bengaluru,Blue Dart,772.61,19.76,2.63,3462.89,In Transit,4.48,5,0,0.5271,0.49,0.4538,0.3508,0.408,0.4,0.0438,0.0296
SHP10464,2024-11-20,Mumbai,Kolkata,DHL,15.0,13.575,0.86,221.89,Delivered,14.79,11,0,0.0,0.3342,0.0124,0.0593,-2.1479,-0.2155,-2.1,-1.2659
SHP10349,2024-12-23,Ahmedabad,Mumbai,Blue Dart,663.95,14.01,2.33,3956.0,Delivered,5.96,12,0,0.4515,0.3452,0.521,0.3014,0.0414,-0.1722,0.37,-0.19
SHP10724,2024-12-05,Delhi,Jaipur,DHL,780.48,9.25,3.26,3620.17,Delivered,4.64,12,0,0.5325,0.2253,0.4752,0.4546,0.4346,-0.6459,0.1479,0.4907
SHP10480,2024-07-20,Mumbai,Nagpur,Delhivery,15.0,9.71,0.96,258.78,Delivered,17.25,7,0,0.0,0.2369,0.0175,0.0758,-2.1479,-0.6001,-2.0756,-1.1927
SHP10106,2024-04-25,Ahmedabad,Hyderabad,DHL,363.56,26.13,0.69,2113.52,Cancelled,5.81,4,0,0.2425,0.6504,0.2701,0.0313,-0.972,1.034,-0.8488,-1.3903
SHP10818,2024-05-22,Hyderabad,Jaipur,DHL,353.07,30.39,1.35,1709.43,Delivered,4.84,5,0,0.2352,0.7576,0.215,0.14,-1.0074,1.4579,-1.1161,-0.9072
SHP10023,2024-06-17,Delhi,Pune,Blue Dart,394.03,10.58,1.89,1724.04,Delayed,4.38,6,1,0.2637,0.2588,0.217,0.2289,-0.8692,-0.5136,-1.1064,-0.512
SHP10844,2024-10-05,Mumbai,Nagpur,Delhivery,621.15,28.72,1.9,3900.94,Delivered,6.28,10,0,0.4217,0.7156,0.5135,0.2306,-0.103,1.2917,0.3336,-0.5047
SHP10069,2024-04-03,Delhi,Nagpur,DHL,1364.78,18.16,6.28,6854.28,In Transit,5.02,4,0,0.939,0.4497,0.9157,0.952,2.4057,0.2408,2.2872,2.701
SHP10742,2024-08-15,Delhi,Pune,DHL,851.9,9.18,3.47,5019.77,Delivered,5.89,8,0,0.5822,0.2236,0.6658,0.4892,0.6755,-0.6529,1.0737,0.6444
SHP10453,2024-09-28,Chennai,Ahmedabad,Delhivery,739.38,6.99,2.28,3993.67,Delayed,5.4,9,1,0.504,0.1684,0.5261,0.2932,0.2959,-0.8708,0.3949,-0.2266
SHP10554,2024-01-25,Mumbai,Chennai,DHL,892.03,35.14,3.27,5792.71,Delivered,6.49,1,0,0.6102,0.8772,0.7711,0.4562,0.8109,1.9307,1.585,0.498
SHP10649,2024-07-04,Kolkata,Bengaluru,Blue Dart,975.12,5.69,3.72,3300.9300000000003,In Transit,3.39,7,0,0.668,0.1357,0.4318,0.5304,1.0912,-1.0002,-0.0633,0.8274
SHP10654,2024-08-13,Hyderabad,Delhi,FedEx,513.93,34.87,1.73,2500.2,Delivered,4.86,8,0,0.3471,0.8704,0.3227,0.2026,-0.4647,1.9038,-0.593,-0.6291
SHP10347,2024-08-07,Bengaluru,Mumbai,Blue Dart,615.4,27.62,2.84,3593.64,Returned,5.84,8,1,0.4177,0.6879,0.4716,0.3854,-0.1224,1.1823,0.1303,0.1833
SHP10372,2024-05-27,Delhi,Hyderabad,UPS,319.83,2.24,1.81,1307.12,Delivered,4.09,5,0,0.2121,0.0488,0.1602,0.2158,-1.1195,-1.3435,-1.3822,-0.5706
SHP10887,2024-12-10,Delhi,Bengaluru,Blue Dart,732.09,18.35,2.93,3877.1,In Transit,5.3,12,0,0.4989,0.4545,0.5102,0.4002,0.2713,0.2597,0.3178,0.2492
SHP10074,2024-08-08,Jaipur,Chennai,UPS,373.13,34.83,0.5,2455.92,Delivered,6.58,8,0,0.2492,0.8694,0.3167,0.0,-0.9397,1.8998,-0.6223,-1.5293
SHP10218,2024-09-20,Bengaluru,Jaipur,FedEx,717.29,13.575,3.55,3558.01,Delivered,4.96,9,0,0.4886,0.3342,0.4668,0.5024,0.2214,-0.2155,0.1067,0.7029
SHP10535,2024-09-12,Bengaluru,Hyderabad,DHL,192.24,17.69,1.07,1309.98,Delivered,6.81,9,0,0.1233,0.4379,0.1606,0.0939,-1.5499,0.194,-1.3803,-1.1122
SHP10265,2024-08-30,Nagpur,Kolkata,FedEx,929.11,6.85,3.03,5319.0,Delivered,5.72,8,0,0.636,0.1649,0.7066,0.4167,0.936,-0.8848,1.2716,0.3224
SHP10935,2024-10-30,Kolkata,Delhi,FedEx,834.1,13.1,3.18,5131.14,Delivered,6.15,10,0,0.5699,0.3223,0.681,0.4414,0.6154,-0.2628,1.1473,0.4321
SHP10110,2024-07-29,Nagpur,Jaipur,UPS,723.13,11.83,3.0,3300.9300000000003,Delayed,4.56,7,1,0.4926,0.2903,0.4318,0.4118,0.2411,-0.3892,-0.0633,0.3004
SHP10985,2024-06-01,Pune,Mumbai,Delhivery,987.93,4.38,4.85,5584.23,Delivered,5.65,6,0,0.6769,0.1027,0.7427,0.7165,1.1344,-1.1306,1.447,1.6544
SHP10995,2024-08-26,Bengaluru,Ahmedabad,DHL,574.35,2.29,3.04,3075.64,Delivered,5.35,8,0,0.3891,0.0501,0.4011,0.4184,-0.2608,-1.3386,-0.2123,0.3297
SHP10298,2024-07-11,Bengaluru,Hyderabad,Blue Dart,424.78,38.51,1.41,3256.48,In Transit,7.67,7,0,0.2851,0.9621,0.4257,0.1499,-0.7654,2.266,-0.0927,-0.8633
SHP10185,2024-07-31,Chennai,Jaipur,DHL,1016.52,21.16,4.93,6586.82,Cancelled,6.48,7,0,0.6968,0.5252,0.8793,0.7297,1.2309,0.5394,2.1102,1.713
SHP10286,2024-07-17,Bengaluru,Delhi,Blue Dart,739.68,21.6,2.84,4819.63,Delivered,6.52,7,0,0.5042,0.5363,0.6386,0.3854,0.2969,0.5832,0.9413,0.1833
SHP10804,2024-04-19,Mumbai,Ahmedabad,UPS,880.55,12.43,2.545,4961.08,Delivered,5.63,4,0,0.6022,0.3054,0.6579,0.3368,0.7721,-0.3294,1.0348,-0.0326
SHP10370,2024-01-10,Pune,Kolkata,DHL,532.08,33.03,2.39,2884.12,Delivered,5.42,1,0,0.3597,0.8241,0.375,0.3113,-0.4034,1.7207,-0.339,-0.1461
SHP10457,2024-12-02,Ahmedabad,Nagpur,DHL,571.29,11.66,2.38,2587.84,In Transit,4.53,12,0,0.387,0.286,0.3347,0.3097,-0.2712,-0.4061,-0.535,-0.1534
SHP10428,2024-03-25,Kolkata,Ahmedabad,Delhivery,812.75,40.01625,3.67,4731.61,Delayed,5.82,3,1,0.555,1.0,0.6266,0.5221,0.5434,2.4159,0.8831,0.7908
SHP10061,2024-06-11,Ahmedabad,Chennai,FedEx,722.5,2.12,4.16,3578.74,Cancelled,4.95,6,0,0.4922,0.0458,0.4696,0.6028,0.239,-1.3555,0.1205,1.1494
SHP10815,2024-10-01,Chennai,Delhi,DHL,914.66,15.68,3.77,5224.59,In Transit,5.71,10,0,0.6259,0.3872,0.6937,0.5386,0.8872,-0.006,1.2092,0.864
SHP10335,2024-02-22,Mumbai,Bengaluru,DHL,1452.3899999999999,19.4,2.545,3300.9300000000003,Delivered,2.27,2,0,1.0,0.4809,0.4318,0.3368,2.7013,0.3642,-0.0633,-0.0326
SHP10472,2024-08-10,Mumbai,Pune,Delhivery,693.65,12.49,2.15,3314.7,Delivered,4.78,8,0,0.4721,0.3069,0.4336,0.2718,0.1416,-0.3235,-0.0542,-0.3217
SHP10713,2024-09-14,Jaipur,Pune,UPS,262.12,14.69,3.07,1437.45,In Transit,5.48,9,0,0.1719,0.3623,0.178,0.4233,-1.3142,-0.1045,-1.296,0.3516
SHP10651,2024-12-26,Hyderabad,Nagpur,UPS,639.21,21.11,2.51,3693.36,Delayed,5.78,12,1,0.4343,0.524,0.4852,0.3311,-0.042,0.5344,0.1963,-0.0582
SHP10817,2024-11-08,Pune,Hyderabad,UPS,862.56,3.55,2.58,3649.75,Delivered,4.23,11,0,0.5897,0.0818,0.4793,0.3426,0.7115,-1.2132,0.1674,-0.007
SHP10778,2024-07-13,Ahmedabad,Mumbai,DHL,809.67,12.14,1.72,4408.82,Returned,5.45,7,1,0.5529,0.2981,0.5826,0.2009,0.533,-0.3583,0.6695,-0.6364
SHP10865,2024-10-24,Nagpur,Ahmedabad,DHL,678.88,40.01625,2.41,3506.87,Delivered,5.17,10,0,0.4619,1.0,0.4598,0.3146,0.0918,2.4159,0.0729,-0.1314
SHP10307,2024-09-16,Bengaluru,Chennai,FedEx,653.97,22.47,2.89,3789.29,Delivered,5.79,9,0,0.4445,0.5582,0.4983,0.3937,0.0078,0.6697,0.2597,0.2199
SHP10858,2024-03-11,Bengaluru,Chennai,Blue Dart,263.78,13.64,1.25,1707.41,Delivered,6.47,3,0,0.1731,0.3359,0.2148,0.1235,-1.3086,-0.209,-1.1174,-0.9804
SHP10134,2024-12-16,Jaipur,Chennai,Blue Dart,204.48,29.79,0.8,1347.84,Delivered,6.59,12,0,0.1318,0.7425,0.1658,0.0494,-1.5086,1.3982,-1.3552,-1.3098
SHP10033,2024-12-05,Pune,Hyderabad,Delhivery,869.23,2.8,2.96,4393.21,Delayed,5.05,12,1,0.5943,0.0629,0.5805,0.4052,0.734,-1.2878,0.6592,0.2711
SHP10776,2024-01-18,Nagpur,Kolkata,FedEx,389.08,8.48,0.86,3300.9300000000003,Delayed,8.48,1,1,0.2602,0.206,0.4318,0.0593,-0.8859,-0.7225,-0.0633,-1.2659
SHP10355,2024-01-23,Pune,Bengaluru,Delhivery,1046.64,13.575,5.83,7473.45125,Delayed,7.14,1,1,0.7177,0.3342,1.0,0.8779,1.3325,-0.2155,2.6967,2.3717
SHP10057,2024-04-04,Kolkata,Chennai,Delhivery,495.87,6.1,2.03,2047.58,Delivered,4.13,4,0,0.3345,0.146,0.2611,0.252,-0.5256,-0.9594,-0.8924,-0.4095
SHP10414,2024-11-12,Delhi,Hyderabad,DHL,644.07,6.54,3.33,2500.49,Delivered,3.88,11,0,0.4376,0.1571,0.3228,0.4661,-0.0256,-0.9156,-0.5928,0.5419
SHP10631,2024-07-19,Bengaluru,Pune,DHL,656.15,22.8,2.545,4194.97,Delivered,6.39,7,0,0.4461,0.5665,0.5535,0.3368,0.0151,0.7026,0.5281,-0.0326
SHP10764,2024-01-14,Hyderabad,Kolkata,FedEx,473.89,3.5,1.67,2591.63,Delivered,5.47,1,0,0.3193,0.0806,0.3352,0.1927,-0.5998,-1.2182,-0.5325,-0.673
SHP10900,2024-10-16,Kolkata,Hyderabad,UPS,825.0,31.21,3.19,5400.41,Delivered,6.55,10,0,0.5635,0.7783,0.7177,0.4431,0.5847,1.5395,1.3255,0.4395
SHP10579,2024-11-06,Jaipur,Hyderabad,Delhivery,1421.1,3.03,5.22,7473.45125,Delivered,5.26,11,0,0.9782,0.0687,1.0,0.7774,2.5957,-1.2649,2.6967,1.9252
SHP10318,2024-08-10,Nagpur,Mumbai,Delhivery,312.52,31.14,3.22,1869.07,Delivered,5.98,8,0,0.207,0.7765,0.2368,0.448,-1.1442,1.5326,-1.0105,0.4614
SHP10291,2024-08-30,Hyderabad,Chennai,DHL,446.75,13.575,0.5,1923.98,Delivered,4.31,8,0,0.3004,0.3342,0.2442,0.0,-0.6913,-0.2155,-0.9741,-1.5293
SHP10046,2024-12-20,Pune,Bengaluru,DHL,1235.3,13.575,6.02,6571.55,In Transit,5.32,12,0,0.849,0.3342,0.8772,0.9092,1.9689,-0.2155,2.1001,2.5107
SHP10277,2024-08-09,Mumbai,Pune,Blue Dart,642.31,9.59,5.03,3143.59,Delivered,4.89,8,0,0.4364,0.2339,0.4103,0.7461,-0.0316,-0.6121,-0.1674,1.7861
SHP10854,2024-11-11,Delhi,Bengaluru,FedEx,943.09,12.44,5.24,5005.76,Cancelled,5.31,11,0,0.6457,0.3057,0.6639,0.7807,0.9831,-0.3284,1.0644,1.9398
SHP10941,2024-01-14,Bengaluru,Nagpur,Delhivery,630.2,7.83,2.37,2486.63,Delivered,3.95,1,0,0.428,0.1896,0.3209,0.308,-0.0724,-0.7872,-0.602,-0.1607
SHP10224,2024-06-08,Kolkata,Jaipur,FedEx,1037.51,40.01625,4.16,5811.81,Delayed,5.6,6,1,0.7114,1.0,0.7737,0.6028,1.3017,2.4159,1.5976,1.1494
SHP10912,2024-03-30,Jaipur,Ahmedabad,Delhivery,590.12,9.58,1.79,3172.79,Delivered,5.38,3,0,0.4001,0.2337,0.4143,0.2125,-0.2076,-0.6131,-0.1481,-0.5852
SHP10280,2024-10-03,Jaipur,Pune,DHL,916.74,8.48,5.42,4386.41,Delayed,4.78,10,1,0.6273,0.206,0.5796,0.8104,0.8942,-0.7225,0.6547,2.0716
SHP10000,2024-02-11,Mumbai,Hyderabad,UPS,338.0,22.68,0.5,3300.9300000000003,Delivered,9.77,2,0,0.2247,0.5635,0.4318,0.0,-1.0582,0.6906,-0.0633,-1.5293
SHP10851,2024-02-17,Ahmedabad,Mumbai,UPS,952.64,12.45,3.04,5363.94,Delivered,5.63,2,0,0.6523,0.3059,0.7127,0.4184,1.0154,-0.3275,1.3013,0.3297
SHP10768,2024-07-11,Chennai,Mumbai,UPS,114.01,28.51,0.5,3300.9300000000003,Delivered,28.95,7,0,0.0689,0.7103,0.4318,0.0,-1.8139,1.2708,-0.0633,-1.5293
SHP10683,2024-08-09,Pune,Bengaluru,DHL,239.45,35.07,1.48,1727.43,Delivered,7.21,8,0,0.1562,0.8755,0.2175,0.1614,-1.3907,1.9237,-1.1042,-0.8121
SHP10066,2024-05-08,Delhi,Jaipur,DHL,268.77,2.26,2.92,1065.9,Delivered,3.97,5,0,0.1765,0.0494,0.1274,0.3986,-1.2918,-1.3416,-1.5417,0.2419
SHP10951,2024-09-30,Bengaluru,Jaipur,Delhivery,107.95,11.11,0.5,855.21,Delayed,7.92,9,1,0.0647,0.2722,0.0987,0.0,-1.8343,-0.4608,-1.6811,-1.5293
SHP10733,2024-07-16,Hyderabad,Chennai,FedEx,563.1,28.21,0.5,3385.96,Returned,6.01,7,1,0.3813,0.7027,0.4433,0.0,-0.2988,1.241,-0.0071,-1.5293
SHP10415,2024-11-22,Nagpur,Mumbai,Delhivery,120.62,19.86,0.5,919.78,Delivered,7.63,11,0,0.0735,0.4925,0.1075,0.0,-1.7916,0.41,-1.6384,-1.5293
SHP10983,2024-03-29,Kolkata,Jaipur,Blue Dart,403.46,1.39,2.545,1570.84,Delivered,3.89,3,0,0.2703,0.0274,0.1962,0.3368,-0.8374,-1.4281,-1.2077,-0.0326
SHP10677,2024-08-06,Mumbai,Chennai,DHL,814.43,3.0,2.99,3576.95,Delivered,4.39,8,0,0.5562,0.068,0.4694,0.4101,0.5491,-1.2679,0.1193,0.2931
SHP10294,2024-07-12,Jaipur,Chennai,Delhivery,892.56,8.34,3.03,4675.67,Cancelled,5.24,7,0,0.6105,0.2024,0.619,0.4167,0.8127,-0.7365,0.8461,0.3224
SHP10685,2024-04-05,Chennai,Hyderabad,FedEx,915.14,9.72,3.31,4599.15,Delivered,5.03,4,0,0.6262,0.2372,0.6086,0.4628,0.8888,-0.5991,0.7954,0.5273
SHP10755,2024-12-20,Mumbai,Delhi,Blue Dart,751.54,13.575,2.95,3302.33,Delivered,4.39,12,0,0.5124,0.3342,0.432,0.4035,0.3369,-0.2155,-0.0624,0.2638
SHP10245,2024-05-19,Ahmedabad,Hyderabad,UPS,91.64,10.64,2.545,530.95,Cancelled,5.79,5,0,0.0533,0.2603,0.0545,0.3368,-1.8893,-0.5076,-1.8956,-0.0326
SHP10257,2024-06-28,Hyderabad,Jaipur,DHL,163.42,20.74,1.06,1194.13,In Transit,7.31,6,0,0.1033,0.5147,0.1449,0.0922,-1.6472,0.4976,-1.4569,-1.1195
SHP10161,2024-01-03,Delhi,Chennai,DHL,932.83,5.53,2.32,4875.22,Returned,5.23,1,1,0.6385,0.1317,0.6462,0.2998,0.9485,-1.0161,0.9781,-0.1973
SHP10734,2024-06-22,Bengaluru,Pune,Blue Dart,499.6,5.62,1.9,1853.5,Delivered,3.71,6,0,0.3371,0.134,0.2346,0.2306,-0.513,-1.0072,-1.0208,-0.5047
SHP10614,2024-08-30,Mumbai,Bengaluru,DHL,493.78,6.21,2.07,2552.48,Delivered,5.17,8,0,0.3331,0.1488,0.3298,0.2586,-0.5327,-0.9485,-0.5584,-0.3803
SHP10528,2024-11-05,Nagpur,Hyderabad,UPS,872.07,8.43,2.77,3338.6,Delivered,3.83,11,0,0.5963,0.2047,0.4369,0.3739,0.7435,-0.7275,-0.0384,0.1321
SHP10449,2024-06-09,Kolkata,Chennai,Blue Dart,153.39,19.57,2.52,759.97,Returned,4.95,6,1,0.0963,0.4852,0.0857,0.3327,-1.681,0.3811,-1.7441,-0.0509
SHP10868,2024-03-05,Delhi,Bengaluru,FedEx,1141.86,13.575,3.58,7245.64,Delayed,6.35,3,1,0.784,0.3342,0.969,0.5073,1.6537,-0.2155,2.546,0.7249
SHP10963,2024-01-20,Chennai,Ahmedabad,UPS,626.31,8.77,2.74,3283.21,In Transit,5.24,1,0,0.4253,0.2133,0.4294,0.369,-0.0856,-0.6937,-0.075,0.1101
SHP10446,2024-12-21,Mumbai,Nagpur,UPS,510.32,7.43,3.31,2669.38,Delayed,5.23,12,1,0.3446,0.1795,0.3458,0.4628,-0.4769,-0.827,-0.4811,0.5273
SHP10247,2024-03-13,Delhi,Chennai,Blue Dart,948.66,12.04,2.82,4090.84,Delivered,4.31,3,0,0.6496,0.2956,0.5393,0.3821,1.0019,-0.3683,0.4592,0.1687
SHP10550,2024-12-08,Kolkata,Nagpur,UPS,444.62,14.38,0.5,2095.38,Delivered,4.71,12,0,0.2989,0.3545,0.2676,0.0,-0.6985,-0.1354,-0.8608,-1.5293
SHP10239,2024-10-05,Jaipur,Ahmedabad,UPS,544.32,18.93,3.3,2831.61,Cancelled,5.2,10,0,0.3683,0.4691,0.3679,0.4612,-0.3622,0.3174,-0.3738,0.52
SHP10220,2024-07-02,Pune,Chennai,Delhivery,560.1,4.3,2.72,2099.92,In Transit,3.75,7,0,0.3792,0.1007,0.2682,0.3657,-0.3089,-1.1385,-0.8578,0.0955
SHP10842,2024-09-23,Chennai,Pune,UPS,1254.62,19.57,3.16,7365.57,In Transit,5.87,9,0,0.8624,0.4852,0.9853,0.4381,2.0341,0.3811,2.6254,0.4175
SHP10092,2024-08-13,Delhi,Hyderabad,DHL,605.77,37.38,2.2,2794.4,Delayed,4.61,8,1,0.411,0.9336,0.3628,0.28,-0.1548,2.1536,-0.3984,-0.2851
SHP10114,2024-05-04,Bengaluru,Kolkata,FedEx,353.41,18.55,1.18,1634.63,Delayed,4.63,5,1,0.2354,0.4595,0.2048,0.112,-1.0062,0.2796,-1.1655,-1.0316
SHP10781,2024-02-28,Bengaluru,Chennai,DHL,959.42,35.16,2.68,5631.1,Delivered,5.87,2,0,0.657,0.8777,0.7491,0.3591,1.0382,1.9326,1.4781,0.0662
SHP10994,2024-06-07,Chennai,Mumbai,UPS,903.46,9.21,2.21,3565.27,Cancelled,3.95,6,0,0.6181,0.2243,0.4678,0.2817,0.8494,-0.6499,0.1115,-0.2778
SHP10076,2024-07-22,Pune,Ahmedabad,DHL,679.71,25.44,2.35,4184.17,Cancelled,6.16,7,0,0.4624,0.633,0.552,0.3047,0.0946,0.9653,0.5209,-0.1753
SHP10996,2024-03-04,Mumbai,Jaipur,Delhivery,555.34,8.32,1.88,2800.01,Delivered,5.04,3,0,0.3759,0.2019,0.3635,0.2273,-0.325,-0.7385,-0.3947,-0.5193
SHP10674,2024-09-25,Kolkata,Delhi,Delhivery,151.7,23.71,2.545,985.06,Delivered,6.49,9,0,0.0951,0.5894,0.1164,0.3368,-1.6867,0.7931,-1.5952,-0.0326
SHP10386,2024-03-26,Ahmedabad,Jaipur,Delhivery,15.0,6.46,0.5,200.9,In Transit,13.39,3,0,0.0,0.1551,0.0096,0.0,-2.1479,-0.9236,-2.1139,-1.5293
SHP10132,2024-09-23,Ahmedabad,Delhi,DHL,360.39,13.89,2.06,1952.0,Returned,5.42,9,1,0.2403,0.3422,0.2481,0.2569,-0.9827,-0.1841,-0.9556,-0.3876
SHP10530,2024-06-24,Nagpur,Jaipur,UPS,174.06,8.49,0.5,745.8,Cancelled,4.28,6,0,0.1107,0.2062,0.0838,0.0,-1.6113,-0.7215,-1.7535,-1.5293
SHP10553,2024-09-04,Mumbai,Bengaluru,Blue Dart,93.19,31.3,0.93,909.0,In Transit,9.75,9,0,0.0544,0.7805,0.106,0.0708,-1.8841,1.5485,-1.6455,-1.2146
SHP10058,2024-10-20,Pune,Jaipur,DHL,814.53,15.37,3.52,4582.28,Returned,5.63,10,1,0.5562,0.3794,0.6063,0.4974,0.5494,-0.0369,0.7843,0.681
SHP10289,2024-08-08,Bengaluru,Delhi,UPS,1079.28,33.05,5.89,4207.98,In Transit,3.9,8,0,0.7404,0.8246,0.5553,0.8878,1.4426,1.7227,0.5367,2.4156
SHP10246,2024-11-24,Jaipur,Nagpur,Delhivery,193.34,27.01,0.53,1379.69,Delivered,7.14,11,0,0.1241,0.6725,0.1701,0.0049,-1.5462,1.1216,-1.3342,-1.5074
SHP10374,2024-04-12,Pune,Ahmedabad,Blue Dart,778.24,40.01625,3.03,5305.66,Delayed,6.82,4,1,0.531,1.0,0.7048,0.4167,0.427,2.4159,1.2628,0.3224
SHP10885,2024-06-24,Pune,Chennai,DHL,15.0,33.8,0.5,589.93,In Transit,39.33,6,0,0.0,0.8435,0.0626,0.0,-2.1479,1.7973,-1.8566,-1.5293
SHP10040,2024-10-22,Pune,Jaipur,Blue Dart,451.29,14.81,2.34,2031.12,Delayed,4.5,10,1,0.3035,0.3653,0.2588,0.3031,-0.676,-0.0926,-0.9033,-0.1826
SHP10089,2024-10-09,Mumbai,Kolkata,Delhivery,867.28,13.99,3.46,3975.12,Delayed,4.58,10,1,0.5929,0.3447,0.5236,0.4875,0.7274,-0.1742,0.3827,0.6371
SHP10192,2024-07-26,Ahmedabad,Chennai,Delhivery,308.92,1.16,0.5,1415.61,Delayed,4.58,7,1,0.2045,0.0217,0.175,0.0,-1.1563,-1.451,-1.3104,-1.5293
SHP10435,2024-07-04,Nagpur,Pune,DHL,177.84,6.24,1.16,1105.62,In Transit,6.22,7,0,0.1133,0.1496,0.1328,0.1087,-1.5985,-0.9455,-1.5155,-1.0463
SHP10068,2024-04-19,Bengaluru,Nagpur,Delhivery,165.3,18.96,1.45,1123.31,Delivered,6.8,4,0,0.1046,0.4698,0.1352,0.1565,-1.6408,0.3204,-1.5038,-0.834
SHP10672,2024-05-10,Jaipur,Delhi,UPS,453.72,17.15,0.5,2417.73,Delayed,5.33,5,1,0.3052,0.4243,0.3115,0.0,-0.6678,0.1403,-0.6475,-1.5293
SHP10437,2024-03-28,Nagpur,Delhi,UPS,661.36,13.79,2.59,2994.15,Delivered,4.53,3,0,0.4497,0.3397,0.39,0.3442,0.0327,-0.1941,-0.2662,0.0003
SHP10383,2024-10-25,Nagpur,Jaipur,FedEx,378.07,18.67,1.89,1917.29,Delivered,5.07,10,0,0.2526,0.4625,0.2433,0.2289,-0.923,0.2916,-0.9786,-0.512
SHP10139,2024-12-02,Delhi,Jaipur,DHL,1048.59,30.78,5.02,6621.09,Delivered,6.31,12,0,0.7191,0.7674,0.8839,0.7445,1.339,1.4967,2.1329,1.7788
SHP10953,2024-11-20,Ahmedabad,Jaipur,DHL,874.69,4.54,3.49,3575.79,Delayed,4.09,11,1,0.5981,0.1068,0.4692,0.4925,0.7524,-1.1147,0.1185,0.659
SHP10483,2024-08-21,Kolkata,Delhi,Blue Dart,1131.91,30.06,5.59,4884.35,Delivered,4.32,8,0,0.777,0.7493,0.6474,0.8384,1.6201,1.4251,0.9841,2.196
SHP10118,2024-05-15,Jaipur,Hyderabad,Delhivery,224.69,4.45,0.5,1185.83,Delayed,5.28,5,1,0.1459,0.1045,0.1437,0.0,-1.4405,-1.1236,-1.4624,-1.5293
SHP10430,2024-12-30,Ahmedabad,Delhi,Delhivery,395.44,5.17,1.55,2013.98,Delivered,5.09,12,0,0.2647,0.1226,0.2565,0.1729,-0.8644,-1.052,-0.9146,-0.7608
SHP10937,2024-01-31,Pune,Nagpur,Delhivery,226.59,40.01625,0.85,1980.22,In Transit,8.74,1,0,0.1472,1.0,0.2519,0.0576,-1.4341,2.4159,-0.9369,-1.2732
SHP10803,2024-12-03,Jaipur,Pune,DHL,1170.81,8.52,3.95,6021.14,In Transit,5.14,12,0,0.8041,0.207,0.8022,0.5683,1.7514,-0.7186,1.7361,0.9957
SHP10350,2024-09-24,Mumbai,Kolkata,Blue Dart,861.26,40.01625,2.6,3300.9300000000003,Delayed,3.83,9,1,0.5887,1.0,0.4318,0.3459,0.7071,2.4159,-0.0633,0.0076
SHP10740,2024-06-20,Chennai,Delhi,FedEx,747.18,14.88,2.13,3496.66,In Transit,4.68,6,0,0.5094,0.3671,0.4584,0.2685,0.3222,-0.0856,0.0662,-0.3363
SHP10700,2024-01-13,Delhi,Hyderabad,UPS,839.13,8.1,1.73,4867.14,In Transit,5.8,1,0,0.5734,0.1964,0.6451,0.2026,0.6324,-0.7604,0.9727,-0.6291
SHP10422,2024-01-10,Kolkata,Jaipur,Delhivery,582.33,16.73,2.24,3025.75,Delayed,5.2,1,1,0.3947,0.4137,0.3943,0.2866,-0.2339,0.0985,-0.2453,-0.2558
SHP10385,2024-09-16,Nagpur,Jaipur,Delhivery,836.02,2.49,3.29,3273.48,Delivered,3.92,9,0,0.5712,0.0551,0.428,0.4595,0.6219,-1.3187,-0.0815,0.5127
SHP10946,2024-08-10,Pune,Delhi,Blue Dart,518.97,10.29,1.57,2212.65,Delivered,4.26,8,0,0.3506,0.2515,0.2836,0.1762,-0.4477,-0.5424,-0.7832,-0.7462
SHP10612,2024-06-21,Delhi,Bengaluru,UPS,246.68,13.575,1.86,1202.63,Delivered,4.88,6,0,0.1612,0.3342,0.146,0.224,-1.3663,-0.2155,-1.4513,-0.534
SHP10014,2024-01-04,Chennai,Jaipur,Delhivery,353.14,1.21,1.0,1635.98,Delayed,4.63,1,1,0.2352,0.0229,0.205,0.0824,-1.0071,-1.4461,-1.1646,-1.1634
SHP10375,2024-01-04,Chennai,Nagpur,DHL,600.3,5.1,1.51,3216.73,Delivered,5.36,1,0,0.4072,0.1209,0.4203,0.1664,-0.1733,-1.0589,-0.119,-0.7901
SHP10082,2024-10-05,Hyderabad,Pune,Blue Dart,1036.2,28.23,3.83,5247.26,Delayed,5.06,10,1,0.7105,0.7032,0.6968,0.5485,1.2972,1.243,1.2241,0.9079
SHP10504,2024-11-16,Delhi,Jaipur,Blue Dart,516.09,7.9,3.19,2646.93,Delivered,5.13,11,0,0.3486,0.1914,0.3427,0.4431,-0.4574,-0.7803,-0.4959,0.4395
SHP10708,2024-02-20,Bengaluru,Hyderabad,FedEx,491.66,17.12,2.545,2962.79,Delivered,6.03,2,0,0.3316,0.4235,0.3857,0.3368,-0.5398,0.1373,-0.287,-0.0326
SHP10786,2024-04-14,Nagpur,Ahmedabad,UPS,364.08,8.21,1.42,1567.6,Delivered,4.31,4,0,0.2429,0.1992,0.1957,0.1515,-0.9702,-0.7494,-1.2099,-0.856
SHP10523,2024-05-23,Jaipur,Delhi,Delhivery,1134.88,15.24,2.65,3300.9300000000003,Delayed,2.91,5,1,0.7791,0.3762,0.4318,0.3541,1.6302,-0.0498,-0.0633,0.0442
SHP10088,2024-02-16,Delhi,Mumbai,DHL,632.48,14.22,1.19,3281.18,Delivered,5.19,2,0,0.4296,0.3505,0.4291,0.1137,-0.0647,-0.1513,-0.0764,-1.0243
SHP10363,2024-09-26,Nagpur,Hyderabad,UPS,248.74,21.17,0.93,1554.59,Delivered,6.25,9,0,0.1626,0.5255,0.1939,0.0708,-1.3593,0.5404,-1.2185,-1.2146
SHP10273,2024-01-10,Chennai,Ahmedabad,DHL,1069.74,25.82,4.67,6499.23,Delivered,6.08,1,0,0.7338,0.6426,0.8673,0.6868,1.4104,1.0031,2.0523,1.5227
SHP10589,2024-06-02,Hyderabad,Kolkata,Delhivery,821.72,24.7,3.56,4642.2,Delivered,5.65,6,0,0.5612,0.6144,0.6144,0.504,0.5737,0.8917,0.8239,0.7103
SHP10172,2024-09-02,Hyderabad,Ahmedabad,Blue Dart,275.28,18.03,0.5,1421.84,In Transit,5.17,9,0,0.1811,0.4464,0.1759,0.0,-1.2698,0.2279,-1.3063,-1.5293
SHP10563,2024-03-04,Pune,Delhi,FedEx,598.12,15.1,1.81,3693.6,Delivered,6.18,3,0,0.4057,0.3726,0.4852,0.2158,-0.1807,-0.0637,0.1964,-0.5706
SHP10103,2024-10-06,Bengaluru,Mumbai,Delhivery,279.56,34.47,0.5,1856.73,Delivered,6.64,10,0,0.1841,0.8604,0.2351,0.0,-1.2554,1.864,-1.0186,-1.5293
SHP10766,2024-06-14,Chennai,Ahmedabad,Delhivery,543.84,8.87,2.44,2159.61,Delivered,3.97,6,0,0.3679,0.2158,0.2763,0.3195,-0.3638,-0.6837,-0.8183,-0.1095
SHP10455,2024-05-13,Chennai,Delhi,Delhivery,1177.86,6.01,5.03,6100.6,Returned,5.18,5,1,0.809,0.1438,0.813,0.7461,1.7752,-0.9684,1.7886,1.7861
SHP10371,2024-03-10,Ahmedabad,Chennai,Delhivery,1224.63,5.99,5.3,4966.86,Delivered,4.06,3,0,0.8415,0.1433,0.6586,0.7906,1.9329,-0.9703,1.0387,1.9838
SHP10045,2024-06-17,Ahmedabad,Kolkata,DHL,758.58,13.575,4.1,4661.42,Delivered,6.14,6,0,0.5173,0.3342,0.617,0.593,0.3607,-0.2155,0.8366,1.1055
SHP10433,2024-04-19,Mumbai,Nagpur,DHL,325.19,17.84,0.91,1477.52,Delivered,4.54,4,0,0.2158,0.4416,0.1834,0.0675,-1.1014,0.209,-1.2695,-1.2293
SHP10942,2024-04-17,Kolkata,Ahmedabad,DHL,577.79,22.44,1.74,3691.18,Delayed,6.39,4,1,0.3915,0.5575,0.4849,0.2042,-0.2492,0.6668,0.1948,-0.6218
SHP10432,2024-05-28,Jaipur,Kolkata,Blue Dart,985.73,9.07,3.47,4643.88,Delivered,4.71,5,0,0.6753,0.2208,0.6147,0.4892,1.127,-0.6638,0.825,0.6444
SHP10613,2024-05-21,Pune,Delhi,DHL,290.88,40.01625,1.78,1717.83,In Transit,5.91,5,0,0.1919,1.0,0.2162,0.2108,-1.2172,2.4159,-1.1105,-0.5925
SHP10736,2024-08-16,Kolkata,Chennai,UPS,834.78,40.01625,4.01,5699.29,In Transit,6.83,8,0,0.5703,1.0,0.7584,0.5781,0.6177,2.4159,1.5232,1.0396
SHP10011,2024-04-02,Hyderabad,Nagpur,FedEx,721.32,8.09,2.36,3460.84,Delivered,4.8,4,0,0.4914,0.1961,0.4535,0.3064,0.235,-0.7614,0.0425,-0.168
SHP10214,2024-01-19,Chennai,Nagpur,FedEx,796.82,10.83,3.4,3798.98,Delivered,4.77,1,0,0.5439,0.2651,0.4996,0.4777,0.4897,-0.4887,0.2661,0.5932
SHP10344,2024-04-17,Ahmedabad,Bengaluru,UPS,335.87,20.32,1.08,2349.94,Cancelled,7.0,4,0,0.2232,0.5041,0.3023,0.0955,-1.0654,0.4558,-0.6924,-1.1048
SHP10711,2024-12-30,Pune,Delhi,FedEx,687.2,13.575,1.25,3162.46,Delivered,4.6,12,0,0.4677,0.3342,0.4129,0.1235,0.1199,-0.2155,-0.1549,-0.9804
SHP10731,2024-09-30,Chennai,Bengaluru,FedEx,387.41,21.25,1.37,2097.78,Returned,5.41,9,1,0.2591,0.5275,0.2679,0.1433,-0.8915,0.5483,-0.8592,-0.8926
SHP10147,2024-06-15,Kolkata,Jaipur,Blue Dart,1104.93,10.41,4.93,5883.96,Delivered,5.33,6,0,0.7583,0.2546,0.7835,0.7297,1.5291,-0.5305,1.6453,1.713
SHP10299,2024-03-04,Ahmedabad,Pune,DHL,1000.78,4.53,3.68,3300.9300000000003,Delivered,3.3,3,0,0.6858,0.1065,0.4318,0.5238,1.1778,-1.1156,-0.0633,0.7981
SHP10283,2024-05-31,Nagpur,Jaipur,FedEx,495.11,28.23,2.54,2799.95,Delivered,5.66,5,0,0.334,0.7032,0.3635,0.336,-0.5282,1.243,-0.3947,-0.0363
SHP10757,2024-08-20,Hyderabad,Bengaluru,DHL,1017.32,21.03,2.545,5849.43,In Transit,5.75,8,0,0.6973,0.522,0.7788,0.3368,1.2336,0.5264,1.6225,-0.0326
SHP10412,2024-08-21,Pune,Chennai,FedEx,774.58,6.5,0.88,2853.1,Delivered,3.68,8,0,0.5284,0.1561,0.3708,0.0626,0.4146,-0.9196,-0.3595,-1.2512
SHP10639,2024-01-23,Bengaluru,Hyderabad,UPS,578.6,5.0,0.7,3520.02,Delivered,6.08,1,0,0.3921,0.1183,0.4616,0.0329,-0.2465,-1.0689,0.0816,-1.383
SHP10807,2024-08-03,Jaipur,Bengaluru,Delhivery,788.26,13.575,2.545,4878.81,Delivered,6.19,8,0,0.538,0.3342,0.6466,0.3368,0.4608,-0.2155,0.9804,-0.0326
SHP10981,2024-08-13,Hyderabad,Pune,FedEx,1072.14,20.45,4.55,4923.43,In Transit,4.59,8,0,0.7355,0.5073,0.6527,0.6671,1.4185,0.4687,1.0099,1.4348
SHP10701,2024-05-10,Pune,Chennai,Delhivery,1071.19,3.38,4.25,5317.61,Delivered,4.96,5,0,0.7348,0.0776,0.7064,0.6177,1.4153,-1.2301,1.2707,1.2153
SHP10747,2024-05-27,Ahmedabad,Jaipur,FedEx,330.64,1.84,1.25,1223.38,Cancelled,3.7,5,0,0.2196,0.0388,0.1488,0.1235,-1.083,-1.3834,-1.4376,-0.9804
SHP10173,2024-12-20,Bengaluru,Hyderabad,FedEx,721.05,40.01625,2.545,5105.23,Delivered,7.08,12,0,0.4912,1.0,0.6775,0.3368,0.2341,2.4159,1.1302,-0.0326
SHP10567,2024-11-27,Jaipur,Nagpur,DHL,767.94,18.69,2.36,4637.91,Returned,6.04,11,1,0.5238,0.463,0.6138,0.3064,0.3922,0.2936,0.8211,-0.168
SHP10571,2024-05-12,Ahmedabad,Pune,Delhivery,931.4,13.24,4.88,3620.41,Delivered,3.89,5,0,0.6375,0.3258,0.4753,0.7214,0.9437,-0.2488,0.148,1.6764
SHP10226,2024-03-11,Mumbai,Nagpur,Blue Dart,263.93,37.27,1.02,1912.41,Delivered,7.25,3,0,0.1732,0.9309,0.2427,0.0856,-1.3081,2.1426,-0.9818,-1.1487
SHP10305,2024-10-26,Mumbai,Jaipur,Blue Dart,511.24,1.57,2.78,1966.21,Delayed,3.85,10,1,0.3452,0.032,0.25,0.3755,-0.4738,-1.4102,-0.9462,0.1394
SHP10031,2024-03-14,Delhi,Hyderabad,Delhivery,549.66,31.77,3.38,3381.71,In Transit,6.15,3,0,0.372,0.7924,0.4428,0.4744,-0.3441,1.5953,-0.0099,0.5785
SHP10682,2024-10-21,Kolkata,Jaipur,Delhivery,925.44,12.32,4.3,5390.49,Delayed,5.82,10,1,0.6334,0.3026,0.7163,0.6259,0.9236,-0.3404,1.3189,1.2519
SHP10835,2024-09-13,Jaipur,Ahmedabad,DHL,1042.68,15.35,3.64,6490.62,In Transit,6.22,9,0,0.715,0.3789,0.8662,0.5172,1.3191,-0.0388,2.0466,0.7688
SHP10604,2024-07-22,Ahmedabad,Jaipur,Delhivery,1128.48,12.65,3.72,5205.29,Returned,4.61,7,1,0.7747,0.311,0.6911,0.5304,1.6086,-0.3075,1.1964,0.8274
SHP10285,2024-06-20,Ahmedabad,Delhi,DHL,540.67,13.575,1.63,2191.14,Delivered,4.05,6,0,0.3657,0.3342,0.2806,0.1861,-0.3745,-0.2155,-0.7974,-0.7023
SHP10484,2024-09-17,Bengaluru,Nagpur,Blue Dart,547.85,21.29,1.34,2594.63,Delayed,4.74,9,1,0.3707,0.5285,0.3356,0.1384,-0.3502,0.5523,-0.5305,-0.9145
SHP10495,2024-11-08,Nagpur,Hyderabad,Blue Dart,461.5,10.66,2.07,2596.08,Delivered,5.63,11,0,0.3106,0.2609,0.3358,0.2586,-0.6416,-0.5056,-0.5296,-0.3803
SHP10928,2024-03-14,Ahmedabad,Hyderabad,UPS,497.72,40.01625,3.18,3160.96,In Transit,6.35,3,0,0.3358,1.0,0.4127,0.4414,-0.5194,2.4159,-0.1559,0.4321
SHP10678,2024-06-23,Nagpur,Delhi,FedEx,575.52,18.4,1.8,2851.27,Delivered,4.95,6,0,0.39,0.4557,0.3705,0.2141,-0.2569,0.2647,-0.3608,-0.5779
SHP10116,2024-05-03,Nagpur,Kolkata,DHL,651.14,40.01625,2.06,3300.9300000000003,Delivered,5.07,5,0,0.4426,1.0,0.4318,0.2569,-0.0018,2.4159,-0.0633,-0.3876
SHP10796,2024-02-27,Jaipur,Ahmedabad,FedEx,958.28,4.89,3.47,5167.55,In Transit,5.39,2,0,0.6562,0.1156,0.686,0.4892,1.0344,-1.0798,1.1714,0.6444
SHP10634,2024-08-14,Kolkata,Bengaluru,FedEx,952.19,8.26,2.65,5590.98,Delivered,5.87,8,0,0.652,0.2004,0.7436,0.3541,1.0138,-0.7444,1.4515,0.0442
SHP10361,2024-12-10,Delhi,Ahmedabad,UPS,402.1,22.2,1.44,3300.9300000000003,Delivered,8.21,12,0,0.2693,0.5514,0.4318,0.1548,-0.8419,0.6429,-0.0633,-0.8414
SHP10095,2024-02-27,Delhi,Jaipur,UPS,999.59,38.61,2.85,4534.79,Delivered,4.54,2,0,0.685,0.9646,0.5998,0.3871,1.1737,2.276,0.7529,0.1906
SHP10261,2024-04-06,Delhi,Chennai,UPS,360.87,31.15,2.41,2528.85,Delayed,7.01,4,1,0.2406,0.7768,0.3266,0.3146,-0.981,1.5336,-0.574,-0.1314
SHP10874,2024-04-03,Ahmedabad,Kolkata,UPS,725.22,13.575,2.32,4420.82,Delivered,6.1,4,0,0.4941,0.3342,0.5843,0.2998,0.2481,-0.2155,0.6775,-0.1973
SHP10512,2024-03-30,Hyderabad,Delhi,FedEx,978.55,7.12,3.64,5146.68,Delivered,5.26,3,0,0.6703,0.1717,0.6831,0.5172,1.1028,-0.8579,1.1576,0.7688
SHP10684,2024-09-12,Delhi,Ahmedabad,UPS,858.8,11.9,3.37,5138.33,Returned,5.98,9,1,0.587,0.2921,0.682,0.4727,0.6988,-0.3822,1.1521,0.5712
SHP10179,2024-06-18,Pune,Mumbai,Delhivery,334.43,11.9,0.5,1952.94,Delayed,5.84,6,1,0.2222,0.2921,0.2482,0.0,-1.0702,-0.3822,-0.955,-1.5293
SHP10102,2024-09-24,Bengaluru,Chennai,DHL,632.22,13.575,2.53,2500.43,In Transit,3.95,9,0,0.4294,0.3342,0.3227,0.3344,-0.0656,-0.2155,-0.5928,-0.0436
SHP10062,2024-05-23,Nagpur,Mumbai,Delhivery,144.32,19.7,0.5,1236.98,In Transit,8.57,5,0,0.09,0.4885,0.1507,0.0,-1.7116,0.3941,-1.4286,-1.5293
SHP10204,2024-11-17,Hyderabad,Jaipur,DHL,1452.3899999999999,13.575,3.27,3300.9300000000003,Delivered,2.27,11,0,1.0,0.3342,0.4318,0.4562,2.7013,-0.2155,-0.0633,0.498
SHP10906,2024-04-06,Bengaluru,Kolkata,Delhivery,802.71,2.45,4.25,3202.4,Delivered,3.99,4,0,0.548,0.0541,0.4183,0.6177,0.5095,-1.3226,-0.1285,1.2153
SHP10697,2024-02-22,Mumbai,Nagpur,Delhivery,686.37,2.34,2.37,2718.7,Delivered,3.96,2,0,0.4671,0.0514,0.3525,0.308,0.1171,-1.3336,-0.4484,-0.1607
SHP10184,2024-09-20,Ahmedabad,Nagpur,Blue Dart,732.14,13.26,3.59,4612.43,In Transit,6.3,9,0,0.4989,0.3263,0.6104,0.509,0.2715,-0.2468,0.8042,0.7322
SHP10799,2024-09-26,Bengaluru,Mumbai,Delhivery,836.47,13.29,2.75,4048.48,Delivered,4.84,9,0,0.5715,0.3271,0.5336,0.3706,0.6234,-0.2439,0.4312,0.1174
SHP10745,2024-09-03,Chennai,Jaipur,DHL,694.25,9.94,2.21,3460.69,Delivered,4.98,9,0,0.4726,0.2427,0.4535,0.2817,0.1436,-0.5772,0.0424,-0.2778
SHP10091,2024-10-31,Chennai,Kolkata,FedEx,527.48,13.74,1.43,3013.96,Delivered,5.71,10,0,0.3565,0.3384,0.3927,0.1532,-0.419,-0.1991,-0.2531,-0.8487
SHP10957,2024-07-05,Chennai,Ahmedabad,FedEx,219.87,40.01625,0.5,1638.82,Delivered,7.45,7,0,0.1425,1.0,0.2054,0.0,-1.4567,2.4159,-1.1628,-1.5293
SHP10719,2024-03-05,Mumbai,Chennai,FedEx,763.92,30.66,4.09,3343.63,Cancelled,4.38,3,0,0.521,0.7644,0.4376,0.5913,0.3787,1.4848,-0.0351,1.0982
SHP10551,2024-02-09,Ahmedabad,Delhi,Delhivery,473.22,12.56,1.89,2863.95,Delivered,6.05,2,0,0.3188,0.3087,0.3723,0.2289,-0.602,-0.3165,-0.3524,-0.512
SHP10625,2024-09-29,Ahmedabad,Chennai,Blue Dart,850.95,0.4,4.73,4254.72,Delayed,5.0,9,1,0.5816,0.0025,0.5617,0.6967,0.6723,-1.5267,0.5676,1.5666
SHP10741,2024-12-01,Mumbai,Kolkata,Delhivery,285.42,11.66,0.5,1952.03,In Transit,6.84,12,0,0.1881,0.286,0.2481,0.0,-1.2356,-0.4061,-0.9556,-1.5293
SHP10411,2024-03-25,Jaipur,Nagpur,Blue Dart,533.79,13.575,2.04,3349.81,Delivered,6.28,3,0,0.3609,0.3342,0.4384,0.2537,-0.3977,-0.2155,-0.031,-0.4022
SHP10346,2024-12-20,Jaipur,Chennai,UPS,43.27,14.72,0.5,529.53,Delivered,12.24,12,0,0.0197,0.3631,0.0543,0.0,-2.0525,-0.1015,-1.8965,-1.5293
SHP10493,2024-05-05,Pune,Nagpur,Blue Dart,849.89,19.3,2.5,5150.94,Delivered,6.06,5,0,0.5808,0.4784,0.6837,0.3294,0.6687,0.3543,1.1604,-0.0655
SHP10827,2024-05-21,Bengaluru,Chennai,DHL,443.9,7.2,2.26,2518.44,Delivered,5.67,5,0,0.2984,0.1737,0.3252,0.2899,-0.7009,-0.8499,-0.5809,-0.2412
SHP10029,2024-10-13,Bengaluru,Ahmedabad,Blue Dart,729.12,13.88,2.66,3806.63,Delivered,5.22,10,0,0.4968,0.3419,0.5006,0.3558,0.2613,-0.1851,0.2712,0.0516
SHP10054,2024-09-20,Chennai,Kolkata,Delhivery,541.47,5.78,0.6,2390.86,Delivered,4.42,9,0,0.3663,0.138,0.3078,0.0165,-0.3718,-0.9912,-0.6653,-1.4561
SHP10721,2024-10-19,Pune,Hyderabad,UPS,227.19,20.64,1.26,1648.56,Delivered,7.26,10,0,0.1476,0.5121,0.2067,0.1252,-1.432,0.4876,-1.1563,-0.9731
SHP10039,2024-01-16,Bengaluru,Chennai,DHL,781.89,19.51,0.82,4733.44,Delayed,6.05,1,1,0.5335,0.4837,0.6269,0.0527,0.4393,0.3752,0.8843,-1.2951
SHP10157,2024-01-02,Chennai,Bengaluru,UPS,409.03,19.87,0.91,2721.17,Delayed,6.65,1,1,0.2741,0.4927,0.3528,0.0675,-0.8186,0.411,-0.4468,-1.2293
SHP10805,2024-03-21,Bengaluru,Nagpur,Delhivery,1033.33,3.36,4.45,3300.9300000000003,Delivered,3.19,3,0,0.7085,0.077,0.4318,0.6506,1.2876,-1.2321,-0.0633,1.3616
SHP10146,2024-08-11,Jaipur,Bengaluru,Delhivery,15.0,4.15,0.5,130.49,In Transit,8.7,8,0,0.0,0.0969,0.0,0.0,-2.1479,-1.1535,-2.1605,-1.5293
SHP10221,2024-06-19,Kolkata,Pune,DHL,91.25,5.43,0.5,476.72,Delivered,5.22,6,0,0.053,0.1292,0.0472,0.0,-1.8906,-1.0261,-1.9315,-1.5293
SHP10901,2024-12-25,Mumbai,Chennai,Delhivery,1137.5,15.39,4.05,6089.12,Delayed,5.35,12,1,0.7809,0.3799,0.8115,0.5847,1.639,-0.0349,1.781,1.0689
SHP10784,2024-01-02,Hyderabad,Nagpur,UPS,820.37,1.4,3.05,3330.47,Delivered,4.06,1,0,0.5603,0.0277,0.4358,0.42,0.5691,-1.4271,-0.0438,0.337
SHP10765,2024-07-26,Kolkata,Chennai,UPS,851.07,22.72,4.93,4577.68,Delivered,5.38,7,0,0.5817,0.5645,0.6056,0.7297,0.6727,0.6946,0.7812,1.713
SHP10932,2024-11-03,Kolkata,Delhi,UPS,451.68,24.39,3.9,2652.51,Delayed,5.87,11,1,0.3038,0.6066,0.3435,0.56,-0.6747,0.8608,-0.4922,0.9591
SHP10394,2024-04-01,Pune,Delhi,Delhivery,423.31,13.92,1.43,2208.88,Delivered,5.22,4,0,0.2841,0.3429,0.283,0.1532,-0.7704,-0.1812,-0.7857,-0.8487
SHP10052,2024-06-01,Hyderabad,Pune,UPS,181.71,10.49,1.52,1005.23,Delivered,5.53,6,0,0.116,0.2566,0.1191,0.168,-1.5855,-0.5225,-1.5819,-0.7828
SHP10632,2024-04-24,Jaipur,Nagpur,DHL,620.05,40.01625,2.31,3967.91,Delivered,6.4,4,0,0.4209,1.0,0.5226,0.2981,-0.1067,2.4159,0.3779,-0.2046
SHP10730,2024-12-15,Chennai,Kolkata,Delhivery,661.95,10.47,2.23,2895.03,Delayed,4.37,12,1,0.4501,0.2561,0.3765,0.2849,0.0347,-0.5245,-0.3318,-0.2632
SHP10359,2024-10-02,Hyderabad,Chennai,Blue Dart,405.75,15.25,2.03,2267.96,Delivered,5.59,10,0,0.2718,0.3764,0.2911,0.252,-0.8296,-0.0488,-0.7466,-0.4095
SHP10594,2024-05-21,Bengaluru,Ahmedabad,FedEx,338.9,18.96,1.07,2322.18,Delayed,6.85,5,1,0.2253,0.4698,0.2985,0.0939,-1.0552,0.3204,-0.7107,-1.1122
SHP10402,2024-11-18,Chennai,Jaipur,UPS,336.68,7.91,1.57,1576.82,Cancelled,4.68,11,0,0.2238,0.1916,0.197,0.1762,-1.0627,-0.7793,-1.2038,-0.7462
SHP10782,2024-04-23,Jaipur,Ahmedabad,Delhivery,701.19,13.575,4.42,4218.94,Cancelled,6.02,4,0,0.4774,0.3342,0.5568,0.6457,0.1671,-0.2155,0.5439,1.3397
SHP10421,2024-12-04,Nagpur,Chennai,FedEx,444.43,8.35,2.83,1731.09,Returned,3.9,12,1,0.2988,0.2027,0.218,0.3838,-0.6991,-0.7355,-1.1017,0.176
SHP10448,2024-08-11,Chennai,Hyderabad,Delhivery,879.6,3.38,2.545,4823.07,In Transit,5.48,8,0,0.6015,0.0776,0.6391,0.3368,0.7689,-1.2301,0.9436,-0.0326
SHP10165,2024-02-28,Nagpur,Ahmedabad,DHL,1127.14,17.59,3.68,6296.24,Delayed,5.59,2,1,0.7737,0.4353,0.8397,0.5238,1.604,0.1841,1.918,0.7981
SHP10284,2024-12-02,Ahmedabad,Delhi,UPS,912.28,5.55,5.38,4294.1,Delivered,4.71,12,0,0.6242,0.1322,0.567,0.8038,0.8792,-1.0141,0.5937,2.0423
SHP10080,2024-02-18,Kolkata,Pune,DHL,653.43,16.07,1.53,2906.18,Delivered,4.45,2,0,0.4442,0.3971,0.378,0.1697,0.0059,0.0328,-0.3244,-0.7755
SHP10227,2024-12-26,Delhi,Hyderabad,Blue Dart,231.9,25.63,0.5,1094.84,In Transit,4.72,12,0,0.1509,0.6378,0.1313,0.0,-1.4161,0.9842,-1.5226,-1.5293
SHP10447,2024-12-04,Kolkata,Delhi,Blue Dart,609.45,22.62,1.57,2628.91,Delayed,4.31,12,1,0.4136,0.562,0.3402,0.1762,-0.1424,0.6847,-0.5078,-0.7462
SHP10353,2024-12-30,Mumbai,Jaipur,Blue Dart,916.8,26.15,2.545,5509.47,In Transit,6.01,12,0,0.6274,0.6509,0.7325,0.3368,0.8944,1.036,1.3976,-0.0326
SHP10310,2024-07-24,Pune,Hyderabad,DHL,308.5,9.27,0.92,1834.68,Delayed,5.95,7,1,0.2042,0.2259,0.2321,0.0692,-1.1577,-0.6439,-1.0332,-1.2219
SHP10934,2024-01-25,Delhi,Kolkata,UPS,686.21,40.01625,2.75,4694.13,Delivered,6.84,1,0,0.467,1.0,0.6215,0.3706,0.1165,2.4159,0.8583,0.1174
SHP10259,2024-11-24,Delhi,Kolkata,Delhivery,901.87,34.32,3.65,5780.92,Cancelled,6.41,11,0,0.617,0.8566,0.7695,0.5188,0.8441,1.849,1.5772,0.7761
SHP10323,2024-12-23,Nagpur,Pune,UPS,857.03,3.61,3.07,3773.7,Delivered,4.4,12,0,0.5858,0.0833,0.4961,0.4233,0.6928,-1.2072,0.2494,0.3516
SHP10009,2024-06-29,Chennai,Kolkata,Blue Dart,620.45,9.42,1.03,2584.8,Cancelled,4.17,6,0,0.4212,0.2296,0.3342,0.0873,-0.1053,-0.629,-0.537,-1.1414
SHP10726,2024-11-21,Mumbai,Chennai,FedEx,1187.22,11.92,4.26,7205.74,Delivered,6.07,11,0,0.8155,0.2926,0.9635,0.6193,1.8067,-0.3802,2.5196,1.2226
SHP10538,2024-04-13,Nagpur,Mumbai,Blue Dart,355.26,5.25,1.39,2081.55,In Transit,5.86,4,0,0.2367,0.1246,0.2657,0.1466,-1.0,-1.044,-0.8699,-0.8779
SHP10030,2024-07-06,Pune,Kolkata,FedEx,738.8,9.85,4.68,3417.21,Delivered,4.63,7,0,0.5036,0.2405,0.4476,0.6885,0.2939,-0.5862,0.0136,1.53
SHP10801,2024-08-25,Chennai,Hyderabad,Blue Dart,15.0,20.48,0.5,464.75,Delivered,30.98,8,0,0.0,0.5081,0.0455,0.0,-2.1479,0.4717,-1.9394,-1.5293
SHP10334,2024-04-18,Mumbai,Jaipur,UPS,475.1,20.82,1.46,2169.0,Delivered,4.57,4,0,0.3201,0.5167,0.2776,0.1581,-0.5957,0.5055,-0.8121,-0.8267
SHP10794,2024-09-01,Delhi,Pune,Blue Dart,582.05,13.45,1.58,2462.03,Delivered,4.23,9,0,0.3945,0.3311,0.3175,0.1779,-0.2349,-0.2279,-0.6182,-0.7389
SHP10974,2024-04-23,Bengaluru,Kolkata,UPS,650.86,19.58,2.09,2692.66,Delivered,4.14,4,0,0.4424,0.4854,0.3489,0.2619,-0.0027,0.3821,-0.4657,-0.3656
SHP10517,2024-04-29,Chennai,Kolkata,UPS,962.71,11.98,4.74,5579.84,Delivered,5.8,4,0,0.6593,0.2941,0.7421,0.6984,1.0493,-0.3742,1.4441,1.5739
SHP10197,2024-09-23,Chennai,Mumbai,DHL,424.35,5.98,1.75,1877.5,Delayed,4.42,9,1,0.2848,0.143,0.2379,0.2059,-0.7669,-0.9713,-1.0049,-0.6145
SHP10392,2024-12-27,Delhi,Mumbai,Blue Dart,135.27,4.93,0.86,639.1,In Transit,4.72,12,0,0.0837,0.1166,0.0693,0.0593,-1.7421,-1.0758,-1.8241,-1.2659
SHP10552,2024-03-16,Kolkata,Hyderabad,DHL,169.32,12.98,0.5,1165.54,Returned,6.88,3,1,0.1074,0.3193,0.141,0.0,-1.6273,-0.2747,-1.4758,-1.5293
SHP10800,2024-09-25,Delhi,Bengaluru,DHL,1261.63,8.6,4.53,6047.99,Delivered,4.79,9,0,0.8673,0.209,0.8059,0.6638,2.0578,-0.7106,1.7538,1.4202
SHP10641,2024-08-26,Jaipur,Hyderabad,Delhivery,943.09,3.59,3.27,3438.55,Delivered,3.65,8,0,0.6457,0.0828,0.4505,0.4562,0.9831,-1.2092,0.0277,0.498
SHP10541,2024-11-29,Bengaluru,Ahmedabad,Blue Dart,706.42,15.51,2.75,2958.52,Delivered,4.19,11,0,0.481,0.383,0.3851,0.3706,0.1847,-0.0229,-0.2898,0.1174
SHP10510,2024-12-11,Delhi,Mumbai,UPS,634.18,13.575,2.545,4436.49,Delivered,7.0,12,0,0.4308,0.3342,0.5864,0.3368,-0.059,-0.2155,0.6878,-0.0326
SHP10122,2024-03-30,Mumbai,Nagpur,DHL,332.52,3.81,1.23,1935.32,Delivered,5.82,3,0,0.2209,0.0884,0.2458,0.1202,-1.0767,-1.1873,-0.9666,-0.9951
SHP10378,2024-09-02,Nagpur,Mumbai,FedEx,839.71,16.46,4.06,5058.81,In Transit,6.02,9,0,0.5738,0.4069,0.6712,0.5864,0.6344,0.0716,1.0995,1.0762
SHP10038,2024-12-19,Nagpur,Ahmedabad,FedEx,588.45,1.5,2.46,2761.5,Delivered,4.69,12,0,0.399,0.0302,0.3583,0.3228,-0.2133,-1.4172,-0.4201,-0.0948
SHP10555,2024-02-24,Chennai,Pune,DHL,385.51,21.03,2.21,2385.54,Delivered,6.19,2,0,0.2578,0.522,0.3071,0.2817,-0.8979,0.5264,-0.6688,-0.2778
SHP10531,2024-01-25,Chennai,Jaipur,FedEx,440.37,23.25,1.9,2881.98,Delivered,6.54,1,0,0.2959,0.5778,0.3747,0.2306,-0.7128,0.7474,-0.3404,-0.5047
SHP10162,2024-05-27,Pune,Bengaluru,FedEx,721.58,37.17,4.02,3853.7,Delivered,5.34,5,0,0.4916,0.9283,0.507,0.5798,0.2358,2.1327,0.3023,1.0469
SHP10067,2024-05-06,Kolkata,Mumbai,DHL,389.29,15.25,0.5,2370.55,Delivered,6.09,5,0,0.2604,0.3764,0.3051,0.0,-0.8852,-0.0488,-0.6787,-1.5293
SHP10124,2024-06-19,Chennai,Delhi,Blue Dart,1047.49,12.88,4.97,3988.2,Delivered,3.81,6,0,0.7183,0.3167,0.5254,0.7363,1.3353,-0.2847,0.3913,1.7422
SHP10004,2024-10-20,Jaipur,Bengaluru,Delhivery,812.95,7.57,3.47,4324.0,Delivered,5.32,10,0,0.5551,0.183,0.5711,0.4892,0.5441,-0.8131,0.6134,0.6444
SHP10691,2024-02-02,Hyderabad,Jaipur,Delhivery,611.37,5.41,2.72,3574.49,In Transit,5.85,2,0,0.4149,0.1287,0.469,0.3657,-0.136,-1.0281,0.1176,0.0955
SHP10705,2024-07-24,Kolkata,Delhi,Blue Dart,15.0,40.01625,1.52,540.66,Delayed,36.04,7,1,0.0,1.0,0.0559,0.168,-2.1479,2.4159,-1.8892,-0.7828
SHP10897,2024-11-23,Delhi,Hyderabad,Blue Dart,642.66,33.6,2.06,3516.89,Delivered,5.47,11,0,0.4367,0.8384,0.4612,0.2569,-0.0304,1.7774,0.0795,-0.3876
SHP10427,2024-02-10,Mumbai,Kolkata,UPS,816.16,12.01,2.545,5025.79,Delayed,6.16,2,1,0.5574,0.2948,0.6667,0.3368,0.5549,-0.3712,1.0777,-0.0326
SHP10943,2024-07-06,Nagpur,Hyderabad,FedEx,495.72,22.04,2.14,3022.28,Delivered,6.1,7,0,0.3344,0.5474,0.3938,0.2701,-0.5261,0.6269,-0.2476,-0.329
SHP10761,2024-03-05,Jaipur,Delhi,FedEx,697.49,25.92,2.62,3195.9,Delivered,4.58,3,0,0.4748,0.6451,0.4175,0.3492,0.1546,1.0131,-0.1328,0.0223
SHP10506,2024-04-04,Mumbai,Nagpur,Delhivery,778.62,27.84,2.545,4343.77,Delivered,5.58,4,0,0.5313,0.6934,0.5738,0.3368,0.4283,1.2042,0.6265,-0.0326
SHP10922,2024-02-29,Chennai,Kolkata,FedEx,930.0,6.2,4.13,4253.79,In Transit,4.57,2,0,0.6366,0.1486,0.5615,0.5979,0.939,-0.9495,0.567,1.1274
SHP10399,2024-01-16,Pune,Jaipur,UPS,670.43,35.21,1.84,3671.08,Delivered,5.48,1,0,0.456,0.879,0.4822,0.2207,0.0633,1.9376,0.1815,-0.5486
SHP10638,2024-02-28,Jaipur,Chennai,Blue Dart,681.04,8.35,1.47,3425.52,Delivered,5.03,2,0,0.4634,0.2027,0.4487,0.1598,0.0991,-0.7355,0.0191,-0.8194
SHP10352,2024-08-08,Nagpur,Chennai,Delhivery,559.04,13.575,2.85,3325.58,In Transit,5.95,8,0,0.3785,0.3342,0.4351,0.3871,-0.3125,-0.2155,-0.047,0.1906
SHP10852,2024-05-18,Pune,Hyderabad,Blue Dart,957.02,18.2,4.06,5739.21,Delivered,6.0,5,0,0.6554,0.4507,0.7638,0.5864,1.0301,0.2448,1.5496,1.0762
SHP10671,2024-07-04,Pune,Hyderabad,Blue Dart,607.91,13.575,2.82,3108.35,Delivered,5.11,7,0,0.4125,0.3342,0.4055,0.3821,-0.1476,-0.2155,-0.1907,0.1687
SHP10260,2024-12-09,Delhi,Chennai,Blue Dart,781.85,2.02,3.77,3754.11,In Transit,4.8,12,0,0.5335,0.0433,0.4935,0.5386,0.4392,-1.3654,0.2365,0.864
SHP10333,2024-05-15,Ahmedabad,Nagpur,FedEx,427.85,26.71,1.31,2766.23,Delivered,6.47,5,0,0.2872,0.665,0.3589,0.1334,-0.7551,1.0917,-0.417,-0.9365
SHP10153,2024-07-15,Hyderabad,Nagpur,DHL,637.06,40.01625,3.1,3433.75,Delivered,5.39,7,0,0.4328,1.0,0.4499,0.4282,-0.0493,2.4159,0.0245,0.3736
SHP10396,2024-05-29,Delhi,Nagpur,DHL,337.82,3.08,0.88,1391.56,Delivered,4.12,5,0,0.2246,0.07,0.1717,0.0626,-1.0588,-1.26,-1.3263,-1.2512
SHP10501,2024-09-12,Nagpur,Jaipur,UPS,601.63,40.01625,2.38,3213.9,Delivered,5.34,9,0,0.4081,1.0,0.4199,0.3097,-0.1688,2.4159,-0.1209,-0.1534
SHP10373,2024-05-26,Bengaluru,Nagpur,UPS,833.25,13.575,3.89,4408.97,Returned,5.29,5,1,0.5693,0.3342,0.5827,0.5584,0.6126,-0.2155,0.6696,0.9518
SHP10312,2024-11-07,Delhi,Ahmedabad,UPS,392.85,13.24,2.545,1756.08,Delivered,4.47,11,0,0.2629,0.3258,0.2214,0.3368,-0.8732,-0.2488,-1.0852,-0.0326
SHP10042,2024-07-19,Pune,Ahmedabad,Delhivery,564.53,15.48,2.19,2424.17,In Transit,4.29,7,0,0.3823,0.3822,0.3124,0.2784,-0.294,-0.0259,-0.6433,-0.2924
SHP10770,2024-02-04,Bengaluru,Hyderabad,Delhivery,647.87,8.48,1.43,2857.73,Delivered,4.41,2,0,0.4403,0.206,0.3714,0.1532,-0.0128,-0.7225,-0.3565,-0.8487
SHP10522,2024-06-03,Chennai,Bengaluru,Blue Dart,663.99,32.78,2.01,4390.18,Returned,6.61,6,1,0.4515,0.8178,0.5801,0.2487,0.0416,1.6958,0.6572,-0.4242
SHP10661,2024-05-14,Bengaluru,Chennai,DHL,774.33,15.72,4.17,3191.68,Delayed,4.12,5,1,0.5283,0.3883,0.4169,0.6045,0.4138,-0.002,-0.1356,1.1567
SHP10859,2024-06-30,Pune,Mumbai,DHL,449.25,1.99,2.26,1727.35,Delivered,3.84,6,0,0.3021,0.0426,0.2175,0.2899,-0.6829,-1.3684,-1.1042,-0.2412
SHP10830,2024-09-06,Chennai,Kolkata,Blue Dart,760.43,2.35,4.32,3069.29,Delayed,4.04,9,1,0.5186,0.0516,0.4002,0.6292,0.3669,-1.3326,-0.2165,1.2665
SHP10758,2024-07-08,Kolkata,Jaipur,UPS,532.32,17.14,1.92,2635.47,Cancelled,4.95,7,0,0.3599,0.424,0.3411,0.2339,-0.4026,0.1393,-0.5035,-0.49
SHP10605,2024-12-26,Mumbai,Hyderabad,DHL,590.04,12.82,1.97,3300.9300000000003,Delivered,5.59,12,0,0.4001,0.3152,0.4318,0.2421,-0.2079,-0.2906,-0.0633,-0.4534
SHP10024,2024-04-08,Bengaluru,Kolkata,Delhivery,331.28,8.58,1.23,2022.11,Delivered,6.1,4,0,0.22,0.2085,0.2576,0.1202,-1.0809,-0.7126,-0.9092,-0.9951
SHP10954,2024-05-28,Bengaluru,Delhi,Blue Dart,356.31,21.88,1.03,2036.8,Delivered,5.72,5,0,0.2375,0.5434,0.2596,0.0873,-0.9964,0.611,-0.8995,-1.1414
SHP10599,2024-03-12,Nagpur,Mumbai,UPS,822.31,11.81,3.35,4373.22,Delivered,5.32,3,0,0.5616,0.2898,0.5778,0.4694,0.5757,-0.3911,0.646,0.5566
SHP10445,2024-10-14,Mumbai,Bengaluru,UPS,1034.28,5.03,4.39,3753.28,Delivered,3.63,10,0,0.7091,0.1191,0.4934,0.6407,1.2908,-1.0659,0.2359,1.3177
SHP10272,2024-07-26,Chennai,Ahmedabad,Delhivery,204.34,14.85,2.1,1419.96,Delivered,6.95,7,0,0.1317,0.3663,0.1756,0.2635,-1.5091,-0.0886,-1.3075,-0.3583
SHP10891,2024-07-06,Nagpur,Jaipur,Blue Dart,1149.23,6.99,5.08,5067.84,Cancelled,4.41,7,0,0.7891,0.1684,0.6724,0.7544,1.6786,-0.8708,1.1055,1.8227
SHP10519,2024-01-15,Jaipur,Chennai,DHL,551.58,12.5,2.69,2728.06,Delivered,4.95,1,0,0.3733,0.3072,0.3537,0.3607,-0.3377,-0.3225,-0.4423,0.0735
SHP10377,2024-11-16,Kolkata,Delhi,Blue Dart,783.48,18.61,3.83,4650.16,Delivered,5.94,11,0,0.5346,0.461,0.6155,0.5485,0.4447,0.2856,0.8292,0.9079
SHP10498,2024-03-20,Mumbai,Delhi,UPS,757.07,4.96,1.3,4430.14,Delivered,5.85,3,0,0.5163,0.1173,0.5855,0.1318,0.3556,-1.0729,0.6836,-0.9438
SHP10892,2024-02-03,Ahmedabad,Pune,Delhivery,515.28,12.44,0.57,2532.57,Delivered,4.91,2,0,0.348,0.3057,0.3271,0.0115,-0.4601,-0.3284,-0.5716,-1.4781
SHP10833,2024-03-09,Delhi,Mumbai,Delhivery,785.67,12.35,2.98,3847.18,Cancelled,4.9,3,0,0.5362,0.3034,0.5062,0.4085,0.4521,-0.3374,0.298,0.2858
SHP10667,2024-05-12,Mumbai,Kolkata,DHL,65.29,9.23,0.5,530.04,Delivered,8.12,5,0,0.035,0.2248,0.0544,0.0,-1.9782,-0.6479,-1.8962,-1.5293
SHP10097,2024-10-28,Ahmedabad,Delhi,Delhivery,793.26,4.57,2.69,4108.51,Delayed,5.18,10,1,0.5414,0.1075,0.5417,0.3607,0.4777,-1.1117,0.4709,0.0735
SHP10128,2024-12-20,Kolkata,Mumbai,Delhivery,505.33,26.55,1.57,3091.12,Delayed,6.12,12,1,0.3411,0.6609,0.4032,0.1762,-0.4937,1.0758,-0.2021,-0.7462
SHP10544,2024-05-04,Bengaluru,Nagpur,DHL,1184.57,22.68,4.11,5912.05,In Transit,4.99,5,0,0.8137,0.5635,0.7874,0.5946,1.7978,0.6906,1.6639,1.1128
SHP10379,2024-10-13,Kolkata,Mumbai,FedEx,1113.33,7.52,3.7,5763.38,In Transit,5.18,10,0,0.7641,0.1818,0.7671,0.5271,1.5575,-0.8181,1.5656,0.8127
SHP10203,2024-03-16,Mumbai,Jaipur,DHL,621.74,13.575,1.22,3779.13,Delivered,6.08,3,0,0.4221,0.3342,0.4969,0.1186,-0.101,-0.2155,0.253,-1.0024
SHP10343,2024-10-16,Nagpur,Kolkata,Blue Dart,449.33,12.59,1.3,2451.56,Delivered,5.46,10,0,0.3022,0.3094,0.3161,0.1318,-0.6826,-0.3135,-0.6252,-0.9438
SHP10744,2024-03-14,Pune,Mumbai,UPS,1036.03,10.04,5.51,5164.94,Delivered,4.99,3,0,0.7103,0.2452,0.6856,0.8252,1.2967,-0.5673,1.1697,2.1375
SHP10821,2024-07-10,Ahmedabad,Jaipur,Delhivery,870.35,8.68,3.01,5245.54,Delivered,6.03,7,0,0.5951,0.211,0.6966,0.4134,0.7377,-0.7026,1.223,0.3077
SHP10518,2024-11-25,Hyderabad,Pune,Blue Dart,653.17,23.35,3.42,2848.82,Delivered,4.36,11,0,0.444,0.5804,0.3702,0.481,0.0051,0.7573,-0.3624,0.6078
SHP10791,2024-07-22,Jaipur,Nagpur,DHL,763.14,18.82,3.77,4627.93,Returned,6.06,7,1,0.5205,0.4663,0.6125,0.5386,0.3761,0.3065,0.8145,0.864
SHP10488,2024-07-11,Kolkata,Hyderabad,DHL,670.15,9.73,2.86,3157.96,In Transit,4.71,7,0,0.4558,0.2374,0.4123,0.3887,0.0623,-0.5981,-0.1579,0.1979
SHP10237,2024-11-08,Bengaluru,Hyderabad,FedEx,33.57,11.48,0.5,269.53,Delivered,8.03,11,0,0.0129,0.2815,0.0189,0.0,-2.0852,-0.424,-2.0685,-1.5293
SHP10549,2024-11-13,Hyderabad,Kolkata,Delhivery,833.7,25.88,4.28,3800.91,Delayed,4.56,11,1,0.5696,0.6441,0.4999,0.6226,0.6141,1.0091,0.2674,1.2372
SHP10400,2024-01-31,Ahmedabad,Bengaluru,Blue Dart,633.36,12.92,2.47,7473.45125,Delivered,11.8,1,0,0.4302,0.3178,1.0,0.3245,-0.0618,-0.2807,2.6967,-0.0875
SHP10570,2024-08-22,Hyderabad,Chennai,UPS,1168.2729517506327,8.93,0.5,790.29,Delivered,0.68,8,0,0.8023,0.2173,0.0899,0.0,1.7428,-0.6778,-1.7241,-1.5293
SHP10232,2024-11-20,Pune,Mumbai,DHL,1010.81,9.39,6.571249999999999,3300.9300000000003,Delivered,3.27,11,0,0.6928,0.2289,0.4318,1.0,1.2116,-0.632,-0.0633,2.9142
SHP10442,2024-01-28,Pune,Delhi,Delhivery,751.7,9.87,3.98,4472.74,In Transit,5.95,1,0,0.5125,0.241,0.5913,0.5732,0.3375,-0.5842,0.7118,1.0177
SHP10098,2024-06-07,Nagpur,Jaipur,DHL,349.3,12.23,1.14,3300.9300000000003,Delivered,9.45,6,0,0.2326,0.3004,0.4318,0.1054,-1.0201,-0.3493,-0.0633,-1.0609
SHP10889,2024-06-29,Mumbai,Chennai,FedEx,777.53,38.46,2.76,4946.17,Delivered,6.36,6,0,0.5305,0.9608,0.6558,0.3722,0.4246,2.2611,1.025,0.1247
SHP10993,2024-12-13,Ahmedabad,Bengaluru,Delhivery,253.6,13.575,4.08,1651.8,Delivered,6.51,12,0,0.166,0.3342,0.2072,0.5897,-1.3429,-0.2155,-1.1542,1.0908
SHP10511,2024-12-10,Pune,Kolkata,UPS,107.53,1.22,0.5,592.62,Delayed,5.51,12,1,0.0644,0.0232,0.0629,0.0,-1.8357,-1.4451,-1.8548,-1.5293
SHP10622,2024-07-12,Nagpur,Chennai,Delhivery,609.06,34.57,4.4,3090.69,Delayed,5.07,7,1,0.4133,0.8629,0.4031,0.6424,-0.1437,1.8739,-0.2024,1.3251
SHP10217,2024-05-18,Bengaluru,Pune,FedEx,434.16,7.37,1.37,2177.83,In Transit,5.02,5,0,0.2916,0.178,0.2788,0.1433,-0.7338,-0.833,-0.8062,-0.8926
SHP10360,2024-09-17,Kolkata,Pune,DHL,820.53,7.04,1.58,4649.09,Delivered,5.67,9,0,0.5604,0.1697,0.6154,0.1779,0.5697,-0.8659,0.8285,-0.7389
SHP10558,2024-07-10,Delhi,Hyderabad,FedEx,495.96,4.26,2.39,2283.92,Delivered,4.61,7,0,0.3346,0.0997,0.2933,0.3113,-0.5253,-1.1425,-0.736,-0.1461
SHP10750,2024-05-27,Mumbai,Chennai,UPS,568.07,1.79,2.51,2450.01,Delivered,4.31,5,0,0.3848,0.0375,0.3159,0.3311,-0.282,-1.3883,-0.6262,-0.0582
SHP10973,2024-03-30,Bengaluru,Chennai,Blue Dart,791.52,12.35,3.36,3120.76,In Transit,3.94,3,0,0.5402,0.3034,0.4072,0.4711,0.4718,-0.3374,-0.1825,0.5639
SHP10225,2024-06-27,Jaipur,Kolkata,FedEx,675.8,6.7,2.85,2884.12,In Transit,4.27,6,0,0.4597,0.1611,0.375,0.3871,0.0814,-0.8997,-0.339,0.1906
SHP10018,2024-12-11,Delhi,Kolkata,DHL,1041.8,15.73,4.6,5810.54,Cancelled,5.58,12,0,0.7144,0.3885,0.7735,0.6753,1.3161,-0.001,1.5967,1.4714
SHP10168,2024-01-26,Hyderabad,Delhi,Delhivery,766.54,2.17,5.45,3399.94,Delivered,4.44,1,0,0.5229,0.0471,0.4452,0.8153,0.3875,-1.3505,0.0022,2.0935
SHP10292,2024-10-17,Hyderabad,Bengaluru,Blue Dart,918.14,22.71,3.98,5273.77,Cancelled,5.74,10,0,0.6283,0.5643,0.7004,0.5732,0.899,0.6936,1.2417,1.0177
SHP10929,2024-04-20,Bengaluru,Pune,FedEx,1121.06,13.575,3.86,5511.48,In Transit,4.92,4,0,0.7695,0.3342,0.7328,0.5534,1.5835,-0.2155,1.3989,0.9298
SHP10397,2024-12-17,Nagpur,Pune,DHL,716.41,17.85,1.76,3734.94,Delivered,5.21,12,0,0.488,0.4419,0.4909,0.2075,0.2184,0.21,0.2238,-0.6071
SHP10540,2024-04-17,Pune,Chennai,FedEx,766.29,17.89,4.17,3101.51,In Transit,4.05,4,0,0.5227,0.4429,0.4046,0.6045,0.3867,0.2139,-0.1952,1.1567
SHP10328,2024-10-15,Delhi,Jaipur,DHL,504.58,19.8,2.93,2924.56,Delivered,5.8,10,0,0.3406,0.491,0.3805,0.4002,-0.4962,0.404,-0.3123,0.2492
SHP10787,2024-03-17,Nagpur,Hyderabad,Blue Dart,487.86,10.99,0.84,1930.94,In Transit,3.96,3,0,0.329,0.2692,0.2452,0.056,-0.5526,-0.4727,-0.9695,-1.2805
SHP10636,2024-09-12,Bengaluru,Mumbai,FedEx,811.05,40.01625,3.99,6021.39,Delivered,7.42,9,0,0.5538,1.0,0.8023,0.5748,0.5377,2.4159,1.7362,1.025
SHP10093,2024-04-18,Pune,Bengaluru,FedEx,816.67,7.88,4.7,4050.42,Delivered,4.96,4,0,0.5577,0.1909,0.5338,0.6918,0.5566,-0.7823,0.4325,1.5446
SHP10213,2024-08-28,Delhi,Mumbai,DHL,566.1,8.71,1.47,3300.9300000000003,Delivered,5.83,8,0,0.3834,0.2118,0.4318,0.1598,-0.2887,-0.6997,-0.0633,-0.8194
SHP10337,2024-09-21,Ahmedabad,Mumbai,FedEx,923.03,16.49,3.02,4648.18,Delivered,5.04,9,0,0.6317,0.4076,0.6152,0.4151,0.9155,0.0746,0.8279,0.315
SHP10425,2024-04-19,Delhi,Mumbai,DHL,822.89,5.42,3.57,3897.41,Delivered,4.74,4,0,0.5621,0.1289,0.513,0.5057,0.5776,-1.0271,0.3312,0.7176
SHP10816,2024-12-23,Kolkata,Hyderabad,Blue Dart,363.87,31.35,0.82,2646.33,Cancelled,7.27,12,0,0.2427,0.7818,0.3426,0.0527,-0.9709,1.5535,-0.4963,-1.2951
SHP10618,2024-12-26,Pune,Jaipur,FedEx,949.54,12.88,3.24,4476.11,Cancelled,4.71,12,0,0.6502,0.3167,0.5918,0.4513,1.0049,-0.2847,0.714,0.4761
SHP10115,2024-04-29,Mumbai,Nagpur,DHL,20.76,6.07,1.46,220.95,Delivered,10.64,4,0,0.004,0.1453,0.0123,0.1581,-2.1284,-0.9624,-2.1007,-0.8267
SHP10158,2024-12-16,Pune,Delhi,Delhivery,881.46,23.56,3.67,5101.92,Delivered,5.79,12,0,0.6028,0.5857,0.677,0.5221,0.7752,0.7782,1.128,0.7908
SHP10112,2024-11-26,Delhi,Jaipur,UPS,1022.59,28.74,4.61,5109.27,Delayed,5.0,11,1,0.701,0.7161,0.678,0.677,1.2513,1.2937,1.1329,1.4788
SHP10036,2024-09-26,Hyderabad,Jaipur,DHL,720.32,16.32,2.73,3179.73,Delivered,4.41,9,0,0.4907,0.4034,0.4153,0.3673,0.2316,0.0577,-0.1435,0.1028
SHP10105,2024-03-05,Mumbai,Bengaluru,DHL,1006.29,15.54,3.5,6021.17,Delivered,5.98,3,0,0.6896,0.3837,0.8022,0.4941,1.1963,-0.0199,1.7361,0.6663
SHP10362,2024-06-23,Jaipur,Nagpur,DHL,905.26,22.32,3.55,3592.47,Cancelled,3.97,6,0,0.6194,0.5544,0.4715,0.5024,0.8555,0.6548,0.1295,0.7029
SHP10365,2024-08-15,Hyderabad,Chennai,UPS,1068.83,13.575,5.73,5035.67,Delivered,4.71,8,0,0.7332,0.3342,0.668,0.8614,1.4073,-0.2155,1.0842,2.2985
SHP10441,2024-03-17,Bengaluru,Kolkata,UPS,305.63,14.27,0.5,1622.84,Delivered,5.31,3,0,0.2022,0.3517,0.2032,0.0,-1.1674,-0.1463,-1.1733,-1.5293
SHP10565,2024-07-06,Chennai,Ahmedabad,Delhivery,836.36,28.65,2.87,4692.97,Delivered,5.61,7,0,0.5714,0.7138,0.6213,0.3904,0.6231,1.2848,0.8575,0.2053
SHP10351,2024-08-24,Kolkata,Ahmedabad,DHL,226.21,3.84,2.97,943.95,Delayed,4.17,8,1,0.1469,0.0891,0.1108,0.4068,-1.4353,-1.1843,-1.6224,0.2784
SHP10988,2024-06-14,Nagpur,Hyderabad,UPS,1004.82,9.01,4.26,3300.9300000000003,Delivered,3.29,6,0,0.6886,0.2193,0.4318,0.6193,1.1914,-0.6698,-0.0633,1.2226
SHP10249,2024-05-08,Pune,Bengaluru,UPS,97.28,1.72,0.5,426.96,Delivered,4.39,5,0,0.0572,0.0358,0.0404,0.0,-1.8703,-1.3953,-1.9644,-1.5293
SHP10862,2024-03-08,Nagpur,Hyderabad,Blue Dart,678.84,17.96,2.71,3232.14,Delivered,4.76,3,0,0.4618,0.4447,0.4224,0.364,0.0917,0.2209,-0.1088,0.0882
SHP10808,2024-03-22,Delhi,Mumbai,Blue Dart,714.14,13.41,3.0,3240.19,Delivered,4.54,3,0,0.4864,0.3301,0.4235,0.4118,0.2107,-0.2319,-0.1035,0.3004
SHP10406,2024-06-27,Chennai,Nagpur,UPS,790.91,6.42,3.42,4310.21,Cancelled,5.45,6,0,0.5398,0.1541,0.5692,0.481,0.4697,-0.9276,0.6043,0.6078
SHP10866,2024-07-21,Delhi,Pune,Delhivery,611.14,8.86,1.99,2362.04,Returned,3.86,7,1,0.4147,0.2155,0.3039,0.2454,-0.1367,-0.6847,-0.6844,-0.4388
SHP10164,2024-08-12,Jaipur,Nagpur,FedEx,116.9,16.97,0.51,861.34,Cancelled,7.37,8,0,0.0709,0.4197,0.0995,0.0016,-1.8041,0.1224,-1.6771,-1.522
SHP10890,2024-01-23,Pune,Mumbai,Delhivery,1064.19,30.16,3.91,5529.73,Delayed,5.2,1,1,0.7299,0.7518,0.7353,0.5617,1.3917,1.435,1.411,0.9664
SHP10826,2024-04-23,Ahmedabad,Delhi,UPS,477.66,37.31,4.1,2611.35,Delivered,5.47,4,0,0.3219,0.9319,0.3379,0.593,-0.587,2.1466,-0.5195,1.1055
SHP10841,2024-01-10,Bengaluru,Nagpur,DHL,497.84,13.42,2.92,3065.3,Delivered,6.16,1,0,0.3359,0.3303,0.3997,0.3986,-0.519,-0.2309,-0.2192,0.2419
SHP10083,2024-12-01,Chennai,Bengaluru,FedEx,461.58,16.82,2.12,2938.28,Delivered,6.37,12,0,0.3107,0.416,0.3824,0.2668,-0.6413,0.1075,-0.3032,-0.3437
SHP10709,2024-01-14,Bengaluru,Delhi,DHL,211.78,6.09,0.5,1200.0,Delivered,5.67,1,0,0.1369,0.1458,0.1457,0.0,-1.484,-0.9604,-1.453,-1.5293
SHP10295,2024-03-11,Chennai,Ahmedabad,Blue Dart,813.16,8.93,2.545,3514.24,Delivered,4.32,3,0,0.5553,0.2173,0.4608,0.3368,0.5448,-0.6778,0.0778,-0.0326
SHP10070,2024-02-20,Pune,Jaipur,UPS,519.38,8.97,2.545,3217.01,Delivered,6.19,2,0,0.3509,0.2183,0.4203,0.3368,-0.4463,-0.6738,-0.1188,-0.0326
SHP10643,2024-01-04,Nagpur,Pune,Delhivery,659.07,10.97,1.83,3481.17,Delayed,5.28,1,1,0.4481,0.2687,0.4563,0.2191,0.025,-0.4747,0.0559,-0.5559
SHP10610,2024-07-11,Pune,Kolkata,UPS,605.99,20.73,2.51,3109.1,Returned,5.13,7,1,0.4112,0.5144,0.4056,0.3311,-0.1541,0.4966,-0.1902,-0.0582
SHP10675,2024-04-05,Pune,Ahmedabad,DHL,106.87,40.01625,0.5,1366.03,Delivered,12.78,4,0,0.0639,1.0,0.1683,0.0,-1.8379,2.4159,-1.3432,-1.5293
SHP10938,2024-08-10,Delhi,Jaipur,FedEx,779.8,10.32,2.15,3017.43,Delivered,3.87,8,0,0.5321,0.2523,0.3932,0.2718,0.4323,-0.5394,-0.2508,-0.3217
SHP10878,2024-03-20,Delhi,Kolkata,Delhivery,844.22,10.24,3.53,4819.42,In Transit,5.71,3,0,0.5769,0.2503,0.6386,0.4991,0.6496,-0.5474,0.9411,0.6883
SHP10659,2024-08-22,Hyderabad,Pune,Delhivery,785.37,13.575,5.94,4299.16,Delivered,5.47,8,0,0.536,0.3342,0.5677,0.896,0.451,-0.2155,0.597,2.4522
SHP10735,2024-05-14,Mumbai,Bengaluru,Delhivery,337.63,14.1,0.93,1501.81,In Transit,4.45,5,0,0.2245,0.3475,0.1868,0.0708,-1.0594,-0.1632,-1.2534,-1.2146
SHP10127,2024-01-26,Hyderabad,Bengaluru,DHL,182.19,26.03,1.03,1275.63,Delivered,7.0,1,0,0.1163,0.6478,0.156,0.0873,-1.5838,1.024,-1.403,-1.1414
SHP10853,2024-03-20,Jaipur,Kolkata,Blue Dart,1167.02,29.99,3.97,4554.76,Returned,3.9,3,1,0.8015,0.7476,0.6025,0.5715,1.7386,1.4181,0.7661,1.0103
SHP10001,2024-11-04,Kolkata,Bengaluru,DHL,883.34,14.03,2.67,4470.09,Delayed,5.06,11,1,0.6041,0.3457,0.591,0.3574,0.7816,-0.1702,0.7101,0.0589
SHP10748,2024-10-25,Delhi,Chennai,FedEx,858.9,15.54,2.2,5106.51,Delivered,5.95,10,0,0.5871,0.3837,0.6777,0.28,0.6991,-0.0199,1.131,-0.2851
SHP10539,2024-12-15,Chennai,Nagpur,Blue Dart,858.41,2.96,3.46,4300.12,Delivered,5.01,12,0,0.5868,0.067,0.5678,0.4875,0.6975,-1.2719,0.5976,0.6371
SHP10601,2024-08-29,Delhi,Ahmedabad,Delhivery,576.76,13.13,1.19,2433.14,Delivered,4.22,8,0,0.3908,0.323,0.3136,0.1137,-0.2527,-0.2598,-0.6373,-1.0243
SHP10308,2024-10-05,Chennai,Delhi,UPS,796.05,14.82,3.11,3973.13,Delivered,4.99,10,0,0.5434,0.3656,0.5233,0.4299,0.4871,-0.0916,0.3813,0.3809
SHP10585,2024-10-17,Hyderabad,Delhi,DHL,983.12,40.01625,4.1,6231.16,Delayed,6.34,10,1,0.6735,1.0,0.8308,0.593,1.1182,2.4159,1.875,1.1055
SHP10410,2024-01-29,Pune,Bengaluru,DHL,480.14,11.59,2.545,1953.88,Delivered,4.07,1,0,0.3236,0.2843,0.2483,0.3368,-0.5787,-0.413,-0.9544,-0.0326
SHP10171,2024-03-22,Chennai,Bengaluru,DHL,488.51,16.06,1.42,2848.04,Delayed,5.83,3,1,0.3294,0.3968,0.3701,0.1515,-0.5504,0.0318,-0.3629,-0.856
SHP10417,2024-04-03,Hyderabad,Pune,DHL,467.37,28.69,1.14,2746.65,Returned,5.88,4,1,0.3147,0.7148,0.3563,0.1054,-0.6218,1.2888,-0.43,-1.0609
SHP10875,2024-12-19,Hyderabad,Kolkata,FedEx,513.08,10.74,2.08,2203.09,Delivered,4.29,12,0,0.3465,0.2629,0.2823,0.2602,-0.4675,-0.4976,-0.7895,-0.3729
SHP10698,2024-05-25,Bengaluru,Chennai,UPS,948.22,5.16,2.545,4964.36,Delivered,5.24,5,0,0.6492,0.1224,0.6583,0.3368,1.0004,-1.053,1.037,-0.0326
SHP10603,2024-09-21,Delhi,Jaipur,UPS,107.55,18.24,0.5,843.22,Delayed,7.84,9,1,0.0644,0.4517,0.0971,0.0,-1.8356,0.2488,-1.689,-1.5293
SHP10460,2024-10-15,Pune,Jaipur,UPS,967.35,16.35,4.43,3885.03,Delivered,4.02,10,0,0.6626,0.4041,0.5113,0.6473,1.065,0.0607,0.3231,1.347
SHP10880,2024-09-29,Bengaluru,Jaipur,Delhivery,999.97,10.2,2.61,4599.79,In Transit,4.6,9,0,0.6852,0.2493,0.6087,0.3475,1.175,-0.5514,0.7959,0.015
SHP10637,2024-01-20,Pune,Ahmedabad,DHL,836.73,4.61,4.58,4457.48,Delivered,5.33,1,0,0.5717,0.1085,0.5893,0.672,0.6243,-1.1077,0.7017,1.4568
SHP10423,2024-08-02,Kolkata,Jaipur,FedEx,385.19,7.02,1.95,1898.24,Delivered,4.93,8,0,0.2575,0.1692,0.2407,0.2388,-0.899,-0.8678,-0.9912,-0.4681
SHP10315,2024-02-23,Pune,Mumbai,Delhivery,663.4,13.575,1.84,2673.11,In Transit,4.03,2,0,0.4511,0.3342,0.3463,0.2207,0.0396,-0.2155,-0.4786,-0.5486
SHP10376,2024-01-29,Ahmedabad,Delhi,DHL,829.08,11.92,3.98,3590.64,Delivered,4.33,1,0,0.5664,0.2926,0.4712,0.5732,0.5985,-0.3802,0.1283,1.0177
SHP10524,2024-11-07,Jaipur,Pune,UPS,520.41,5.69,4.2,2651.56,In Transit,5.1,11,0,0.3516,0.1357,0.3433,0.6094,-0.4428,-1.0002,-0.4929,1.1787
SHP10881,2024-01-27,Hyderabad,Bengaluru,FedEx,585.19,20.17,1.0,3076.14,Delivered,5.26,1,0,0.3967,0.5003,0.4012,0.0824,-0.2243,0.4408,-0.212,-1.1634
SHP10438,2024-06-02,Bengaluru,Pune,FedEx,680.04,3.08,2.28,2976.56,Delayed,4.38,6,1,0.4627,0.07,0.3876,0.2932,0.0957,-1.26,-0.2779,-0.2266
SHP10911,2024-12-23,Delhi,Mumbai,FedEx,306.22,18.98,0.5,1712.69,Delivered,5.59,12,0,0.2026,0.4703,0.2155,0.0,-1.1654,0.3224,-1.1139,-1.5293
SHP10150,2024-11-01,Kolkata,Mumbai,UPS,212.86,9.69,1.41,1422.28,In Transit,6.68,11,0,0.1377,0.2364,0.1759,0.1499,-1.4804,-0.6021,-1.306,-0.8633
SHP10556,2024-05-04,Mumbai,Ahmedabad,UPS,1222.64,7.3,4.64,6231.89,Delivered,5.1,5,0,0.8402,0.1763,0.8309,0.6819,1.9262,-0.84,1.8755,1.5007
SHP10832,2024-07-30,Nagpur,Bengaluru,FedEx,273.85,7.91,2.0,1606.18,Returned,5.87,7,1,0.1801,0.1916,0.201,0.2471,-1.2746,-0.7793,-1.1844,-0.4315
SHP10945,2024-04-01,Pune,Hyderabad,Delhivery,603.63,6.87,1.8,2635.88,Delivered,4.37,4,0,0.4095,0.1654,0.3412,0.2141,-0.1621,-0.8828,-0.5032,-0.5779
SHP10409,2024-03-03,Pune,Hyderabad,FedEx,644.72,7.38,2.43,3235.87,In Transit,5.02,3,0,0.4381,0.1783,0.4229,0.3179,-0.0234,-0.832,-0.1063,-0.1168
SHP10143,2024-02-10,Bengaluru,Jaipur,DHL,845.52,13.24,5.61,5106.86,Delivered,6.04,2,0,0.5778,0.3258,0.6777,0.8417,0.654,-0.2488,1.1313,2.2106
SHP10526,2024-05-06,Delhi,Chennai,Blue Dart,803.42,17.01,4.15,4476.29,Delivered,5.57,5,0,0.5485,0.4207,0.5918,0.6012,0.5119,0.1264,0.7142,1.1421
SHP10876,2024-04-13,Chennai,Pune,Delhivery,840.66,21.73,3.55,4701.24,Delayed,5.59,4,1,0.5744,0.5396,0.6225,0.5024,0.6376,0.5961,0.863,0.7029
SHP10840,2024-07-06,Jaipur,Chennai,DHL,495.86,13.575,2.55,2567.59,Cancelled,5.18,7,0,0.3345,0.3342,0.3319,0.3377,-0.5256,-0.2155,-0.5484,-0.029
SHP10208,2024-07-11,Pune,Hyderabad,UPS,666.14,20.31,2.06,4025.34,Delivered,6.04,7,0,0.453,0.5038,0.5304,0.2569,0.0488,0.4548,0.4159,-0.3876
SHP10440,2024-11-24,Kolkata,Mumbai,UPS,986.54,12.51,4.3,5838.01,In Transit,5.92,11,0,0.6759,0.3074,0.7773,0.6259,1.1297,-0.3215,1.6149,1.2519
SHP10131,2024-10-16,Jaipur,Bengaluru,DHL,897.26,15.16,1.46,4715.07,Returned,5.25,10,1,0.6138,0.3742,0.6244,0.1581,0.8285,-0.0578,0.8721,-0.8267
SHP10380,2024-06-07,Kolkata,Chennai,Delhivery,920.0,7.15,3.05,4015.49,In Transit,4.36,6,0,0.6296,0.1725,0.5291,0.42,0.9052,-0.8549,0.4094,0.337
SHP10174,2024-05-18,Delhi,Nagpur,Delhivery,346.19,14.68,1.99,1561.63,Delivered,4.51,5,0,0.2304,0.3621,0.1949,0.2454,-1.0306,-0.1055,-1.2138,-0.4388
SHP10533,2024-02-13,Mumbai,Ahmedabad,UPS,806.96,25.01,2.24,4223.57,Delivered,5.23,2,0,0.551,0.6222,0.5574,0.2866,0.5239,0.9225,0.547,-0.2558
SHP10270,2024-07-20,Nagpur,Hyderabad,DHL,523.23,13.575,2.07,3300.9300000000003,Delivered,6.31,7,0,0.3536,0.3342,0.4318,0.2586,-0.4333,-0.2155,-0.0633,-0.3803
SHP10407,2024-09-07,Bengaluru,Nagpur,UPS,940.27,10.29,4.12,4912.99,Delivered,5.23,9,0,0.6437,0.2515,0.6513,0.5963,0.9736,-0.5424,1.003,1.1201
SHP10737,2024-01-04,Ahmedabad,Delhi,DHL,574.02,13.575,1.85,3447.31,Delivered,6.01,1,0,0.3889,0.3342,0.4517,0.2224,-0.262,-0.2155,0.0335,-0.5413
SHP10123,2024-06-16,Kolkata,Bengaluru,Delhivery,739.25,24.75,2.24,3059.25,Delivered,4.14,6,0,0.5039,0.6156,0.3989,0.2866,0.2955,0.8966,-0.2232,-0.2558
SHP10138,2024-07-06,Hyderabad,Chennai,Blue Dart,497.87,9.53,2.91,3088.0,Delivered,6.2,7,0,0.3359,0.2324,0.4028,0.397,-0.5189,-0.618,-0.2042,0.2345
SHP10051,2024-06-03,Hyderabad,Ahmedabad,Blue Dart,1059.16,24.88,1.27,6865.19,Delayed,6.48,6,1,0.7264,0.6189,0.9172,0.1268,1.3747,0.9096,2.2944,-0.9658
SHP10624,2024-05-07,Mumbai,Chennai,FedEx,151.74,10.0,0.89,3300.9300000000003,Delivered,21.75,5,0,0.0951,0.2442,0.4318,0.0642,-1.6866,-0.5713,-0.0633,-1.2439
SHP10275,2024-04-24,Pune,Bengaluru,DHL,607.58,13.575,3.47,2558.25,Delivered,4.21,4,0,0.4123,0.3342,0.3306,0.4892,-0.1487,-0.2155,-0.5546,0.6444
SHP10980,2024-09-30,Pune,Chennai,DHL,962.71,20.82,4.25,3906.51,Delivered,4.06,9,0,0.6593,0.5167,0.5142,0.6177,1.0493,0.5055,0.3373,1.2153
SHP10342,2024-01-29,Mumbai,Hyderabad,FedEx,474.83,13.25,1.62,3086.67,Delivered,6.5,1,0,0.3199,0.3261,0.4026,0.1845,-0.5966,-0.2478,-0.205,-0.7096
SHP10256,2024-10-25,Pune,Chennai,FedEx,974.71,8.48,4.14,5755.67,Delivered,5.91,10,0,0.6677,0.206,0.7661,0.5995,1.0898,-0.7225,1.5605,1.1348
SHP10182,2024-05-26,Kolkata,Mumbai,Blue Dart,732.15,10.46,2.6,3097.24,Delivered,4.23,5,0,0.4989,0.2558,0.404,0.3459,0.2715,-0.5255,-0.1981,0.0076
SHP10617,2024-04-03,Ahmedabad,Pune,FedEx,1193.61,7.43,4.44,6632.99,Delivered,5.56,4,0,0.82,0.1795,0.8855,0.649,1.8283,-0.827,2.1408,1.3543
SHP10300,2024-02-24,Chennai,Delhi,Blue Dart,705.31,40.01625,3.13,3208.27,Delivered,4.55,2,0,0.4803,1.0,0.4191,0.4332,0.181,2.4159,-0.1246,0.3955
SHP10690,2024-01-27,Kolkata,Nagpur,FedEx,754.87,9.11,3.27,2750.79,Delivered,3.64,1,0,0.5147,0.2218,0.3568,0.4562,0.3482,-0.6598,-0.4272,0.498
SHP10927,2024-09-30,Kolkata,Jaipur,Delhivery,562.08,38.9,1.87,3587.98,Delivered,6.38,9,0,0.3806,0.9719,0.4709,0.2257,-0.3022,2.3049,0.1266,-0.5266
SHP10240,2024-01-22,Mumbai,Nagpur,Delhivery,615.57,37.48,2.97,3949.06,In Transit,6.42,1,0,0.4178,0.9361,0.52,0.4068,-0.1218,2.1635,0.3654,0.2784
SHP10230,2024-10-30,Jaipur,Mumbai,UPS,839.38,25.09,2.08,3820.33,Delivered,4.55,10,0,0.5735,0.6242,0.5025,0.2602,0.6333,0.9305,0.2803,-0.3729
SHP10930,2024-10-10,Hyderabad,Chennai,Blue Dart,652.99,1.86,4.25,2733.72,Delayed,4.19,10,1,0.4439,0.0393,0.3545,0.6177,0.0045,-1.3814,-0.4385,1.2153
SHP10326,2024-12-15,Mumbai,Delhi,Blue Dart,955.09,18.75,6.05,4964.95,In Transit,5.2,12,0,0.654,0.4645,0.6584,0.9141,1.0236,0.2995,1.0374,2.5327
SHP10458,2024-12-16,Kolkata,Mumbai,UPS,333.13,16.9,2.37,1675.16,In Transit,5.03,12,0,0.2213,0.418,0.2104,0.308,-1.0746,0.1154,-1.1387,-0.1607
SHP10681,2024-11-11,Chennai,Pune,Blue Dart,1104.81,28.6,4.88,4892.44,Delivered,4.43,11,0,0.7582,0.7126,0.6485,0.7214,1.5287,1.2798,0.9894,1.6764
SHP10662,2024-06-08,Mumbai,Bengaluru,UPS,1031.32,10.42,2.68,4101.02,Delivered,3.98,6,0,0.7071,0.2548,0.5407,0.3591,1.2808,-0.5295,0.4659,0.0662
SHP10893,2024-09-14,Bengaluru,Kolkata,Delhivery,309.26,15.56,1.92,1356.24,Delivered,4.39,9,0,0.2047,0.3842,0.1669,0.2339,-1.1552,-0.0179,-1.3497,-0.49
SHP10465,2024-01-27,Chennai,Jaipur,DHL,1100.48,2.33,5.25,4127.83,Delivered,3.75,1,0,0.7552,0.0511,0.5444,0.7824,1.5141,-1.3346,0.4837,1.9472
SHP10163,2024-06-07,Nagpur,Bengaluru,Blue Dart,708.58,11.21,2.58,3066.06,Cancelled,4.33,6,0,0.4825,0.2747,0.3998,0.3426,0.192,-0.4509,-0.2187,-0.007
SHP10167,2024-02-04,Bengaluru,Kolkata,Delhivery,614.25,29.43,1.95,3148.12,In Transit,5.13,2,0,0.4169,0.7335,0.411,0.2388,-0.1262,1.3624,-0.1644,-0.4681
SHP10145,2024-12-01,Delhi,Chennai,Blue Dart,926.35,21.3,2.78,3862.76,Delivered,4.17,12,0,0.634,0.5288,0.5083,0.3755,0.9267,0.5533,0.3083,0.1394
SHP10206,2024-06-16,Chennai,Bengaluru,DHL,871.05,9.1,3.78,3960.89,In Transit,4.55,6,0,0.5956,0.2216,0.5216,0.5403,0.7401,-0.6608,0.3732,0.8713
SHP10500,2024-06-07,Kolkata,Ahmedabad,Delhivery,534.25,7.55,2.84,2188.88,Delivered,4.1,6,0,0.3612,0.1825,0.2803,0.3854,-0.3961,-0.8151,-0.7989,0.1833
SHP10188,2024-03-24,Nagpur,Pune,Delhivery,560.2,21.55,2.07,3415.15,Delivered,6.1,3,0,0.3793,0.535,0.4473,0.2586,-0.3086,0.5782,0.0122,-0.3803
SHP10324,2024-05-31,Bengaluru,Jaipur,FedEx,615.26,27.53,3.49,3850.2,Delivered,6.26,5,0,0.4176,0.6856,0.5066,0.4925,-0.1228,1.1733,0.3,0.659
SHP10657,2024-04-16,Mumbai,Delhi,FedEx,486.7,10.94,1.61,3126.3,Delivered,6.42,4,0,0.3282,0.2679,0.408,0.1828,-0.5565,-0.4777,-0.1788,-0.7169
SHP10872,2024-07-19,Hyderabad,Pune,DHL,667.15,13.52,2.545,4068.26,Delivered,6.1,7,0,0.4537,0.3329,0.5363,0.3368,0.0522,-0.221,0.4443,-0.0326
SHP10843,2024-02-22,Kolkata,Pune,FedEx,721.41,6.82,5.13,2891.2,Delivered,4.01,2,0,0.4915,0.1642,0.376,0.7626,0.2353,-0.8877,-0.3343,1.8593
SHP10863,2024-08-31,Hyderabad,Chennai,Blue Dart,591.57,19.94,2.66,3218.29,In Transit,5.44,8,0,0.4011,0.4945,0.4205,0.3558,-0.2028,0.418,-0.118,0.0516
SHP10860,2024-05-21,Pune,Bengaluru,DHL,1096.38,23.5,3.63,5285.53,Delivered,4.82,5,0,0.7523,0.5841,0.702,0.5155,1.5003,0.7722,1.2495,0.7615
SHP10910,2024-06-06,Mumbai,Delhi,UPS,1077.74,13.41,2.71,6530.19,Delivered,6.06,6,0,0.7394,0.3301,0.8715,0.364,1.4374,-0.2319,2.0728,0.0882
SHP10575,2024-01-05,Bengaluru,Hyderabad,DHL,558.82,10.22,2.62,3213.12,Delivered,5.75,1,0,0.3783,0.2498,0.4198,0.3492,-0.3132,-0.5494,-0.1214,0.0223
SHP10079,2024-07-20,Delhi,Pune,FedEx,653.62,15.54,2.67,4064.58,Delivered,6.22,7,0,0.4443,0.3837,0.5358,0.3574,0.0066,-0.0199,0.4418,0.0589
SHP10822,2024-08-10,Jaipur,Mumbai,DHL,926.74,8.55,2.18,5022.34,Delayed,5.42,8,1,0.6343,0.2077,0.6662,0.2767,0.928,-0.7156,1.0754,-0.2998
SHP10687,2024-04-16,Hyderabad,Jaipur,FedEx,996.47,13.01,3.62,5059.14,Cancelled,5.08,4,0,0.6828,0.32,0.6712,0.5139,1.1632,-0.2717,1.0997,0.7542
SHP10918,2024-07-13,Pune,Ahmedabad,Delhivery,477.09,9.37,1.42,2614.01,Delivered,5.48,7,0,0.3215,0.2284,0.3382,0.1515,-0.589,-0.634,-0.5177,-0.856
SHP10857,2024-08-13,Chennai,Delhi,UPS,654.73,20.01,2.92,3667.87,Delivered,5.6,8,0,0.4451,0.4963,0.4817,0.3986,0.0103,0.4249,0.1794,0.2419
SHP10229,2024-11-03,Ahmedabad,Mumbai,FedEx,691.46,11.42,3.37,3940.14,Cancelled,5.7,11,0,0.4706,0.28,0.5188,0.4727,0.1342,-0.43,0.3595,0.5712
SHP10723,2024-07-17,Ahmedabad,Hyderabad,UPS,776.3,3.56,4.01,3564.73,In Transit,4.59,7,0,0.5296,0.0821,0.4677,0.5781,0.4205,-1.2122,0.1112,1.0396
SHP10789,2024-10-24,Chennai,Jaipur,Delhivery,185.05,11.74,2.545,1224.24,Delivered,6.62,10,0,0.1183,0.288,0.149,0.3368,-1.5742,-0.3981,-1.437,-0.0326
SHP10100,2024-06-14,Kolkata,Bengaluru,DHL,718.84,22.46,2.545,4597.1,Returned,6.4,6,1,0.4897,0.558,0.6083,0.3368,0.2266,0.6687,0.7941,-0.0326
SHP10290,2024-12-03,Delhi,Pune,UPS,839.86,6.77,2.1,3500.34,Delayed,4.17,12,1,0.5739,0.1629,0.4589,0.2635,0.6349,-0.8927,0.0686,-0.3583
SHP10444,2024-09-29,Bengaluru,Ahmedabad,Blue Dart,743.76,18.86,2.59,4008.46,Returned,5.39,9,1,0.507,0.4673,0.5281,0.3442,0.3107,0.3105,0.4047,0.0003
SHP10961,2024-08-20,Mumbai,Bengaluru,Blue Dart,646.91,25.48,2.55,4192.85,Delivered,6.48,8,0,0.4396,0.634,0.5532,0.3377,-0.0161,0.9693,0.5267,-0.029
SHP10053,2024-01-16,Jaipur,Ahmedabad,Blue Dart,358.96,6.11,2.84,1677.03,In Transit,4.67,1,0,0.2393,0.1463,0.2106,0.3854,-0.9875,-0.9584,-1.1375,0.1833
SHP10739,2024-11-04,Bengaluru,Chennai,FedEx,576.48,13.85,2.545,2743.41,Delivered,4.76,11,0,0.3906,0.3412,0.3558,0.3368,-0.2537,-0.1881,-0.4321,-0.0326
SHP10391,2024-10-01,Ahmedabad,Delhi,Delhivery,677.46,1.84,2.3,3136.45,Cancelled,4.63,10,0,0.4609,0.0388,0.4094,0.2965,0.087,-1.3834,-0.1721,-0.2119
SHP10977,2024-02-04,Hyderabad,Chennai,Delhivery,689.52,10.69,2.545,4004.75,Cancelled,5.81,2,0,0.4693,0.2616,0.5276,0.3368,0.1277,-0.5026,0.4023,-0.0326
SHP10666,2024-05-13,Jaipur,Kolkata,FedEx,438.44,30.9,2.545,1896.75,Delivered,4.33,5,0,0.2946,0.7705,0.2405,0.3368,-0.7194,1.5087,-0.9922,-0.0326
SHP10251,2024-04-25,Pune,Kolkata,Delhivery,878.64,10.64,3.73,4012.43,Delivered,4.57,4,0,0.6008,0.2603,0.5287,0.532,0.7657,-0.5076,0.4073,0.8347
SHP10499,2024-10-08,Delhi,Bengaluru,Delhivery,706.14,28.61,4.32,3336.73,Delivered,4.73,10,0,0.4808,0.7128,0.4366,0.6292,0.1838,1.2808,-0.0396,1.2665
SHP10475,2024-05-28,Kolkata,Bengaluru,DHL,463.58,7.69,0.5,2241.59,Delivered,4.84,5,0,0.3121,0.1861,0.2875,0.0,-0.6345,-0.8012,-0.764,-1.5293
SHP10670,2024-04-02,Mumbai,Kolkata,DHL,15.0,4.99,1.74,3300.9300000000003,Delivered,220.06,4,0,0.0,0.1181,0.4318,0.2042,-2.1479,-1.0699,-0.0633,-0.6218
SHP10044,2024-02-04,Mumbai,Delhi,UPS,610.67,13.575,1.91,3666.54,Delayed,6.0,2,1,0.4144,0.3342,0.4816,0.2322,-0.1383,-0.2155,0.1785,-0.4974
SHP10113,2024-04-28,Jaipur,Bengaluru,FedEx,902.07,35.35,3.37,4301.39,Delivered,4.77,4,0,0.6171,0.8825,0.568,0.4727,0.8447,1.9516,0.5985,0.5712
SHP10211,2024-06-23,Nagpur,Hyderabad,Blue Dart,956.72,23.08,3.2,5695.13,Delayed,5.95,6,1,0.6552,0.5736,0.7578,0.4447,1.0291,0.7304,1.5204,0.4468
SHP10620,2024-08-29,Delhi,Ahmedabad,FedEx,505.05,9.31,2.96,1898.34,In Transit,3.76,8,0,0.3409,0.2269,0.2408,0.4052,-0.4946,-0.6399,-0.9911,0.2711
SHP10169,2024-04-01,Nagpur,Mumbai,DHL,717.19,13.35,2.78,4577.76,Delivered,6.38,4,0,0.4885,0.3286,0.6057,0.3755,0.221,-0.2379,0.7813,0.1394
SHP10591,2024-10-31,Pune,Ahmedabad,DHL,710.7,6.59,3.77,3020.67,Delivered,4.25,10,0,0.484,0.1584,0.3936,0.5386,0.1991,-0.9106,-0.2487,0.864
SHP10984,2024-11-13,Hyderabad,Chennai,DHL,676.1,4.29,1.21,3469.42,Delivered,5.13,11,0,0.4599,0.1005,0.4547,0.1169,0.0824,-1.1395,0.0481,-1.0097
SHP10596,2024-03-06,Kolkata,Jaipur,FedEx,634.71,12.72,2.91,2710.37,Delivered,4.27,3,0,0.4311,0.3127,0.3513,0.397,-0.0572,-0.3006,-0.454,0.2345
SHP10520,2024-11-15,Chennai,Hyderabad,Delhivery,653.92,3.61,3.03,3420.43,Delivered,5.23,11,0,0.4445,0.0833,0.448,0.4167,0.0076,-1.2072,0.0157,0.3224
SHP10032,2024-08-20,Kolkata,Chennai,FedEx,669.96,7.35,3.46,3874.56,Delivered,5.78,8,0,0.4557,0.1775,0.5099,0.4875,0.0617,-0.835,0.3161,0.6371
SHP10611,2024-01-08,Kolkata,Bengaluru,Delhivery,1081.98,17.78,4.03,5804.44,In Transit,5.36,1,0,0.7423,0.4401,0.7727,0.5814,1.4517,0.203,1.5927,1.0543
SHP10109,2024-11-16,Nagpur,Delhi,DHL,590.93,4.82,1.45,2374.44,Delivered,4.02,11,0,0.4007,0.1138,0.3056,0.1565,-0.2049,-1.0868,-0.6762,-0.834
SHP10136,2024-08-29,Kolkata,Pune,FedEx,1452.3899999999999,11.24,6.29,7356.92,Returned,5.07,8,1,1.0,0.2755,0.9841,0.9537,2.7013,-0.4479,2.6197,2.7083
SHP10330,2024-11-25,Mumbai,Jaipur,DHL,538.89,17.19,1.28,2992.49,Delivered,5.55,11,0,0.3645,0.4253,0.3898,0.1285,-0.3805,0.1443,-0.2673,-0.9585
SHP10222,2024-09-09,Ahmedabad,Mumbai,FedEx,350.26,13.72,1.22,1991.92,Delivered,5.69,9,0,0.2332,0.3379,0.2535,0.1186,-1.0168,-0.2011,-0.9292,-1.0024
SHP10028,2024-03-28,Jaipur,Bengaluru,FedEx,421.08,4.83,2.16,1687.51,Cancelled,4.01,3,0,0.2825,0.1141,0.212,0.2734,-0.7779,-1.0858,-1.1306,-0.3144
SHP10287,2024-06-25,Hyderabad,Mumbai,DHL,944.2,26.08,3.67,5822.07,Returned,6.17,6,1,0.6464,0.6491,0.7751,0.5221,0.9869,1.029,1.6044,0.7908
SHP10722,2024-08-01,Mumbai,Delhi,UPS,488.55,13.53,1.53,2462.23,Delivered,5.04,8,0,0.3295,0.3331,0.3175,0.1697,-0.5503,-0.22,-0.6181,-0.7755
SHP10055,2024-09-28,Mumbai,Delhi,DHL,144.06,13.575,0.5,849.54,Delivered,5.9,9,0,0.0898,0.3342,0.0979,0.0,-1.7125,-0.2155,-1.6849,-1.5293
SHP10987,2024-01-13,Chennai,Bengaluru,Delhivery,15.0,11.42,0.5,236.85,Delivered,15.79,1,0,0.0,0.28,0.0145,0.0,-2.1479,-0.43,-2.0901,-1.5293
SHP10895,2024-03-06,Nagpur,Ahmedabad,FedEx,980.83,13.575,5.39,5814.93,Delivered,5.93,3,0,0.6719,0.3342,0.7741,0.8054,1.1105,-0.2155,1.5997,2.0496
SHP10916,2024-01-07,Nagpur,Kolkata,UPS,785.61,9.1,3.02,4735.31,Delivered,6.03,1,0,0.5361,0.2216,0.6271,0.4151,0.4519,-0.6608,0.8855,0.315
SHP10048,2024-12-17,Kolkata,Hyderabad,UPS,564.69,15.34,3.32,2882.92,Delivered,5.11,12,0,0.3824,0.3787,0.3748,0.4645,-0.2934,-0.0398,-0.3398,0.5346
SHP10919,2024-12-10,Hyderabad,Mumbai,UPS,531.74,17.21,0.5,2505.92,Delivered,4.71,12,0,0.3595,0.4258,0.3235,0.0,-0.4046,0.1463,-0.5892,-1.5293
SHP10991,2024-12-17,Bengaluru,Hyderabad,DHL,247.68,17.74,1.34,1568.75,Delivered,6.33,12,0,0.1619,0.4391,0.1959,0.1384,-1.3629,0.199,-1.2091,-0.9145
SHP10642,2024-01-25,Bengaluru,Ahmedabad,Blue Dart,721.88,34.41,1.1,3848.4,Cancelled,5.33,1,0,0.4918,0.8588,0.5063,0.0988,0.2369,1.858,0.2988,-1.0902
SHP10545,2024-05-10,Kolkata,Bengaluru,FedEx,555.01,10.91,1.55,2873.57,Delivered,5.18,5,0,0.3757,0.2671,0.3736,0.1729,-0.3261,-0.4807,-0.346,-0.7608
SHP10477,2024-10-13,Bengaluru,Hyderabad,Delhivery,730.51,22.31,2.57,3245.26,Delayed,4.44,10,1,0.4978,0.5542,0.4242,0.341,0.266,0.6538,-0.1001,-0.0143
SHP10547,2024-06-14,Ahmedabad,Jaipur,DHL,781.23,29.53,2.81,4078.87,In Transit,5.22,6,0,0.5331,0.736,0.5377,0.3805,0.4371,1.3723,0.4513,0.1613
SHP10063,2024-09-12,Bengaluru,Mumbai,DHL,465.81,34.64,2.13,2780.8,Delivered,5.97,9,0,0.3136,0.8646,0.3609,0.2685,-0.627,1.8809,-0.4074,-0.3363
SHP10413,2024-09-04,Ahmedabad,Jaipur,Blue Dart,402.61,13.575,1.1,2036.3,In Transit,5.06,9,0,0.2697,0.3342,0.2595,0.0988,-0.8402,-0.2155,-0.8998,-1.0902
SHP10384,2024-11-16,Kolkata,Jaipur,FedEx,551.18,13.78,1.73,3244.6,In Transit,5.89,11,0,0.373,0.3394,0.4241,0.2026,-0.339,-0.1951,-0.1006,-0.6291
SHP10904,2024-03-11,Kolkata,Mumbai,FedEx,1134.13,27.45,5.89,5368.01,Delivered,4.73,3,0,0.7786,0.6836,0.7133,0.8878,1.6276,1.1653,1.304,2.4156
SHP10322,2024-10-22,Pune,Ahmedabad,DHL,883.04,2.16,4.16,3220.69,Delivered,3.65,10,0,0.6039,0.0468,0.4208,0.6028,0.7805,-1.3515,-0.1164,1.1494
SHP10451,2024-11-15,Bengaluru,Nagpur,UPS,419.41,10.94,2.27,2655.36,Delivered,6.33,11,0,0.2814,0.2679,0.3438,0.2915,-0.7836,-0.4777,-0.4903,-0.2339
SHP10909,2024-04-22,Hyderabad,Chennai,UPS,712.14,17.49,0.61,3209.2,Delivered,4.51,4,0,0.485,0.4328,0.4193,0.0181,0.204,0.1741,-0.124,-1.4488
SHP10234,2024-06-04,Jaipur,Mumbai,Delhivery,1060.64,13.92,3.95,5037.85,Delivered,4.75,6,0,0.7275,0.3429,0.6683,0.5683,1.3797,-0.1812,1.0856,0.9957
SHP10656,2024-09-25,Chennai,Nagpur,FedEx,1428.06,34.76,5.88,7473.45125,Delivered,5.23,9,0,0.9831,0.8677,1.0,0.8861,2.6192,1.8928,2.6967,2.4083
SHP10557,2024-07-06,Pune,Hyderabad,Blue Dart,469.79,20.4,1.39,1966.47,In Transit,4.19,7,0,0.3164,0.5061,0.25,0.1466,-0.6136,0.4637,-0.946,-0.8779
SHP10462,2024-05-29,Pune,Ahmedabad,Delhivery,272.9,21.15,0.86,1662.23,Delivered,6.09,5,0,0.1794,0.525,0.2086,0.0593,-1.2778,0.5384,-1.1473,-1.2659
SHP10424,2024-11-25,Jaipur,Mumbai,FedEx,224.9,13.575,1.3,3300.9300000000003,Returned,14.68,11,1,0.146,0.3342,0.4318,0.1318,-1.4398,-0.2155,-0.0633,-0.9438
SHP10894,2024-07-07,Mumbai,Bengaluru,DHL,154.94,14.76,1.15,3300.9300000000003,Cancelled,21.3,7,0,0.0974,0.3641,0.4318,0.1071,-1.6758,-0.0976,-0.0633,-1.0536
SHP10303,2024-04-26,Ahmedabad,Chennai,DHL,1076.69,15.63,5.69,5171.47,Delayed,4.8,4,1,0.7386,0.386,0.6865,0.8548,1.4338,-0.011,1.174,2.2692
SHP10899,2024-04-02,Mumbai,Bengaluru,FedEx,797.98,40.01625,4.95,4163.59,Delivered,5.22,4,0,0.5447,1.0,0.5492,0.733,0.4936,2.4159,0.5073,1.7276
SHP10689,2024-01-16,Hyderabad,Nagpur,Blue Dart,506.84,27.39,2.7,3333.58,Returned,6.58,1,1,0.3422,0.6821,0.4362,0.3624,-0.4886,1.1594,-0.0417,0.0808
SHP10219,2024-04-29,Hyderabad,Chennai,Delhivery,1040.35,21.0,6.571249999999999,6567.61,Delivered,6.31,4,0,0.7133,0.5212,0.8766,1.0,1.3112,0.5234,2.0975,2.9142
SHP10884,2024-03-05,Ahmedabad,Hyderabad,UPS,389.53,23.28,2.11,2058.49,Delivered,5.28,3,0,0.2606,0.5786,0.2626,0.2652,-0.8844,0.7504,-0.8852,-0.351
SHP10296,2024-12-11,Hyderabad,Nagpur,UPS,923.65,7.18,3.05,5235.72,Delivered,5.67,12,0,0.6322,0.1732,0.6953,0.42,0.9176,-0.8519,1.2165,0.337
SHP10021,2024-04-07,Ahmedabad,Hyderabad,DHL,924.77,3.79,4.19,4210.88,Delivered,4.55,4,0,0.6329,0.0879,0.5557,0.6078,0.9213,-1.1893,0.5386,1.1714
SHP10760,2024-03-28,Mumbai,Delhi,UPS,467.03,15.86,1.07,2361.72,Delivered,5.06,3,0,0.3145,0.3918,0.3039,0.0939,-0.6229,0.0119,-0.6846,-1.1122
SHP10420,2024-08-08,Pune,Ahmedabad,DHL,1076.01,1.93,2.545,6084.48,Delivered,5.65,8,0,0.7382,0.041,0.8108,0.3368,1.4316,-1.3744,1.778,-0.0326
SHP10325,2024-02-19,Delhi,Bengaluru,FedEx,778.69,10.1,2.545,3294.41,In Transit,4.23,2,0,0.5313,0.2468,0.4309,0.3368,0.4285,-0.5613,-0.0676,-0.0326
SHP10199,2024-04-21,Delhi,Mumbai,Blue Dart,721.52,12.44,2.65,3160.08,Delivered,4.38,4,0,0.4915,0.3057,0.4126,0.3541,0.2356,-0.3284,-0.1565,0.0442
SHP10450,2024-06-21,Delhi,Chennai,FedEx,749.94,1.16,3.1,2780.39,Delivered,3.71,6,0,0.5113,0.0217,0.3609,0.4282,0.3315,-1.451,-0.4076,0.3736
SHP10137,2024-12-07,Nagpur,Hyderabad,UPS,924.78,12.24,2.41,3641.75,Delayed,3.94,12,1,0.6329,0.3006,0.4782,0.3146,0.9214,-0.3483,0.1621,-0.1314
SHP10536,2024-12-02,Nagpur,Kolkata,FedEx,794.09,13.575,3.28,3882.66,Delivered,4.89,12,0,0.542,0.3342,0.511,0.4579,0.4805,-0.2155,0.3215,0.5053
SHP10696,2024-12-26,Mumbai,Jaipur,DHL,976.13,12.28,3.77,5970.73,Delivered,6.12,12,0,0.6687,0.3016,0.7954,0.5386,1.0946,-0.3444,1.7027,0.864
SHP10717,2024-02-26,Bengaluru,Kolkata,Blue Dart,750.96,30.45,3.88,3969.48,Delivered,5.29,2,0,0.512,0.7591,0.5228,0.5567,0.335,1.4639,0.3789,0.9445
SHP10646,2024-09-18,Kolkata,Chennai,FedEx,837.36,40.01625,2.69,5475.66,Cancelled,6.54,9,0,0.5721,1.0,0.7279,0.3607,0.6264,2.4159,1.3752,0.0735
SHP10811,2024-01-29,Hyderabad,Bengaluru,Blue Dart,141.03,14.92,1.72,1014.21,Delivered,7.19,1,0,0.0877,0.3681,0.1203,0.2009,-1.7227,-0.0816,-1.5759,-0.6364
SHP10628,2024-02-19,Jaipur,Pune,Blue Dart,513.28,11.95,1.3,2652.42,Delivered,5.17,2,0,0.3467,0.2933,0.3434,0.1318,-0.4669,-0.3772,-0.4923,-0.9438
SHP10212,2024-10-04,Delhi,Chennai,FedEx,678.38,23.19,0.91,4560.33,Delivered,6.72,10,0,0.4615,0.5763,0.6033,0.0675,0.0901,0.7414,0.7698,-1.2293
SHP10976,2024-02-26,Nagpur,Chennai,DHL,1135.77,22.5,2.21,6410.44,Cancelled,5.64,2,0,0.7797,0.559,0.8552,0.2817,1.6332,0.6727,1.9936,-0.2778
SHP10949,2024-08-24,Hyderabad,Delhi,DHL,865.59,16.25,3.4,4573.91,Delivered,5.28,8,0,0.5918,0.4016,0.6051,0.4777,0.7217,0.0507,0.7787,0.5932
SHP10936,2024-11-20,Jaipur,Kolkata,FedEx,852.0,5.88,4.22,3903.94,Delivered,4.58,11,0,0.5823,0.1405,0.5139,0.6127,0.6758,-0.9813,0.3356,1.1933
SHP10505,2024-05-04,Hyderabad,Ahmedabad,DHL,218.37,18.15,0.5,1206.25,In Transit,5.52,5,0,0.1415,0.4494,0.1465,0.0,-1.4618,0.2398,-1.4489,-1.5293
SHP10828,2024-01-08,Pune,Chennai,DHL,719.67,2.65,2.75,4319.71,Delivered,6.0,1,0,0.4902,0.0592,0.5705,0.3706,0.2294,-1.3027,0.6106,0.1174
SHP10231,2024-04-28,Delhi,Chennai,FedEx,981.48,16.4,4.62,4645.73,Delivered,4.73,4,0,0.6724,0.4054,0.6149,0.6786,1.1126,0.0657,0.8262,1.4861
SHP10405,2024-07-06,Chennai,Mumbai,FedEx,576.28,7.69,3.2,3017.12,In Transit,5.24,7,0,0.3905,0.1861,0.3931,0.4447,-0.2543,-0.8012,-0.251,0.4468
SHP10729,2024-03-25,Mumbai,Delhi,DHL,899.89,24.13,3.67,5539.56,Delivered,6.16,3,0,0.6156,0.6,0.7366,0.5221,0.8374,0.8349,1.4175,0.7908
SHP10568,2024-01-02,Jaipur,Pune,FedEx,763.54,12.45,3.16,4635.93,Delivered,6.07,1,0,0.5208,0.3059,0.6136,0.4381,0.3774,-0.3275,0.8198,0.4175
SHP10317,2024-03-26,Kolkata,Delhi,Delhivery,816.98,12.9,3.64,4964.93,Delivered,6.08,3,0,0.5579,0.3173,0.6584,0.5172,0.5577,-0.2827,1.0374,0.7688
SHP10183,2024-05-11,Delhi,Bengaluru,FedEx,558.67,9.53,2.71,2857.46,Delayed,5.11,5,1,0.3782,0.2324,0.3714,0.364,-0.3137,-0.618,-0.3567,0.0882
SHP10869,2024-09-26,Kolkata,Hyderabad,DHL,861.51,0.99,3.52,3908.42,Delivered,4.54,9,0,0.5889,0.0174,0.5145,0.4974,0.7079,-1.4679,0.3385,0.681
SHP10867,2024-07-27,Chennai,Hyderabad,FedEx,359.94,7.22,0.5,1610.12,Delivered,4.47,7,0,0.24,0.1742,0.2015,0.0,-0.9842,-0.8479,-1.1818,-1.5293
SHP10693,2024-07-04,Kolkata,Mumbai,DHL,1182.25,6.72,2.545,4340.54,Returned,3.67,7,1,0.8121,0.1616,0.5733,0.3368,1.79,-0.8977,0.6244,-0.0326
SHP10609,2024-05-11,Kolkata,Chennai,FedEx,1452.3899999999999,13.82,4.54,4082.63,Cancelled,2.81,5,0,1.0,0.3404,0.5382,0.6654,2.7013,-0.1911,0.4538,1.4275
SHP10626,2024-08-01,Nagpur,Chennai,Delhivery,419.66,13.69,1.72,2123.33,Delivered,5.06,8,0,0.2815,0.3371,0.2714,0.2009,-0.7827,-0.204,-0.8423,-0.6364
SHP10485,2024-06-15,Hyderabad,Chennai,FedEx,394.94,16.84,0.5,2449.68,In Transit,6.2,6,0,0.2643,0.4165,0.3158,0.0,-0.8661,0.1094,-0.6264,-1.5293
SHP10278,2024-06-11,Nagpur,Bengaluru,Delhivery,955.85,29.26,3.66,6029.23,Delivered,6.31,6,0,0.6546,0.7292,0.8033,0.5205,1.0262,1.3455,1.7414,0.7835
SHP10630,2024-02-20,Bengaluru,Jaipur,UPS,948.17,15.61,3.78,4273.71,In Transit,4.51,2,0,0.6492,0.3855,0.5642,0.5403,1.0003,-0.013,0.5802,0.8713
SHP10020,2024-06-01,Chennai,Delhi,FedEx,751.27,33.79,0.95,4270.27,Delivered,5.68,6,0,0.5122,0.8432,0.5638,0.0741,0.336,1.7963,0.5779,-1.2
SHP10401,2024-06-03,Chennai,Jaipur,Blue Dart,944.97,7.84,5.12,4190.09,Delivered,4.43,6,0,0.647,0.1898,0.5529,0.761,0.9895,-0.7862,0.5249,1.852
SHP10939,2024-09-09,Hyderabad,Jaipur,DHL,116.7,33.88,0.5,1234.22,Delivered,10.58,9,0,0.0708,0.8455,0.1503,0.0,-1.8048,1.8053,-1.4304,-1.5293
SHP10566,2024-08-10,Nagpur,Jaipur,UPS,333.55,8.41,2.12,2093.56,Delayed,6.28,8,1,0.2216,0.2042,0.2673,0.2668,-1.0732,-0.7295,-0.862,-0.3437
SHP10176,2024-10-18,Jaipur,Pune,FedEx,495.05,25.19,1.16,3300.9300000000003,Delivered,6.67,10,0,0.334,0.6267,0.4318,0.1087,-0.5284,0.9404,-0.0633,-1.0463
SHP10327,2024-04-27,Ahmedabad,Chennai,DHL,726.52,8.11,3.52,2739.4,Delivered,3.77,4,0,0.495,0.1966,0.3553,0.4974,0.2525,-0.7594,-0.4348,0.681
SHP10706,2024-02-22,Delhi,Chennai,UPS,712.76,34.13,4.3,4912.76,Delayed,6.89,2,1,0.4854,0.8518,0.6513,0.6259,0.2061,1.8301,1.0029,1.2519
SHP10198,2024-03-09,Bengaluru,Ahmedabad,FedEx,922.42,4.37,3.85,4409.72,Delivered,4.78,3,0,0.6313,0.1025,0.5828,0.5518,0.9134,-1.1316,0.6701,0.9225
SHP10470,2024-11-30,Jaipur,Delhi,Delhivery,743.97,13.575,2.5,3484.95,Delivered,4.68,11,0,0.5071,0.3342,0.4568,0.3294,0.3114,-0.2155,0.0584,-0.0655
SHP10855,2024-12-03,Chennai,Delhi,Blue Dart,251.69,40.01625,0.5,1807.04,Delivered,7.18,12,0,0.1647,1.0,0.2283,0.0,-1.3494,2.4159,-1.0515,-1.5293
SHP10694,2024-06-15,Ahmedabad,Bengaluru,Blue Dart,1019.08,40.01625,3.66,4158.52,Delivered,4.08,6,0,0.6985,1.0,0.5486,0.5205,1.2395,2.4159,0.504,0.7835
SHP10266,2024-06-30,Hyderabad,Pune,DHL,1089.86,6.55,3.37,5005.02,Returned,4.59,6,1,0.7478,0.1574,0.6638,0.4727,1.4783,-0.9146,1.0639,0.5712
SHP10615,2024-07-11,Bengaluru,Hyderabad,Delhivery,304.1,5.65,2.01,1275.04,Delivered,4.19,7,0,0.2011,0.1347,0.1559,0.2487,-1.1726,-1.0042,-1.4034,-0.4242
SHP10732,2024-02-12,Jaipur,Kolkata,Blue Dart,925.47,10.13,3.02,4990.35,Delivered,5.39,2,0,0.6334,0.2475,0.6618,0.4151,0.9237,-0.5583,1.0542,0.315
SHP10492,2024-10-07,Delhi,Bengaluru,FedEx,1261.14,2.16,3.58,7024.91,Cancelled,5.57,10,0,0.8669,0.0468,0.9389,0.5073,2.0561,-1.3515,2.4,0.7249
SHP10130,2024-11-17,Jaipur,Kolkata,UPS,584.59,29.85,3.13,2704.8,Delivered,4.63,11,0,0.3963,0.744,0.3506,0.4332,-0.2263,1.4042,-0.4576,0.3955
SHP10338,2024-01-24,Hyderabad,Kolkata,DHL,666.86,10.63,1.59,3300.9300000000003,Delivered,4.95,1,0,0.4535,0.2601,0.4318,0.1795,0.0512,-0.5086,-0.0633,-0.7316
SHP10978,2024-05-14,Bengaluru,Delhi,FedEx,140.16,13.29,0.5,963.02,Delayed,6.87,5,1,0.0871,0.3271,0.1134,0.0,-1.7256,-0.2439,-1.6098,-1.5293
SHP10489,2024-08-27,Bengaluru,Ahmedabad,Delhivery,508.7,7.53,2.79,2701.02,In Transit,5.31,8,0,0.3435,0.182,0.3501,0.3772,-0.4823,-0.8171,-0.4601,0.1467
SHP10572,2024-10-14,Ahmedabad,Mumbai,FedEx,1174.93,28.73,3.85,6944.98,Delayed,5.91,10,1,0.807,0.7158,0.928,0.5518,1.7653,1.2927,2.3472,0.9225
SHP10606,2024-11-01,Nagpur,Bengaluru,FedEx,588.02,22.01,2.19,3431.13,Delivered,5.84,11,0,0.3987,0.5466,0.4495,0.2784,-0.2147,0.624,0.0228,-0.2924
SHP10193,2024-03-25,Chennai,Delhi,DHL,830.88,12.04,3.36,4788.53,Cancelled,5.76,3,0,0.5676,0.2956,0.6344,0.4711,0.6046,-0.3683,0.9207,0.5639
SHP10140,2024-12-03,Bengaluru,Kolkata,DHL,703.18,16.57,0.5,3525.23,Delivered,5.01,12,0,0.4788,0.4097,0.4623,0.0,0.1738,0.0826,0.0851,-1.5293
SHP10416,2024-09-28,Pune,Delhi,FedEx,882.73,0.71,3.56,3516.68,Delivered,3.98,9,0,0.6037,0.0103,0.4611,0.504,0.7795,-1.4958,0.0794,0.7103
SHP10660,2024-07-17,Mumbai,Nagpur,FedEx,455.68,13.575,2.24,2944.23,Delayed,6.46,7,1,0.3066,0.3342,0.3832,0.2866,-0.6612,-0.2155,-0.2993,-0.2558
SHP10476,2024-11-25,Delhi,Kolkata,Blue Dart,427.06,12.12,1.61,1959.34,Delivered,4.59,11,0,0.2867,0.2976,0.2491,0.1828,-0.7577,-0.3603,-0.9508,-0.7169
SHP10714,2024-08-01,Hyderabad,Mumbai,Delhivery,949.22,19.44,5.76,4092.69,Delivered,4.31,8,0,0.6499,0.4819,0.5396,0.8664,1.0038,0.3682,0.4604,2.3204
SHP10152,2024-05-05,Nagpur,Ahmedabad,DHL,304.97,22.12,0.6,1622.24,Delivered,5.32,5,0,0.2017,0.5494,0.2032,0.0165,-1.1696,0.6349,-1.1737,-1.4561
SHP10849,2024-10-05,Bengaluru,Ahmedabad,Delhivery,784.54,32.29,2.91,4104.87,Delivered,5.23,10,0,0.5354,0.8055,0.5413,0.397,0.4482,1.647,0.4685,0.2345
SHP10913,2024-09-03,Bengaluru,Chennai,FedEx,328.61,19.53,2.0,1443.3,Delivered,4.39,9,0,0.2182,0.4842,0.1788,0.2471,-1.0899,0.3772,-1.2921,-0.4315
SHP10010,2024-09-13,Chennai,Nagpur,Blue Dart,1039.77,13.575,3.95,4124.72,Delivered,3.97,9,0,0.7129,0.3342,0.544,0.5683,1.3093,-0.2155,0.4816,0.9957
SHP10269,2024-06-05,Jaipur,Nagpur,DHL,643.79,8.15,2.4,3677.77,Delivered,5.71,6,0,0.4375,0.1977,0.4831,0.313,-0.0266,-0.7554,0.186,-0.1387
SHP10096,2024-05-15,Mumbai,Bengaluru,DHL,797.23,29.97,3.52,5428.21,In Transit,6.81,5,0,0.5442,0.747,0.7215,0.4974,0.4911,1.4161,1.3438,0.681
SHP10210,2024-03-23,Bengaluru,Nagpur,DHL,666.95,3.97,0.51,2926.17,Delivered,4.39,3,0,0.4536,0.0924,0.3807,0.0016,0.0515,-1.1714,-0.3112,-1.522
SHP10999,2024-04-29,Chennai,Ahmedabad,FedEx,720.38,7.77,1.32,3170.16,Delivered,4.4,4,0,0.4907,0.1881,0.414,0.1351,0.2318,-0.7932,-0.1498,-0.9292
SHP10752,2024-12-12,Chennai,Hyderabad,UPS,216.11,19.1,1.91,1302.21,In Transit,6.03,12,0,0.1399,0.4734,0.1596,0.2322,-1.4694,0.3344,-1.3854,-0.4974
SHP10569,2024-03-23,Jaipur,Ahmedabad,Blue Dart,1085.26,22.99,4.24,6100.57,Delivered,5.62,3,0,0.7446,0.5713,0.813,0.616,1.4628,0.7215,1.7886,1.208
SHP10813,2024-01-03,Ahmedabad,Pune,FedEx,741.13,19.74,1.34,4683.16,Cancelled,6.32,1,0,0.5052,0.4895,0.62,0.1384,0.3018,0.398,0.851,-0.9145
SHP10775,2024-01-17,Jaipur,Hyderabad,Blue Dart,630.23,21.0,2.11,3300.9300000000003,Delivered,5.24,1,0,0.428,0.5212,0.4318,0.2652,-0.0723,0.5234,-0.0633,-0.351
SHP10871,2024-03-10,Mumbai,Jaipur,DHL,546.39,5.73,1.68,3227.0,Delivered,5.91,3,0,0.3697,0.1367,0.4217,0.1944,-0.3552,-0.9962,-0.1122,-0.6657
SHP10548,2024-01-20,Nagpur,Pune,Blue Dart,174.42,13.65,1.47,7473.45125,Delivered,42.85,1,0,0.1109,0.3361,1.0,0.1598,-1.6101,-0.208,2.6967,-0.8194
SHP10958,2024-04-26,Ahmedabad,Chennai,UPS,448.39,10.75,4.37,3300.9300000000003,Delivered,7.36,4,0,0.3015,0.2631,0.4318,0.6374,-0.6858,-0.4966,-0.0633,1.3031
SHP10532,2024-04-09,Kolkata,Hyderabad,DHL,620.88,34.16,3.27,3997.44,Delivered,6.44,4,0,0.4215,0.8525,0.5266,0.4562,-0.1039,1.8331,0.3974,0.498
SHP10948,2024-06-03,Hyderabad,Pune,Delhivery,769.19,7.49,3.33,3514.02,Delivered,4.57,6,0,0.5247,0.181,0.4608,0.4661,0.3965,-0.8211,0.0776,0.5419
SHP10332,2024-03-04,Ahmedabad,Mumbai,UPS,74.96,4.73,0.5,448.73,In Transit,5.99,3,0,0.0417,0.1115,0.0433,0.0,-1.9456,-1.0957,-1.95,-1.5293
SHP10075,2024-03-25,Bengaluru,Delhi,Delhivery,733.44,15.03,1.31,3908.99,Delivered,5.33,3,0,0.4998,0.3709,0.5146,0.1334,0.2759,-0.0707,0.3389,-0.9365
SHP10712,2024-11-13,Pune,Chennai,DHL,801.98,11.56,2.545,4347.48,Delayed,5.42,11,1,0.5475,0.2835,0.5743,0.3368,0.5071,-0.416,0.629,-0.0326
SHP10077,2024-08-20,Jaipur,Kolkata,FedEx,1185.55,28.84,5.38,6311.98,Delivered,5.32,8,0,0.8144,0.7186,0.8418,0.8038,1.8011,1.3037,1.9284,2.0423
SHP10263,2024-07-03,Jaipur,Ahmedabad,Blue Dart,736.07,1.73,4.36,3333.42,Delivered,4.53,7,0,0.5017,0.036,0.4362,0.6358,0.2847,-1.3943,-0.0418,1.2958
SHP10149,2024-09-24,Mumbai,Hyderabad,UPS,241.92,3.36,2.09,1297.06,Cancelled,5.36,9,0,0.1579,0.077,0.1589,0.2619,-1.3823,-1.2321,-1.3888,-0.3656
SHP10947,2024-12-30,Nagpur,Hyderabad,Delhivery,170.02,22.81,1.96,1142.51,Delayed,6.72,12,1,0.1078,0.5668,0.1378,0.2405,-1.6249,0.7036,-1.4911,-0.4608
SHP10514,2024-04-18,Delhi,Ahmedabad,Blue Dart,1224.14,10.67,5.31,5206.16,Delivered,4.25,4,0,0.8412,0.2611,0.6912,0.7923,1.9313,-0.5046,1.197,1.9911
SHP10955,2024-07-21,Kolkata,Mumbai,DHL,266.48,15.98,0.5,1838.7,Delivered,6.9,7,0,0.175,0.3948,0.2326,0.0,-1.2995,0.0239,-1.0306,-1.5293
SHP10469,2024-12-01,Kolkata,Delhi,DHL,1201.85,17.76,4.11,5880.11,Delayed,4.89,12,1,0.8257,0.4396,0.783,0.5946,1.8561,0.201,1.6428,1.1128
SHP10564,2024-10-21,Kolkata,Jaipur,FedEx,252.8,6.84,0.5,1487.6,Delivered,5.88,10,0,0.1654,0.1647,0.1848,0.0,-1.3456,-0.8858,-1.2628,-1.5293
SHP10774,2024-04-23,Delhi,Jaipur,UPS,402.89,18.62,2.99,2059.59,In Transit,5.11,4,0,0.2699,0.4613,0.2627,0.4101,-0.8393,0.2866,-0.8844,0.2931
SHP10461,2024-08-02,Chennai,Ahmedabad,UPS,404.28,26.48,1.98,2172.35,Delivered,5.37,8,0,0.2708,0.6592,0.2781,0.2438,-0.8346,1.0688,-0.8098,-0.4461
SHP10253,2024-02-12,Hyderabad,Jaipur,UPS,485.58,30.53,2.95,2325.35,In Transit,4.79,2,0,0.3274,0.7611,0.2989,0.4035,-0.5603,1.4719,-0.7086,0.2638
SHP10968,2024-03-15,Jaipur,Mumbai,FedEx,851.83,21.13,4.74,3945.66,In Transit,4.63,3,0,0.5822,0.5245,0.5196,0.6984,0.6753,0.5364,0.3632,1.5739
SHP10771,2024-12-20,Jaipur,Delhi,FedEx,492.54,2.9,2.8,2729.3,Cancelled,5.54,12,0,0.3322,0.0655,0.3539,0.3788,-0.5368,-1.2779,-0.4414,0.154
SHP10845,2024-06-08,Nagpur,Ahmedabad,UPS,221.99,15.95,0.5,1312.17,Delivered,5.91,6,0,0.144,0.394,0.1609,0.0,-1.4496,0.0209,-1.3788,-1.5293
SHP10369,2024-12-06,Delhi,Chennai,Blue Dart,1050.91,15.94,5.87,6050.05,Cancelled,5.76,12,0,0.7207,0.3938,0.8062,0.8845,1.3469,0.0199,1.7552,2.4009
SHP10321,2024-04-12,Nagpur,Chennai,Blue Dart,456.54,17.17,0.91,2043.87,Delivered,4.48,4,0,0.3072,0.4248,0.2606,0.0675,-0.6583,0.1423,-0.8948,-1.2293
SHP10695,2024-06-15,Kolkata,Delhi,UPS,646.74,3.93,2.3,3381.97,Delivered,5.23,6,0,0.4395,0.0914,0.4428,0.2965,-0.0166,-1.1754,-0.0097,-0.2119
SHP10151,2024-03-06,Hyderabad,Bengaluru,UPS,238.1,17.02,0.93,1511.08,Delivered,6.35,3,0,0.1552,0.421,0.188,0.0708,-1.3952,0.1274,-1.2473,-1.2146
SHP10964,2024-12-16,Ahmedabad,Mumbai,FedEx,1132.89,12.16,4.94,5465.56,Delivered,4.82,12,0,0.7777,0.2986,0.7266,0.7313,1.6234,-0.3563,1.3686,1.7203
SHP10302,2024-09-08,Nagpur,Jaipur,DHL,414.72,13.575,1.57,1791.02,Delayed,4.32,9,1,0.2781,0.3342,0.2261,0.1762,-0.7994,-0.2155,-1.0621,-0.7462
SHP10190,2024-09-24,Ahmedabad,Kolkata,Delhivery,465.14,4.41,2.59,2250.86,Delivered,4.84,9,0,0.3132,0.1035,0.2888,0.3442,-0.6293,-1.1276,-0.7579,0.0003
SHP10586,2024-08-22,Nagpur,Bengaluru,Delhivery,494.66,12.76,1.07,2225.2,Delayed,4.5,8,1,0.3337,0.3137,0.2853,0.0939,-0.5297,-0.2966,-0.7749,-1.1122
SHP10348,2024-08-10,Delhi,Jaipur,DHL,1071.04,10.11,2.545,5420.76,Delivered,5.06,8,0,0.7347,0.247,0.7205,0.3368,1.4148,-0.5603,1.3389,-0.0326
SHP10243,2024-12-22,Pune,Hyderabad,Delhivery,734.35,7.35,2.545,7473.45125,Delivered,10.18,12,0,0.5005,0.1775,1.0,0.3368,0.2789,-0.835,2.6967,-0.0326
SHP10793,2024-09-09,Nagpur,Jaipur,Blue Dart,520.39,40.01625,2.63,3982.1,Delivered,7.65,9,0,0.3516,1.0,0.5245,0.3508,-0.4429,2.4159,0.3873,0.0296
SHP10087,2024-09-22,Kolkata,Chennai,Blue Dart,922.58,13.66,4.03,5014.05,Returned,5.43,9,1,0.6314,0.3364,0.6651,0.5814,0.9139,-0.207,1.0699,1.0543
SHP10751,2024-10-12,Mumbai,Jaipur,DHL,253.53,11.11,0.5,1502.85,Delivered,5.93,10,0,0.1659,0.2722,0.1869,0.0,-1.3432,-0.4608,-1.2527,-1.5293
SHP10655,2024-03-22,Nagpur,Jaipur,UPS,537.38,25.02,1.87,2542.75,Delivered,4.73,3,0,0.3634,0.6224,0.3285,0.2257,-0.3856,0.9235,-0.5648,-0.5266
SHP10924,2024-03-02,Mumbai,Chennai,FedEx,841.09,5.32,3.26,3784.75,In Transit,4.5,3,0,0.5747,0.1264,0.4977,0.4546,0.639,-1.037,0.2567,0.4907
SHP10418,2024-05-29,Chennai,Delhi,Delhivery,623.53,26.72,1.52,3460.58,Delivered,5.55,5,0,0.4234,0.6652,0.4535,0.168,-0.0949,1.0927,0.0423,-0.7828
SHP10288,2024-02-13,Pune,Kolkata,UPS,978.82,20.27,2.87,4155.82,In Transit,4.25,2,0,0.6705,0.5028,0.5482,0.3904,1.1037,0.4508,0.5022,0.2053
SHP10648,2024-07-12,Ahmedabad,Delhi,DHL,628.92,3.47,4.43,2965.79,Delivered,4.72,7,0,0.4271,0.0798,0.3861,0.6473,-0.0768,-1.2211,-0.285,1.347
SHP10166,2024-12-26,Delhi,Hyderabad,Delhivery,942.15,13.42,4.27,5254.64,Delivered,5.58,12,0,0.645,0.3303,0.6978,0.621,0.98,-0.2309,1.229,1.2299
SHP10595,2024-06-18,Jaipur,Pune,Blue Dart,703.26,13.57,2.31,4195.91,Cancelled,5.97,6,0,0.4788,0.3341,0.5536,0.2981,0.174,-0.216,0.5287,-0.2046
SHP10952,2024-03-07,Pune,Nagpur,Delhivery,349.51,11.41,2.46,1921.29,In Transit,5.5,3,0,0.2327,0.2797,0.2439,0.3228,-1.0194,-0.431,-0.9759,-0.0948
SHP10155,2024-09-17,Hyderabad,Mumbai,DHL,598.88,1.21,2.7,2949.98,Delivered,4.93,9,0,0.4062,0.0229,0.384,0.3624,-0.1781,-1.4461,-0.2955,0.0808
SHP10356,2024-04-06,Nagpur,Ahmedabad,DHL,231.85,7.86,2.545,1493.13,Delivered,6.44,4,0,0.1509,0.1904,0.1856,0.3368,-1.4163,-0.7842,-1.2591,-0.0326
SHP10381,2024-04-11,Mumbai,Pune,DHL,606.55,4.04,1.98,2823.13,Delivered,4.65,4,0,0.4115,0.0942,0.3667,0.2438,-0.1522,-1.1644,-0.3794,-0.4461
SHP10279,2024-12-21,Chennai,Pune,FedEx,684.16,27.87,3.07,3857.48,Returned,5.64,12,1,0.4655,0.6942,0.5076,0.4233,0.1096,1.2071,0.3048,0.3516
SHP10126,2024-10-19,Nagpur,Delhi,DHL,1115.56,31.35,3.93,5719.15,Cancelled,5.13,10,0,0.7657,0.7818,0.7611,0.565,1.565,1.5535,1.5363,0.9811
SHP10707,2024-01-23,Bengaluru,Ahmedabad,Delhivery,1132.89,8.35,2.545,5764.97,Cancelled,5.09,1,0,0.7777,0.2027,0.7673,0.3368,1.6234,-0.7355,1.5666,-0.0326
SHP10777,2024-09-07,Hyderabad,Kolkata,FedEx,468.31,13.61,0.59,1833.05,Delivered,3.91,9,0,0.3154,0.3351,0.2319,0.0148,-0.6186,-0.212,-1.0343,-1.4635
SHP10022,2024-01-03,Bengaluru,Jaipur,DHL,603.65,7.36,2.59,2361.67,Delivered,3.91,1,0,0.4095,0.1778,0.3039,0.3442,-0.162,-0.834,-0.6846,0.0003
SHP10616,2024-08-15,Delhi,Bengaluru,Delhivery,1265.54,3.27,5.42,5193.27,Delivered,4.1,8,0,0.87,0.0748,0.6895,0.8104,2.071,-1.241,1.1884,2.0716
SHP10665,2024-02-21,Nagpur,Chennai,DHL,647.77,2.23,3.85,3581.91,Returned,5.53,2,1,0.4402,0.0486,0.47,0.5518,-0.0132,-1.3445,0.1226,0.9225
SHP10282,2024-07-14,Bengaluru,Pune,Blue Dart,969.79,17.72,3.82,4833.73,Delivered,4.98,7,0,0.6643,0.4386,0.6405,0.5468,1.0732,0.197,0.9506,0.9006
SHP10903,2024-01-20,Mumbai,Delhi,Blue Dart,299.45,21.81,0.9,1900.96,Delivered,6.35,1,0,0.1979,0.5416,0.2411,0.0659,-1.1882,0.6041,-0.9894,-1.2366
SHP10471,2024-07-19,Bengaluru,Kolkata,FedEx,637.31,6.43,2.72,3399.55,Delivered,5.33,7,0,0.4329,0.1543,0.4452,0.3657,-0.0484,-0.9266,0.0019,0.0955
SHP10738,2024-06-09,Jaipur,Hyderabad,UPS,1111.96,8.0,3.6,5111.1,Delivered,4.6,6,0,0.7632,0.1939,0.6783,0.5106,1.5528,-0.7703,1.1341,0.7395
SHP10367,2024-12-15,Jaipur,Pune,UPS,439.6,17.26,1.13,2742.74,In Transit,6.24,12,0,0.2954,0.427,0.3557,0.1038,-0.7154,0.1512,-0.4325,-1.0682
SHP10025,2024-11-30,Jaipur,Pune,DHL,1201.07,40.01625,5.15,7473.45125,Delivered,6.22,11,0,0.8252,1.0,1.0,0.7659,1.8535,2.4159,2.6967,1.874
SHP10196,2024-07-16,Jaipur,Hyderabad,DHL,640.01,4.57,1.29,2745.94,Returned,4.29,7,1,0.4348,0.1075,0.3562,0.1301,-0.0393,-1.1117,-0.4304,-0.9511
SHP10064,2024-07-19,Pune,Hyderabad,Blue Dart,337.82,0.71,0.95,1692.35,Delivered,5.01,7,0,0.2246,0.0103,0.2127,0.0741,-1.0588,-1.4958,-1.1274,-1.2
SHP10015,2024-08-12,Kolkata,Delhi,FedEx,339.3,13.575,1.64,1856.74,Delivered,5.47,8,0,0.2256,0.3342,0.2351,0.1878,-1.0538,-0.2155,-1.0186,-0.695
SHP10466,2024-05-06,Chennai,Ahmedabad,DHL,877.14,24.47,4.69,4287.35,Delivered,4.89,5,0,0.5998,0.6086,0.5661,0.6901,0.7606,0.8688,0.5892,1.5373
SHP10297,2024-01-26,Mumbai,Kolkata,Blue Dart,556.51,7.02,3.28,2870.26,In Transit,5.16,1,0,0.3767,0.1692,0.3731,0.4579,-0.321,-0.8678,-0.3482,0.5053
SHP10883,2024-04-06,Pune,Ahmedabad,DHL,1043.28,7.6,4.84,4101.58,Delivered,3.93,4,0,0.7154,0.1838,0.5408,0.7148,1.3211,-0.8101,0.4663,1.6471
SHP10621,2024-03-17,Pune,Kolkata,Blue Dart,1035.8,11.27,5.04,6004.46,Delivered,5.8,3,0,0.7102,0.2762,0.7999,0.7478,1.2959,-0.4449,1.725,1.7935
SHP10336,2024-06-23,Ahmedabad,Delhi,UPS,976.24,24.38,5.04,3883.45,In Transit,3.98,6,0,0.6687,0.6063,0.5111,0.7478,1.095,0.8598,0.322,1.7935
SHP10820,2024-02-06,Jaipur,Pune,Blue Dart,602.35,4.34,0.68,3236.81,Delivered,5.37,2,0,0.4086,0.1017,0.423,0.0296,-0.1664,-1.1346,-0.1057,-1.3976
SHP10026,2024-07-07,Kolkata,Delhi,DHL,537.15,12.0,1.88,2244.15,Delivered,4.18,7,0,0.3633,0.2946,0.2878,0.2273,-0.3863,-0.3722,-0.7624,-0.5193
SHP10588,2024-12-07,Jaipur,Hyderabad,UPS,860.31,28.53,2.48,3889.03,In Transit,4.52,12,0,0.5881,0.7108,0.5119,0.3261,0.7039,1.2728,0.3257,-0.0802
SHP10043,2024-01-26,Mumbai,Ahmedabad,FedEx,471.68,3.14,2.69,3300.9300000000003,Delivered,7.0,1,0,0.3177,0.0715,0.4318,0.3607,-0.6072,-1.254,-0.0633,0.0735
SHP10497,2024-11-06,Kolkata,Ahmedabad,Blue Dart,657.73,15.31,3.42,3434.5,Delivered,5.22,11,0,0.4472,0.3779,0.45,0.481,0.0204,-0.0428,0.025,0.6078
SHP10792,2024-07-30,Mumbai,Hyderabad,DHL,1067.85,13.51,5.86,4882.99,Delivered,4.57,7,0,0.7325,0.3326,0.6472,0.8828,1.404,-0.222,0.9832,2.3936
SHP10515,2024-10-05,Bengaluru,Delhi,FedEx,679.91,11.18,1.74,3299.53,Returned,4.85,10,1,0.4626,0.2739,0.4316,0.2042,0.0953,-0.4538,-0.0642,-0.6218
SHP10970,2024-02-06,Kolkata,Bengaluru,Blue Dart,625.16,37.51,0.79,3192.39,Cancelled,5.11,2,0,0.4245,0.9369,0.417,0.0478,-0.0894,2.1665,-0.1351,-1.3171
SHP10561,2024-07-30,Kolkata,Jaipur,DHL,757.14,4.61,3.59,3300.9300000000003,Cancelled,4.36,7,0,0.5163,0.1085,0.4318,0.509,0.3558,-1.1077,-0.0633,0.7322
SHP10917,2024-03-10,Pune,Ahmedabad,DHL,450.47,25.24,0.5,2432.73,Delivered,5.4,3,0,0.303,0.628,0.3135,0.0,-0.6788,0.9454,-0.6376,-1.5293
SHP10454,2024-01-13,Pune,Hyderabad,FedEx,714.71,12.91,2.92,3147.39,In Transit,4.4,1,0,0.4868,0.3175,0.4109,0.3986,0.2127,-0.2817,-0.1649,0.2419
SHP10387,2024-04-13,Delhi,Chennai,DHL,522.85,7.11,3.65,2620.04,Delayed,5.01,4,1,0.3533,0.1715,0.339,0.5188,-0.4346,-0.8589,-0.5137,0.7761
SHP10071,2024-11-06,Jaipur,Ahmedabad,DHL,401.99,6.78,2.545,2025.13,Delivered,5.04,11,0,0.2692,0.1632,0.258,0.3368,-0.8423,-0.8917,-0.9072,-0.0326
SHP10456,2024-09-20,Bengaluru,Hyderabad,Blue Dart,203.58,27.98,0.5,1559.62,In Transit,7.66,9,0,0.1312,0.6969,0.1946,0.0,-1.5117,1.2181,-1.2152,-1.5293
SHP10633,2024-05-24,Delhi,Mumbai,Blue Dart,504.61,30.44,1.17,2986.04,Delivered,5.92,5,0,0.3406,0.7589,0.3889,0.1104,-0.4961,1.4629,-0.2716,-1.039
SHP10431,2024-02-10,Pune,Kolkata,Delhivery,519.97,18.96,3.06,2852.45,Delivered,5.49,2,0,0.3513,0.4698,0.3707,0.4217,-0.4443,0.3204,-0.36,0.3443
SHP10627,2024-09-26,Kolkata,Ahmedabad,DHL,718.75,14.03,2.7,4524.37,Delivered,6.29,9,0,0.4896,0.3457,0.5984,0.3624,0.2263,-0.1702,0.746,0.0808
SHP10653,2024-03-07,Mumbai,Delhi,UPS,885.08,34.02,4.78,4265.85,Delivered,4.82,3,0,0.6053,0.849,0.5632,0.705,0.7874,1.8192,0.575,1.6032
SHP10728,2024-08-28,Jaipur,Delhi,DHL,478.23,8.58,0.94,2506.67,Delivered,5.24,8,0,0.3223,0.2085,0.3236,0.0725,-0.5851,-0.7126,-0.5887,-1.2073
SHP10264,2024-04-22,Kolkata,Ahmedabad,UPS,591.05,23.83,3.19,3110.39,Delivered,5.26,4,0,0.4008,0.5925,0.4058,0.4431,-0.2045,0.8051,-0.1894,0.4395
SHP10209,2024-10-04,Delhi,Kolkata,UPS,557.29,11.63,2.76,2442.3,Delivered,4.38,10,0,0.3773,0.2853,0.3148,0.3722,-0.3184,-0.4091,-0.6313,0.1247
SHP10316,2024-07-30,Delhi,Nagpur,UPS,874.64,7.56,2.25,4597.59,Delivered,5.26,7,0,0.5981,0.1828,0.6084,0.2882,0.7522,-0.8141,0.7944,-0.2485
SHP10896,2024-02-17,Bengaluru,Delhi,Blue Dart,224.98,4.64,0.5,977.92,In Transit,4.35,2,0,0.1461,0.1093,0.1154,0.0,-1.4395,-1.1047,-1.5999,-1.5293
SHP10513,2024-03-01,Bengaluru,Mumbai,DHL,357.08,11.2,0.5,2019.53,Delivered,5.66,3,0,0.238,0.2744,0.2573,0.0,-0.9938,-0.4519,-0.9109,-1.5293
SHP10313,2024-01-25,Hyderabad,Jaipur,Delhivery,871.8,4.57,4.46,4453.87,Delivered,5.11,1,0,0.5961,0.1075,0.5888,0.6523,0.7426,-1.1117,0.6993,1.369
SHP10534,2024-02-14,Pune,Bengaluru,FedEx,911.75,28.37,2.99,4096.92,Delivered,4.49,2,0,0.6239,0.7068,0.5402,0.4101,0.8774,1.2569,0.4632,0.2931
SHP10829,2024-11-18,Mumbai,Hyderabad,DHL,830.24,39.87,4.43,4893.21,Returned,5.89,11,1,0.5672,0.9963,0.6486,0.6473,0.6024,2.4014,0.99,1.347
SHP10319,2024-06-19,Ahmedabad,Nagpur,FedEx,530.67,17.56,3.9,2430.13,In Transit,4.58,6,0,0.3588,0.4346,0.3132,0.56,-0.4082,0.1811,-0.6393,0.9591
SHP10007,2024-05-29,Jaipur,Hyderabad,Delhivery,310.01,13.575,1.93,1645.43,In Transit,5.31,5,0,0.2052,0.3342,0.2063,0.2355,-1.1526,-0.2155,-1.1584,-0.4827
SHP10393,2024-07-30,Jaipur,Bengaluru,FedEx,266.39,17.93,0.5,1348.53,Delivered,5.06,7,0,0.1749,0.4439,0.1659,0.0,-1.2998,0.2179,-1.3548,-1.5293
SHP10141,2024-04-13,Delhi,Mumbai,FedEx,324.03,17.12,2.77,1374.23,Delivered,4.24,4,0,0.215,0.4235,0.1694,0.3739,-1.1053,0.1373,-1.3378,0.1321
SHP10086,2024-07-29,Jaipur,Bengaluru,Blue Dart,1176.11,12.39,6.571249999999999,6024.62,Delivered,5.12,7,0,0.8078,0.3044,0.8027,1.0,1.7692,-0.3334,1.7384,2.9142
SHP10864,2024-10-20,Hyderabad,Pune,Blue Dart,1013.2,13.575,3.79,5276.22,Delivered,5.21,10,0,0.6945,0.3342,0.7008,0.5419,1.2197,-0.2155,1.2433,0.8786
SHP10478,2024-10-27,Delhi,Pune,FedEx,385.14,8.17,1.18,1501.96,Delivered,3.9,10,0,0.2575,0.1982,0.1868,0.112,-0.8992,-0.7534,-1.2533,-1.0316
SHP10503,2024-06-13,Ahmedabad,Jaipur,Blue Dart,455.12,14.68,1.49,2375.76,Delivered,5.22,6,0,0.3062,0.3621,0.3058,0.1631,-0.6631,-0.1055,-0.6753,-0.8048
SHP10753,2024-05-18,Kolkata,Nagpur,Delhivery,15.0,27.87,1.23,743.71,Delivered,49.58,5,0,0.0,0.6942,0.0835,0.1202,-2.1479,1.2071,-1.7549,-0.9951
SHP10215,2024-01-03,Chennai,Nagpur,Blue Dart,641.59,15.43,2.99,3780.84,Returned,5.89,1,1,0.4359,0.381,0.4971,0.4101,-0.034,-0.0309,0.2541,0.2931
SHP10580,2024-02-15,Jaipur,Nagpur,Blue Dart,1452.3899999999999,14.96,5.87,7280.59,In Transit,5.01,2,0,1.0,0.3691,0.9737,0.8845,2.7013,-0.0777,2.5692,2.4009
SHP10562,2024-10-03,Jaipur,Kolkata,DHL,630.45,39.09,2.86,3764.66,Delivered,5.97,10,0,0.4282,0.9767,0.4949,0.3887,-0.0716,2.3238,0.2434,0.1979
SHP10398,2024-07-08,Bengaluru,Hyderabad,DHL,219.73,6.95,1.23,1426.76,In Transit,6.49,7,0,0.1424,0.1674,0.1765,0.1202,-1.4572,-0.8748,-1.303,-0.9951
SHP10925,2024-01-13,Hyderabad,Jaipur,Blue Dart,760.68,27.94,2.1,4355.94,In Transit,5.73,1,0,0.5188,0.6959,0.5754,0.2635,0.3678,1.2141,0.6346,-0.3583
SHP10668,2024-01-09,Nagpur,Ahmedabad,UPS,764.95,40.01625,2.45,4565.77,In Transit,5.97,1,0,0.5217,1.0,0.604,0.3212,0.3822,2.4159,0.7734,-0.1021
SHP10490,2024-09-13,Kolkata,Nagpur,DHL,255.3,6.58,0.5,1260.34,Delivered,4.94,9,0,0.1672,0.1581,0.1539,0.0,-1.3372,-0.9116,-1.4131,-1.5293
SHP10252,2024-09-02,Mumbai,Chennai,DHL,1063.32,13.31,5.02,4744.63,Delivered,4.46,9,0,0.7293,0.3276,0.6284,0.7445,1.3887,-0.2419,0.8917,1.7788
SHP10907,2024-09-26,Chennai,Jaipur,DHL,184.4,13.575,0.5,1346.17,Delivered,7.3,9,0,0.1179,0.3342,0.1656,0.0,-1.5764,-0.2155,-1.3564,-1.5293
SHP10468,2024-04-16,Delhi,Bengaluru,Delhivery,484.75,38.85,4.67,2940.3,Delivered,6.07,4,0,0.3268,0.9706,0.3827,0.6868,-0.5631,2.2999,-0.3019,1.5227
SHP10914,2024-03-12,Chennai,Kolkata,UPS,879.29,40.01625,2.53,5517.58,Delayed,6.28,3,1,0.6013,1.0,0.7336,0.3344,0.7679,2.4159,1.403,-0.0436
SHP10357,2024-05-25,Mumbai,Kolkata,DHL,847.05,7.14,1.8,3481.6,In Transit,4.11,5,0,0.5789,0.1722,0.4564,0.2141,0.6591,-0.8559,0.0562,-0.5779
SHP10254,2024-08-21,Nagpur,Kolkata,Blue Dart,921.58,13.575,3.9,5625.76,Delivered,6.1,8,0,0.6307,0.3342,0.7484,0.56,0.9106,-0.2155,1.4745,0.9591
SHP10276,2024-10-21,Hyderabad,Pune,DHL,474.39,9.86,3.74,1957.47,Returned,4.13,10,1,0.3196,0.2407,0.2488,0.5337,-0.5981,-0.5852,-0.952,0.842
SHP10178,2024-07-23,Jaipur,Kolkata,DHL,979.76,20.94,2.89,4187.23,In Transit,4.27,7,0,0.6712,0.5197,0.5525,0.3937,1.1068,0.5175,0.523,0.2199
SHP10281,2024-10-03,Bengaluru,Pune,Blue Dart,600.87,9.39,1.94,2909.06,Delivered,4.84,10,0,0.4076,0.2289,0.3784,0.2372,-0.1714,-0.632,-0.3225,-0.4754
SHP10390,2024-04-28,Pune,Chennai,DHL,675.8,0.84,3.57,2499.39,Delivered,3.7,4,0,0.4597,0.0136,0.3226,0.5057,0.0814,-1.4829,-0.5935,0.7176
SHP10508,2024-09-28,Bengaluru,Ahmedabad,Delhivery,649.81,17.3,2.09,3603.11,Delivered,5.54,9,0,0.4416,0.428,0.4729,0.2619,-0.0063,0.1552,0.1366,-0.3656
SHP10749,2024-04-27,Delhi,Bengaluru,DHL,15.0,20.16,0.5,561.32,Delivered,37.42,4,0,0.0,0.5,0.0587,0.0,-2.1479,0.4398,-1.8755,-1.5293
SHP10583,2024-12-06,Jaipur,Mumbai,DHL,994.55,6.2,2.545,5486.06,Delayed,5.52,12,1,0.6815,0.1486,0.7293,0.3368,1.1567,-0.9495,1.3821,-0.0326
SHP10972,2024-06-25,Mumbai,Ahmedabad,Delhivery,1121.0,31.43,2.545,5087.21,Delayed,4.54,6,1,0.7695,0.7838,0.675,0.3368,1.5833,1.5614,1.1183,-0.0326
SHP10129,2024-12-07,Delhi,Pune,Delhivery,828.07,36.34,3.69,4462.73,Delivered,5.39,12,0,0.5657,0.9074,0.59,0.5254,0.5951,2.0501,0.7052,0.8054
SHP10144,2024-03-04,Chennai,Nagpur,UPS,948.65,26.09,3.59,4140.21,In Transit,4.36,3,0,0.6495,0.6494,0.5461,0.509,1.0019,1.03,0.4919,0.7322
SHP10960,2024-11-27,Nagpur,Bengaluru,FedEx,144.46,21.85,1.65,1019.89,Delivered,7.06,11,0,0.0901,0.5426,0.1211,0.1894,-1.7111,0.608,-1.5722,-0.6877
SHP10847,2024-09-02,Jaipur,Hyderabad,Blue Dart,738.0,5.57,3.08,3798.94,Delivered,5.15,9,0,0.503,0.1327,0.4996,0.425,0.2912,-1.0121,0.2661,0.359
SHP10645,2024-10-07,Bengaluru,Mumbai,FedEx,397.81,17.25,1.07,2094.31,In Transit,5.26,10,0,0.2663,0.4268,0.2674,0.0939,-0.8564,0.1502,-0.8615,-1.1122
SHP10715,2024-09-12,Jaipur,Bengaluru,Delhivery,658.04,27.57,2.38,4075.41,Delivered,6.19,9,0,0.4474,0.6866,0.5372,0.3097,0.0215,1.1773,0.449,-0.1534
SHP10905,2024-12-27,Hyderabad,Chennai,UPS,388.75,40.01625,1.14,2615.82,In Transit,6.73,12,0,0.26,1.0,0.3385,0.1054,-0.887,2.4159,-0.5165,-1.0609
SHP10767,2024-12-09,Ahmedabad,Bengaluru,DHL,785.92,13.19,3.12,4386.79,Returned,5.58,12,1,0.5363,0.3246,0.5796,0.4315,0.4529,-0.2538,0.655,0.3882
SHP10072,2024-05-31,Pune,Bengaluru,Delhivery,964.75,5.58,3.64,4437.39,Delivered,4.6,5,0,0.6607,0.1329,0.5865,0.5172,1.0562,-1.0112,0.6884,0.7688
SHP10908,2024-08-20,Nagpur,Hyderabad,UPS,299.43,4.8,1.41,3300.9300000000003,Delivered,11.02,8,0,0.1979,0.1133,0.4318,0.1499,-1.1883,-1.0888,-0.0633,-0.8633
SHP10235,2024-12-19,Chennai,Nagpur,FedEx,992.08,13.45,1.75,5127.18,In Transit,5.17,12,0,0.6798,0.3311,0.6805,0.2059,1.1484,-0.2279,1.1447,-0.6145
SHP10037,2024-06-03,Delhi,Hyderabad,Blue Dart,426.92,6.52,1.72,2682.6,Returned,6.28,6,1,0.2866,0.1566,0.3476,0.2009,-0.7582,-0.9176,-0.4723,-0.6364
